date,country,region,income_level,subsidy_level,petrol_usd_liter,diesel_usd_liter,lpg_usd_liter,brent_crude_usd,tax_percentage
2020-01-05,India,Europe,High,Low,2.191,1.928,1.466,93.92,25.95
2020-01-12,India,North America,High,Medium,2.498,2.239,1.575,93.32,37.85
2020-01-19,India,Asia,High,High,1.827,1.615,1.094,81.49,19.0
2020-01-26,India,Oceania,High,Low,2.524,2.095,1.506,101.6,28.81
2020-02-02,India,Asia,Upper Middle,Medium,1.368,1.21,0.981,73.12,5.56
2020-02-09,India,Oceania,Lower Middle,Low,2.29,1.823,1.45,104.56,14.06
2020-02-16,India,North America,Upper Middle,Medium,1.621,1.533,1.105,84.06,6.1
2020-02-23,India,Europe,Lower Middle,Medium,1.23,1.029,0.728,61.76,6.58
2020-03-01,India,North America,Lower Middle,High,2.189,2.073,1.368,85.21,38.78
2020-03-08,India,Asia,Lower Middle,High,1.932,1.817,1.322,96.33,11.96
2020-03-15,India,Asia,Lower Middle,High,2.384,2.154,1.618,105.58,27.79
2020-03-22,India,Asia,Lower Middle,Medium,2.199,2.043,1.422,103.23,21.53
2020-03-29,India,Asia,High,Medium,1.422,1.196,0.917,64.16,13.96
2020-04-05,India,Asia,High,Medium,1.564,1.279,0.971,58.36,26.15
2020-04-12,India,Asia,Lower Middle,Low,2.249,2.138,1.453,91.69,35.82
2020-04-19,India,Oceania,Upper Middle,Medium,2.071,1.862,1.355,82.36,33.26
2020-04-26,India,Asia,High,High,1.592,1.436,1.123,88.86,5.02
2020-05-03,India,North America,High,High,1.266,1.19,0.875,57.19,16.82
2020-05-10,India,Oceania,High,High,1.313,1.025,0.748,53.89,13.89
2020-05-17,India,Oceania,High,Low,2.047,1.756,1.28,86.57,22.59
2020-05-24,India,North America,High,Medium,2.325,2.028,1.484,109.14,13.47
2020-05-31,India,Oceania,High,Medium,1.987,1.743,1.265,88.01,23.75
2020-06-07,India,Asia,Lower Middle,Low,1.693,1.596,1.079,63.21,29.89
2020-06-14,India,Oceania,High,Low,1.25,1.337,0.874,70.46,8.97
2020-06-21,India,North America,High,High,1.211,1.256,0.922,64.51,8.26
2020-06-28,India,Europe,Upper Middle,High,1.683,1.572,1.106,88.52,7.94
2020-07-05,India,Asia,Upper Middle,Medium,1.982,1.869,1.239,82.92,29.22
2020-07-12,India,Asia,Lower Middle,Low,2.171,1.837,1.285,89.46,24.89
2020-07-19,India,Europe,Upper Middle,Medium,2.395,2.032,1.321,85.39,39.26
2020-07-26,India,Asia,Lower Middle,High,1.649,1.427,1.068,61.71,30.29
2020-08-02,India,Oceania,Upper Middle,High,1.969,1.543,1.177,66.77,35.92
2020-08-09,India,Oceania,Lower Middle,High,2.016,1.696,1.2,73.11,34.79
2020-08-16,India,Asia,Upper Middle,Low,2.471,2.346,1.541,100.65,37.55
2020-08-23,India,North America,High,High,1.562,1.312,1.02,58.2,29.81
2020-08-30,India,North America,Lower Middle,Medium,2.617,2.53,1.622,102.02,36.96
2020-09-06,India,Oceania,Upper Middle,Medium,2.289,1.886,1.397,103.4,16.83
2020-09-13,India,Europe,Lower Middle,Medium,1.43,1.334,0.841,69.69,10.43
2020-09-20,India,Oceania,High,High,2.117,1.799,1.209,77.44,34.47
2020-09-27,India,Europe,Lower Middle,High,2.539,2.207,1.678,108.17,30.01
2020-10-04,India,North America,High,Medium,2.59,2.253,1.719,107.76,34.26
2020-10-11,India,North America,Upper Middle,High,1.66,1.493,1.159,76.54,13.39
2020-10-18,India,Asia,Upper Middle,High,1.645,1.524,1.003,75.18,13.67
2020-10-25,India,Asia,High,Medium,1.221,1.071,0.725,55.51,8.3
2020-11-01,India,Asia,Lower Middle,Medium,1.942,1.845,1.292,86.95,27.23
2020-11-08,India,North America,Lower Middle,Medium,1.996,1.795,1.217,80.06,23.88
2020-11-15,India,Oceania,Upper Middle,Low,2.09,1.823,1.277,88.6,21.04
2020-11-22,India,Europe,High,High,1.778,1.584,1.17,89.09,12.23
2020-11-29,India,North America,Lower Middle,Low,1.291,1.102,0.855,54.27,16.16
2020-12-06,India,Oceania,Upper Middle,High,2.025,1.741,1.231,70.9,37.78
2020-12-13,India,Asia,High,Low,2.398,2.171,1.478,109.43,19.44
2020-12-20,India,Oceania,Lower Middle,Medium,1.865,1.626,1.107,83.71,13.35
2020-12-27,India,Asia,Upper Middle,High,1.865,1.748,1.187,69.2,36.34
2021-01-03,India,Oceania,Lower Middle,Medium,1.916,1.673,1.32,87.91,20.7
2021-01-10,India,Europe,High,Low,1.508,1.272,0.855,55.47,22.3
2021-01-17,India,Asia,Lower Middle,Low,2.091,1.835,1.277,82.75,29.7
2021-01-24,India,Oceania,Upper Middle,High,2.477,2.175,1.465,99.31,29.72
2021-01-31,India,Europe,Lower Middle,High,1.871,1.792,1.273,85.51,17.26
2021-02-07,India,North America,Upper Middle,Low,1.395,1.284,0.888,56.67,22.24
2021-02-14,India,North America,High,Low,2.263,1.958,1.306,88.95,31.11
2021-02-21,India,Oceania,High,Medium,1.965,1.784,1.264,76.18,33.07
2021-02-28,India,Europe,High,Medium,2.709,2.245,1.602,105.48,37.17
2021-03-07,India,Asia,High,Medium,2.185,2.135,1.346,85.06,36.54
2021-03-14,India,Oceania,Upper Middle,Medium,1.516,1.301,0.994,73.3,13.03
2021-03-21,India,Europe,High,High,1.771,1.603,1.182,68.57,33.48
2021-03-28,India,North America,Lower Middle,High,2.37,2.046,1.411,106.43,19.58
2021-04-04,India,Oceania,High,Medium,2.582,2.271,1.524,98.63,39.55
2021-04-11,India,Europe,High,Medium,2.311,1.986,1.528,99.75,24.92
2021-04-18,India,Europe,High,Low,2.51,2.154,1.565,96.14,38.07
2021-04-25,India,North America,High,Medium,1.491,1.272,0.753,65.09,14.62
2021-05-02,India,Europe,Lower Middle,Medium,2.285,2.103,1.465,101.13,24.32
2021-05-09,India,Asia,High,Low,1.679,1.423,0.913,51.73,31.43
2021-05-16,India,Oceania,Upper Middle,Medium,2.075,1.787,1.316,86.49,27.28
2021-05-23,India,North America,High,Medium,2.142,1.728,1.342,77.05,36.87
2021-05-30,India,North America,High,Medium,1.928,1.672,1.203,96.14,7.32
2021-06-06,India,North America,High,Medium,1.882,1.57,1.164,88.0,13.41
2021-06-13,India,Europe,Lower Middle,Low,1.757,1.591,1.151,90.05,11.03
2021-06-20,India,Asia,Upper Middle,High,2.03,1.71,1.213,82.92,23.7
2021-06-27,India,Europe,High,Medium,2.237,2.086,1.414,97.96,26.98
2021-07-04,India,Asia,Lower Middle,High,2.438,2.155,1.558,109.18,23.78
2021-07-11,India,North America,High,Medium,1.344,1.111,0.78,52.2,13.84
2021-07-18,India,North America,Lower Middle,Low,1.546,1.314,0.99,51.83,35.35
2021-07-25,India,Oceania,Upper Middle,Low,1.457,1.266,0.938,69.32,12.4
2021-08-01,India,Asia,High,High,2.216,2.006,1.534,90.75,32.62
2021-08-08,India,Oceania,High,Low,1.726,1.465,1.083,72.73,16.81
2021-08-15,India,Europe,Lower Middle,High,1.994,1.598,1.255,69.82,37.68
2021-08-22,India,Europe,Upper Middle,Medium,1.41,1.271,0.906,65.47,10.98
2021-08-29,India,Europe,Lower Middle,Medium,1.796,1.541,1.135,66.8,31.93
2021-09-05,India,Asia,Lower Middle,High,1.642,1.563,1.204,86.64,15.1
2021-09-12,India,Oceania,High,Low,2.065,1.539,1.137,85.63,17.92
2021-09-19,India,Oceania,Upper Middle,High,1.17,1.015,0.7,58.33,5.09
2021-09-26,India,North America,Lower Middle,Low,2.057,1.731,1.231,70.93,37.53
2021-10-03,India,North America,High,Low,1.988,1.746,1.277,97.72,12.06
2021-10-10,India,Asia,Lower Middle,Low,2.386,1.914,1.399,88.03,36.78
2021-10-17,India,Oceania,Upper Middle,Low,2.204,1.945,1.209,87.45,23.89
2021-10-24,India,Asia,High,Low,1.814,1.631,1.043,73.03,24.02
2021-10-31,India,Oceania,Lower Middle,Low,2.135,1.81,1.296,87.2,23.67
2021-11-07,India,North America,High,High,2.28,1.997,1.429,92.42,32.25
2021-11-14,India,North America,High,Medium,2.112,1.829,1.258,99.28,8.87
2021-11-21,India,Asia,High,Low,1.984,1.727,1.3,74.54,32.02
2021-11-28,India,Europe,High,Low,2.317,1.981,1.388,107.54,16.99
2021-12-05,India,North America,Upper Middle,Low,1.772,1.39,0.971,59.2,25.52
2021-12-12,India,Oceania,High,High,1.929,1.786,1.28,92.43,10.34
2021-12-19,India,North America,Lower Middle,High,1.651,1.45,1.04,56.25,34.42
2021-12-26,India,Asia,Lower Middle,Medium,1.943,1.694,1.224,81.13,25.69
2022-01-02,India,Asia,Upper Middle,High,1.307,0.925,0.759,50.28,16.67
2022-01-09,India,North America,Lower Middle,Medium,2.453,2.149,1.44,105.11,25.55
2022-01-16,India,Oceania,Upper Middle,High,2.39,2.058,1.422,104.89,17.68
2022-01-23,India,Oceania,Lower Middle,High,1.32,1.179,0.807,61.07,15.49
2022-01-30,India,Europe,Lower Middle,Low,1.59,1.602,1.081,70.96,21.39
2022-02-06,India,Asia,Upper Middle,Low,1.95,1.487,1.098,77.2,23.35
2022-02-13,India,North America,Lower Middle,Low,1.354,1.17,0.867,56.18,16.7
2022-02-20,India,North America,High,Low,2.622,2.306,1.7,108.74,34.39
2022-02-27,India,Asia,Lower Middle,Low,1.678,1.541,0.99,63.86,28.52
2022-03-06,India,North America,Lower Middle,Medium,2.273,1.925,1.314,86.19,33.24
2022-03-13,India,Europe,Upper Middle,Low,2.225,1.992,1.39,87.99,30.76
2022-03-20,India,Asia,Lower Middle,Medium,2.166,1.976,1.338,99.51,17.71
2022-03-27,India,Asia,Upper Middle,High,1.938,1.76,1.192,67.67,38.2
2022-04-03,India,North America,Lower Middle,High,1.971,1.716,1.231,79.09,22.94
2022-04-10,India,Asia,Lower Middle,High,1.736,1.54,1.016,58.36,34.22
2022-04-17,India,Europe,Upper Middle,Medium,2.08,1.825,1.316,81.78,33.53
2022-04-24,India,Asia,High,Medium,2.17,1.914,1.269,99.78,12.22
2022-05-01,India,Asia,High,Medium,2.017,1.602,1.161,74.26,31.98
2022-05-08,India,North America,Lower Middle,High,1.463,1.225,0.875,54.97,26.11
2022-05-15,India,Asia,Lower Middle,Low,2.216,2.072,1.416,86.62,38.23
2022-05-22,India,North America,High,High,1.692,1.446,1.052,66.19,23.89
2022-05-29,India,North America,High,High,1.507,1.529,0.957,54.51,30.49
2022-06-05,India,North America,High,Low,1.215,0.963,0.743,54.56,7.72
2022-06-12,India,Oceania,Upper Middle,Low,2.511,2.158,1.513,93.93,33.23
2022-06-19,India,North America,High,Medium,1.749,1.496,1.102,79.37,12.74
2022-06-26,India,North America,Lower Middle,Low,2.363,2.087,1.45,97.72,31.08
2022-07-03,India,Europe,Upper Middle,Low,1.423,1.254,0.896,52.22,25.87
2022-07-10,India,Oceania,Upper Middle,Low,1.799,1.626,1.211,74.27,25.03
2022-07-17,India,North America,High,High,2.188,2.054,1.446,87.55,36.01
2022-07-24,India,Europe,Lower Middle,Low,1.051,1.107,0.643,50.57,6.84
2022-07-31,India,Oceania,Lower Middle,High,2.249,1.835,1.328,96.1,19.62
2022-08-07,India,North America,Upper Middle,Medium,1.461,1.306,0.957,67.78,13.18
2022-08-14,India,Asia,High,Low,2.563,2.207,1.725,107.0,32.52
2022-08-21,India,Asia,Lower Middle,Low,1.967,1.812,1.207,74.09,34.32
2022-08-28,India,North America,Upper Middle,Low,1.389,1.142,0.829,60.59,12.72
2022-09-04,India,Europe,Lower Middle,High,1.964,1.619,1.241,81.1,25.9
2022-09-11,India,Europe,Upper Middle,Medium,1.815,1.689,1.215,91.76,10.39
2022-09-18,India,Asia,Upper Middle,High,1.592,1.452,1.004,55.49,35.71
2022-09-25,India,Asia,Lower Middle,High,1.986,1.71,1.231,101.13,6.24
2022-10-02,India,Oceania,Lower Middle,Medium,1.865,1.506,1.09,65.59,30.32
2022-10-09,India,Oceania,High,High,2.117,1.946,1.393,109.49,7.15
2022-10-16,India,Oceania,Upper Middle,Low,2.516,2.229,1.532,101.87,30.69
2022-10-23,India,Oceania,High,Low,2.473,2.199,1.573,102.04,29.79
2022-10-30,India,North America,Lower Middle,High,2.684,2.223,1.548,102.85,35.51
2022-11-06,India,North America,Lower Middle,Low,1.326,1.277,0.878,50.07,24.47
2022-11-13,India,Oceania,Lower Middle,Medium,1.911,1.793,1.306,88.04,23.9
2022-11-20,India,North America,Lower Middle,Medium,1.96,1.772,1.294,75.93,34.4
2022-11-27,India,Oceania,Upper Middle,Low,1.774,1.487,1.132,59.98,31.98
2022-12-04,India,North America,Upper Middle,Low,2.567,2.426,1.665,101.14,39.66
2022-12-11,India,Oceania,Lower Middle,High,1.388,1.208,0.776,51.33,16.33
2022-12-18,India,North America,Lower Middle,Medium,1.507,1.398,0.901,59.54,21.4
2022-12-25,India,Oceania,Upper Middle,Low,2.263,1.912,1.312,90.83,27.91
2023-01-01,India,Asia,Lower Middle,High,2.04,1.72,1.213,88.31,18.92
2023-01-08,India,Oceania,High,High,2.113,2.082,1.279,92.9,24.7
2023-01-15,India,Oceania,Upper Middle,High,2.527,2.212,1.579,102.12,32.18
2023-01-22,India,Oceania,High,Medium,2.33,1.879,1.37,87.0,32.88
2023-01-29,India,Asia,Upper Middle,High,1.571,1.322,1.008,62.03,22.21
2023-02-05,India,Europe,High,High,1.011,0.908,0.563,50.7,7.54
2023-02-12,India,Europe,Upper Middle,Low,2.275,2.061,1.451,91.7,35.1
2023-02-19,India,North America,High,Medium,2.404,2.194,1.499,96.55,37.94
2023-02-26,India,Asia,High,Medium,1.011,0.944,0.791,51.99,7.75
2023-03-05,India,North America,Lower Middle,Medium,1.565,1.338,0.958,52.47,28.46
2023-03-12,India,Asia,Lower Middle,Low,2.112,1.874,1.259,82.48,29.82
2023-03-19,India,Europe,Lower Middle,Low,2.188,1.943,1.343,89.65,24.36
2023-03-26,India,Europe,Lower Middle,Low,2.029,1.792,1.269,81.58,30.61
2023-04-02,India,Europe,Upper Middle,High,1.783,1.528,1.165,60.93,32.64
2023-04-09,India,North America,Upper Middle,Medium,1.899,1.926,1.228,89.2,16.63
2023-04-16,India,Asia,High,Medium,1.153,1.144,0.757,51.84,14.02
2023-04-23,India,Europe,Upper Middle,High,2.424,2.125,1.635,100.77,27.01
2023-04-30,India,Europe,High,Medium,2.152,1.757,1.314,93.52,22.03
2023-05-07,India,Europe,Upper Middle,Medium,1.756,1.449,1.08,71.55,18.43
2023-05-14,India,Oceania,Upper Middle,Low,1.887,1.531,1.255,87.95,18.05
2023-05-21,India,North America,High,High,1.938,1.441,1.19,64.83,35.48
2023-05-28,India,North America,High,Low,1.477,1.542,1.091,68.73,18.97
2023-06-04,India,Oceania,High,Low,1.488,1.479,1.046,77.23,13.26
2023-06-11,India,Oceania,Lower Middle,High,1.623,1.439,0.877,65.15,17.57
2023-06-18,India,Europe,High,High,2.426,2.044,1.539,96.91,29.69
2023-06-25,India,Oceania,Upper Middle,Medium,1.618,1.247,0.825,53.43,23.59
2023-07-02,India,Asia,Lower Middle,High,1.45,1.445,1.028,56.2,25.46
2023-07-09,India,North America,Upper Middle,High,2.281,2.085,1.269,88.35,35.38
2023-07-16,India,North America,Lower Middle,Medium,1.26,0.964,0.792,58.38,6.05
2023-07-23,India,North America,High,High,1.814,1.736,1.17,93.85,10.47
2023-07-30,India,Europe,Upper Middle,Low,2.163,1.858,1.294,90.99,22.4
2023-08-06,India,Oceania,High,Medium,2.418,2.183,1.612,105.12,26.02
2023-08-13,India,North America,Upper Middle,Medium,1.849,1.669,1.167,86.3,16.13
2023-08-20,India,North America,High,Medium,1.794,1.638,1.154,69.62,28.37
2023-08-27,India,Asia,Lower Middle,Low,2.28,1.849,1.463,102.13,18.15
2023-09-03,India,North America,Lower Middle,Low,1.906,1.675,1.272,91.73,18.6
2023-09-10,India,Asia,Lower Middle,Medium,1.589,1.422,0.801,54.39,26.12
2023-09-17,India,North America,Upper Middle,Medium,2.502,2.133,1.602,104.85,33.48
2023-09-24,India,Oceania,Lower Middle,Low,2.375,2.13,1.476,95.89,33.45
2023-10-01,India,North America,Upper Middle,High,2.077,1.825,1.288,87.04,23.31
2023-10-08,India,Oceania,Lower Middle,Medium,2.112,1.786,1.333,86.62,30.07
2023-10-15,India,Europe,Upper Middle,Low,2.051,1.822,1.229,81.51,29.82
2023-10-22,India,North America,Upper Middle,Low,2.062,1.895,1.495,98.94,18.07
2023-10-29,India,North America,High,Low,1.981,1.629,1.199,86.66,19.39
2023-11-05,India,Asia,Upper Middle,Low,2.436,2.149,1.486,101.07,28.5
2023-11-12,India,Asia,Lower Middle,High,2.31,2.093,1.476,94.21,35.2
2023-11-19,India,Oceania,High,Low,1.287,1.281,0.861,63.81,12.22
2023-11-26,India,Asia,Upper Middle,Low,2.131,1.73,1.218,85.82,28.65
2023-12-03,India,Asia,High,Low,2.185,1.876,1.327,109.48,9.49
2023-12-10,India,North America,High,High,1.969,1.595,1.158,85.75,19.04
2023-12-17,India,Europe,High,High,2.383,2.04,1.515,99.91,28.44
2023-12-24,India,Europe,Upper Middle,High,1.502,1.427,1.019,77.41,11.66
2023-12-31,India,North America,High,Low,2.122,1.816,1.289,93.84,21.28
2024-01-07,India,Oceania,Upper Middle,Medium,2.082,1.778,1.261,75.36,33.76
2024-01-14,India,North America,High,Low,1.635,1.369,1.107,73.96,10.33
2024-01-21,India,North America,Lower Middle,High,2.043,1.75,1.245,86.51,22.74
2024-01-28,India,Asia,Upper Middle,High,1.604,1.562,0.986,55.26,37.79
2024-02-04,India,Oceania,Upper Middle,Low,1.553,1.626,1.136,59.71,32.52
2024-02-11,India,Oceania,Upper Middle,Low,1.925,1.663,1.214,73.83,23.89
2024-02-18,India,Europe,Lower Middle,Medium,1.39,1.24,0.804,54.86,19.1
2024-02-25,India,North America,Upper Middle,Medium,2.266,2.047,1.469,88.46,33.79
2024-03-03,India,Asia,Lower Middle,Low,1.578,1.312,0.979,73.92,10.12
2024-03-10,India,North America,High,Low,2.419,2.171,1.539,107.79,24.23
2024-03-17,India,North America,High,Low,1.685,1.736,1.248,88.45,12.56
2024-03-24,India,Europe,Lower Middle,Low,1.738,1.437,1.156,83.87,11.71
2024-03-31,India,Europe,High,Low,1.468,1.174,0.837,64.35,9.98
2024-04-07,India,Europe,Lower Middle,High,2.283,2.05,1.413,80.57,39.88
2024-04-14,India,Oceania,Upper Middle,Low,2.218,2.172,1.396,93.46,32.72
2024-04-21,India,Europe,Lower Middle,Low,2.097,1.828,1.236,74.85,33.96
2024-04-28,India,Europe,High,Medium,2.247,1.921,1.452,97.42,25.38
2024-05-05,India,Asia,High,High,1.181,1.081,0.749,50.73,13.44
2024-05-12,India,Europe,High,Low,1.172,1.077,0.83,58.95,9.45
2024-05-19,India,North America,Lower Middle,High,2.304,1.978,1.416,86.84,35.08
2024-05-26,India,North America,High,High,1.948,1.709,1.315,100.45,6.34
2024-06-02,India,Europe,Lower Middle,Medium,1.762,1.506,1.136,73.18,20.75
2024-06-09,India,Asia,High,Low,1.753,1.579,1.132,90.81,6.46
2024-06-16,India,Asia,Lower Middle,Low,1.618,1.557,0.944,50.73,38.48
2024-06-23,India,Europe,Lower Middle,Low,1.989,1.936,1.228,97.03,17.42
2024-06-30,India,North America,Upper Middle,Medium,1.463,1.288,0.847,54.96,23.01
2024-07-07,India,Asia,High,High,1.532,1.521,1.136,81.82,6.47
2024-07-14,India,Europe,Upper Middle,Low,1.058,1.007,0.763,52.62,8.88
2024-07-21,India,North America,High,Medium,2.017,1.918,1.399,106.58,13.42
2024-07-28,India,North America,High,High,1.867,1.665,1.129,67.15,33.56
2024-08-04,India,Oceania,Upper Middle,Medium,2.426,2.033,1.374,96.59,27.97
2024-08-11,India,Europe,High,Medium,2.118,1.788,1.233,82.37,30.48
2024-08-18,India,Oceania,High,Medium,1.996,1.624,1.251,82.53,25.66
2024-08-25,India,Europe,Lower Middle,High,1.491,1.39,0.93,55.63,25.2
2024-09-01,India,Oceania,High,High,2.05,1.914,1.372,102.89,14.73
2024-09-08,India,North America,Lower Middle,High,2.017,1.885,1.366,83.31,30.66
2024-09-15,India,Oceania,Upper Middle,Medium,1.798,1.582,1.243,95.66,6.24
2024-09-22,India,North America,High,High,2.254,2.072,1.35,90.7,31.47
2024-09-29,India,Europe,High,Medium,2.373,1.989,1.408,103.17,25.76
2024-10-06,India,Oceania,Lower Middle,High,1.115,0.93,0.778,51.74,10.84
2024-10-13,India,Asia,Upper Middle,Low,1.456,1.423,0.994,53.89,25.3
2024-10-20,India,North America,Upper Middle,Medium,2.058,1.91,1.38,98.3,14.44
2024-10-27,India,North America,High,Low,2.203,1.923,1.411,99.51,23.21
2024-11-03,India,Asia,Lower Middle,High,1.371,1.145,0.74,55.32,12.72
2024-11-10,India,Oceania,Lower Middle,Low,2.583,2.193,1.535,91.15,39.69
2024-11-17,India,North America,High,High,2.337,1.951,1.484,83.93,39.29
2024-11-24,India,North America,High,Low,2.115,1.699,1.115,67.92,37.92
2024-12-01,India,Europe,High,High,1.891,1.607,1.196,77.7,21.83
2024-12-08,India,North America,Lower Middle,Low,1.956,1.685,1.199,79.79,20.29
2024-12-15,India,North America,Upper Middle,High,2.263,1.983,1.377,95.08,27.99
2024-12-22,India,Oceania,Upper Middle,Medium,1.759,1.702,1.098,66.32,31.58
2024-12-29,India,Oceania,High,High,2.038,1.874,1.215,101.19,6.63
2025-01-05,India,Europe,Lower Middle,Medium,1.899,1.779,1.31,103.99,5.76
2025-01-12,India,Europe,Lower Middle,High,1.42,1.12,0.779,53.14,19.66
2025-01-19,India,Oceania,High,Low,2.042,1.687,1.196,68.52,38.15
2025-01-26,India,North America,Lower Middle,High,1.68,1.504,1.076,81.4,9.02
2025-02-02,India,Asia,Upper Middle,Medium,1.808,1.529,1.098,63.57,34.64
2025-02-09,India,North America,High,Medium,1.839,1.473,1.069,55.85,35.17
2025-02-16,India,North America,Lower Middle,Medium,2.557,2.147,1.63,108.68,32.79
2025-02-23,India,Asia,Upper Middle,Low,2.269,2.094,1.539,95.51,31.39
2025-03-02,India,Asia,Lower Middle,Medium,1.426,1.229,0.903,53.91,21.24
2025-03-09,India,Oceania,Lower Middle,Medium,1.653,1.496,1.008,72.32,20.81
2025-03-16,India,Oceania,Upper Middle,High,2.047,1.786,1.352,84.66,27.21
2025-03-23,India,Oceania,Upper Middle,Medium,1.606,1.523,0.991,59.48,29.36
2025-03-30,India,Oceania,High,Low,1.865,1.685,1.128,68.79,32.95
2025-04-06,India,Europe,High,Low,1.536,1.506,0.999,79.12,9.29
2025-04-13,India,Asia,High,Low,2.102,1.763,1.311,81.64,30.18
2025-04-20,India,Asia,High,Medium,2.057,1.69,1.28,82.45,29.86
2025-04-27,India,Asia,Upper Middle,Medium,2.234,1.918,1.322,99.69,16.73
2025-05-04,India,Oceania,Upper Middle,Medium,2.091,1.855,1.337,93.14,19.7
2025-05-11,India,Europe,Upper Middle,High,2.142,1.976,1.428,100.49,21.5
2025-05-18,India,Oceania,High,Medium,1.799,1.642,1.099,69.51,29.02
2025-05-25,India,Europe,Lower Middle,Medium,1.83,1.631,1.06,80.76,15.69
2025-06-01,India,North America,High,Low,1.936,1.748,1.233,98.44,7.07
2025-06-08,India,North America,Upper Middle,Medium,2.225,2.058,1.461,101.87,24.13
2025-06-15,India,North America,Lower Middle,High,1.546,1.395,0.917,52.52,30.9
2025-06-22,India,Europe,Lower Middle,Medium,2.403,2.059,1.455,91.96,34.38
2025-06-29,India,Asia,Lower Middle,Low,1.902,1.756,1.171,81.96,27.23
2025-07-06,India,North America,Lower Middle,High,1.573,1.415,1.055,67.83,15.5
2025-07-13,India,Asia,Lower Middle,Low,1.259,1.185,0.744,54.74,13.38
2025-07-20,India,Asia,High,High,1.662,1.355,0.972,51.96,35.4
2025-07-27,India,Europe,Upper Middle,High,1.962,1.594,1.175,60.23,38.18
2025-08-03,India,Oceania,Upper Middle,High,2.321,1.959,1.353,108.25,14.19
2025-08-10,India,Asia,High,Low,2.128,1.821,1.246,74.42,36.2
2025-08-17,India,Asia,High,High,1.53,1.359,1.104,78.92,11.86
2025-08-24,India,Oceania,High,High,2.139,1.963,1.216,82.22,34.89
2025-08-31,India,Oceania,Upper Middle,Medium,1.854,1.667,1.178,67.61,37.61
2025-09-07,India,Asia,High,High,1.727,1.594,1.056,70.71,22.76
2025-09-14,India,Asia,Lower Middle,High,2.144,1.997,1.35,92.84,26.28
2025-09-21,India,Europe,Upper Middle,High,1.459,1.222,0.838,50.09,27.27
2025-09-28,India,North America,High,Low,1.808,1.655,1.269,89.76,8.23
2025-10-05,India,Asia,High,Medium,2.014,1.565,1.184,69.26,31.24
2025-10-12,India,Asia,Upper Middle,Medium,2.351,2.106,1.442,88.17,36.97
2025-10-19,India,Oceania,Upper Middle,Low,2.216,1.976,1.246,94.46,23.55
2025-10-26,India,Europe,High,Low,1.258,0.863,0.761,52.62,9.31
2025-11-02,India,Europe,High,Medium,2.545,2.057,1.454,100.74,29.24
2025-11-09,India,North America,Upper Middle,Medium,1.642,1.626,1.107,73.05,20.75
2025-11-16,India,Europe,Lower Middle,Medium,1.465,1.089,0.863,72.2,5.96
2025-11-23,India,Europe,High,High,1.485,1.312,0.945,70.75,10.41
2025-11-30,India,Oceania,Lower Middle,Low,1.902,1.741,1.21,73.15,32.71
2025-12-07,India,Oceania,Upper Middle,High,1.327,1.088,0.805,56.32,10.86
2025-12-14,India,Asia,Upper Middle,Low,1.732,1.535,1.082,62.53,37.4
2025-12-21,India,Asia,Upper Middle,Medium,2.018,1.812,1.35,104.0,9.06
2025-12-28,India,Europe,Upper Middle,Medium,2.458,2.16,1.616,99.6,39.44
2026-01-04,India,Asia,High,High,1.53,1.542,1.068,81.94,10.89
2026-01-11,India,Europe,Upper Middle,Medium,1.403,1.217,0.806,65.56,11.81
2026-01-18,India,Oceania,Lower Middle,High,1.978,1.507,1.175,76.64,26.92
2026-01-25,India,Asia,Lower Middle,Medium,1.973,1.857,1.275,87.4,24.93
2026-02-01,India,Asia,High,Medium,1.912,1.695,1.175,63.66,38.74
2026-02-08,India,Asia,Lower Middle,Medium,1.716,1.457,1.052,57.84,32.67
2026-02-15,India,Oceania,Upper Middle,High,2.355,2.117,1.496,106.95,22.95
2026-02-22,India,North America,Lower Middle,Low,1.657,1.365,1.032,72.52,15.0
2026-03-01,India,Asia,Lower Middle,Medium,2.216,1.96,1.4,93.54,36.31
2026-03-08,India,Europe,Lower Middle,Low,2.273,1.994,1.388,84.41,38.46
2026-03-15,India,Asia,High,Low,1.607,1.387,0.921,68.71,13.96
2026-03-22,India,North America,Upper Middle,High,1.823,1.465,1.031,51.83,35.52
2026-03-29,India,Asia,Lower Middle,Medium,2.079,1.772,1.385,107.45,5.31
2020-01-05,United States,Europe,Lower Middle,High,1.827,1.6,1.087,70.51,27.15
2020-01-12,United States,Europe,High,Medium,1.394,1.155,0.841,54.66,19.26
2020-01-19,United States,Europe,Lower Middle,Medium,2.385,2.24,1.564,98.49,38.17
2020-01-26,United States,North America,Upper Middle,Medium,1.295,1.125,0.805,54.37,19.1
2020-02-02,United States,Europe,Lower Middle,Low,2.265,2.062,1.384,105.75,19.18
2020-02-09,United States,Asia,Upper Middle,High,1.176,1.149,0.725,52.02,12.51
2020-02-16,United States,Europe,High,Low,2.002,1.722,1.18,80.19,20.73
2020-02-23,United States,North America,Upper Middle,Medium,2.412,2.227,1.662,99.35,33.14
2020-03-01,United States,Asia,Lower Middle,Low,2.104,1.873,1.277,93.24,19.05
2020-03-08,United States,Asia,Lower Middle,High,1.462,1.47,0.983,80.67,6.64
2020-03-15,United States,Europe,Upper Middle,High,2.012,1.782,1.278,70.42,37.92
2020-03-22,United States,Oceania,Upper Middle,Low,2.329,2.084,1.468,106.58,19.78
2020-03-29,United States,Europe,High,High,2.213,1.745,1.344,91.22,22.28
2020-04-05,United States,Asia,High,High,1.326,1.257,0.904,66.71,9.54
2020-04-12,United States,Asia,High,Low,2.384,2.021,1.506,88.06,39.98
2020-04-19,United States,Europe,Lower Middle,Medium,2.2,1.968,1.31,88.07,31.98
2020-04-26,United States,Oceania,Lower Middle,Medium,1.772,1.474,1.066,62.72,28.01
2020-05-03,United States,Asia,High,Medium,1.992,1.844,1.231,73.68,37.58
2020-05-10,United States,North America,High,Medium,1.768,1.507,1.018,61.95,36.16
2020-05-17,United States,Asia,Upper Middle,Medium,1.909,1.695,1.184,64.51,36.89
2020-05-24,United States,North America,Upper Middle,Low,2.008,1.654,1.145,79.57,19.15
2020-05-31,United States,Oceania,Upper Middle,Medium,1.929,1.771,1.283,90.65,15.92
2020-06-07,United States,Oceania,Upper Middle,Low,1.553,1.388,1.078,84.52,7.67
2020-06-14,United States,Oceania,High,High,2.095,1.849,1.315,96.39,23.13
2020-06-21,United States,Oceania,Lower Middle,High,2.394,2.102,1.445,88.79,39.1
2020-06-28,United States,North America,Lower Middle,Low,2.542,2.081,1.61,92.61,37.81
2020-07-05,United States,Oceania,Lower Middle,Medium,2.337,1.922,1.48,84.93,39.66
2020-07-12,United States,Oceania,Upper Middle,High,1.837,1.572,1.064,62.3,30.4
2020-07-19,United States,Asia,Upper Middle,Low,1.767,1.607,1.197,84.7,10.14
2020-07-26,United States,Europe,High,High,2.178,2.016,1.537,106.84,16.81
2020-08-02,United States,Europe,High,Medium,1.083,1.021,0.748,53.73,10.16
2020-08-09,United States,Europe,High,Medium,1.834,1.642,1.135,90.78,7.67
2020-08-16,United States,North America,Upper Middle,Medium,1.603,1.344,0.988,60.82,21.05
2020-08-23,United States,Oceania,High,High,2.611,2.269,1.663,108.87,32.76
2020-08-30,United States,North America,High,Low,1.825,1.649,1.14,79.89,19.23
2020-09-06,United States,North America,Lower Middle,Low,1.395,1.355,0.921,54.38,26.78
2020-09-13,United States,Europe,High,Medium,2.075,1.68,1.197,78.61,30.14
2020-09-20,United States,Oceania,Upper Middle,Medium,2.384,2.097,1.504,101.31,26.11
2020-09-27,United States,Oceania,Upper Middle,Low,1.911,1.594,1.161,88.06,12.77
2020-10-04,United States,Asia,Lower Middle,High,2.083,1.803,1.284,74.17,36.31
2020-10-11,United States,Asia,High,Low,1.696,1.486,1.06,72.3,18.74
2020-10-18,United States,North America,High,Medium,2.389,1.939,1.58,109.55,18.52
2020-10-25,United States,Asia,Upper Middle,High,1.851,1.549,1.089,61.5,37.14
2020-11-01,United States,Asia,High,Low,1.963,1.745,1.182,83.8,19.96
2020-11-08,United States,Asia,Lower Middle,Low,2.682,2.218,1.526,104.23,34.6
2020-11-15,United States,Oceania,High,Low,1.681,1.378,1.158,85.63,6.15
2020-11-22,United States,North America,Lower Middle,Low,1.869,1.644,1.22,80.42,19.33
2020-11-29,United States,Oceania,Upper Middle,Low,1.796,1.644,1.217,80.94,21.22
2020-12-06,United States,Asia,Upper Middle,High,1.238,1.135,0.741,50.0,19.58
2020-12-13,United States,Europe,Lower Middle,Medium,2.378,2.208,1.456,93.76,38.84
2020-12-20,United States,Europe,High,High,2.178,1.912,1.392,95.54,26.34
2020-12-27,United States,Europe,Upper Middle,Low,1.706,1.468,1.083,63.23,31.69
2021-01-03,United States,Oceania,Lower Middle,Low,2.123,1.79,1.319,82.67,29.83
2021-01-10,United States,North America,Upper Middle,High,2.064,1.732,1.259,71.7,38.22
2021-01-17,United States,Asia,Upper Middle,High,1.96,1.668,1.225,80.83,22.81
2021-01-24,United States,Oceania,Lower Middle,Low,2.024,1.715,1.268,98.21,9.27
2021-01-31,United States,Asia,High,High,1.693,1.482,1.048,70.72,16.75
2021-02-07,United States,Asia,High,Low,1.883,1.705,1.164,78.95,22.73
2021-02-14,United States,Asia,Lower Middle,Low,1.793,1.672,1.303,100.34,5.4
2021-02-21,United States,Asia,High,High,1.931,1.647,1.092,82.44,20.04
2021-02-28,United States,Oceania,High,Medium,1.836,1.591,1.221,83.16,18.88
2021-03-07,United States,Europe,High,High,1.264,1.141,0.816,54.25,15.95
2021-03-14,United States,Oceania,High,High,1.266,1.047,0.795,51.19,18.67
2021-03-21,United States,Oceania,Upper Middle,High,1.679,1.379,0.888,54.1,32.43
2021-03-28,United States,Europe,Upper Middle,High,1.235,1.074,0.809,54.33,12.19
2021-04-04,United States,Europe,Upper Middle,Low,2.046,1.713,1.188,75.1,31.28
2021-04-11,United States,North America,Lower Middle,Medium,2.028,1.767,1.318,104.88,5.4
2021-04-18,United States,Oceania,Upper Middle,High,2.215,1.883,1.381,94.27,29.66
2021-04-25,United States,Oceania,Lower Middle,Low,2.075,1.869,1.36,86.33,23.09
2021-05-02,United States,North America,Lower Middle,Low,1.175,0.998,0.741,54.62,7.65
2021-05-09,United States,North America,Lower Middle,Low,1.952,1.586,1.251,88.91,14.36
2021-05-16,United States,Asia,Lower Middle,Low,2.375,2.013,1.4,85.86,35.31
2021-05-23,United States,Europe,Upper Middle,Medium,1.328,1.382,0.94,72.41,6.77
2021-05-30,United States,Europe,High,Medium,2.077,1.807,1.18,73.94,34.39
2021-06-06,United States,Oceania,Upper Middle,High,2.116,1.783,1.282,79.88,31.0
2021-06-13,United States,Europe,High,Low,1.446,1.354,0.927,50.54,25.63
2021-06-20,United States,North America,Upper Middle,High,1.267,1.131,0.751,55.48,11.97
2021-06-27,United States,Oceania,Upper Middle,Low,1.939,1.875,1.287,77.54,30.65
2021-07-04,United States,North America,Upper Middle,Low,2.357,2.183,1.606,100.31,33.18
2021-07-11,United States,Oceania,Lower Middle,Medium,1.909,1.527,1.113,67.49,31.98
2021-07-18,United States,Europe,High,Low,1.573,1.413,0.961,66.13,17.9
2021-07-25,United States,Asia,Upper Middle,Low,2.389,2.222,1.398,88.28,34.18
2021-08-01,United States,Europe,High,Low,1.608,1.313,0.95,53.84,33.87
2021-08-08,United States,North America,Lower Middle,High,2.113,1.775,1.384,95.87,19.34
2021-08-15,United States,North America,High,High,1.269,1.087,0.794,54.23,11.5
2021-08-22,United States,Europe,High,High,1.587,1.538,1.023,68.59,13.75
2021-08-29,United States,Asia,High,Low,1.654,1.518,1.039,54.6,35.54
2021-09-05,United States,North America,Upper Middle,High,2.253,2.005,1.236,80.34,37.94
2021-09-12,United States,Europe,Lower Middle,Medium,2.094,1.915,1.185,81.3,32.81
2021-09-19,United States,Europe,Upper Middle,High,1.56,1.479,0.955,59.62,28.58
2021-09-26,United States,Europe,Lower Middle,High,1.258,1.109,0.707,59.92,5.07
2021-10-03,United States,Asia,Upper Middle,High,1.964,1.797,1.296,74.85,30.63
2021-10-10,United States,North America,High,Medium,1.816,1.573,1.137,86.47,13.59
2021-10-17,United States,Oceania,Lower Middle,High,1.92,1.758,1.252,74.88,31.39
2021-10-24,United States,Oceania,Lower Middle,Medium,1.617,1.331,0.976,60.3,22.5
2021-10-31,United States,Asia,High,High,1.54,1.228,0.812,57.03,16.8
2021-11-07,United States,Europe,High,High,2.344,2.117,1.459,95.89,28.76
2021-11-14,United States,Europe,Lower Middle,High,2.23,1.918,1.431,87.71,29.1
2021-11-21,United States,Asia,High,High,2.055,1.798,1.403,102.45,12.12
2021-11-28,United States,Europe,Upper Middle,High,2.529,1.997,1.414,102.95,21.32
2021-12-05,United States,Oceania,Upper Middle,Low,1.447,1.237,0.954,66.85,12.28
2021-12-12,United States,Europe,High,High,1.283,1.159,0.902,54.45,18.14
2021-12-19,United States,Oceania,High,Low,1.371,1.172,0.914,52.57,20.62
2021-12-26,United States,Oceania,Lower Middle,Low,2.27,1.923,1.476,89.4,29.81
2022-01-02,United States,Oceania,Lower Middle,Medium,2.33,1.982,1.436,96.37,24.19
2022-01-09,United States,North America,High,Low,2.209,1.848,1.377,90.27,26.72
2022-01-16,United States,Asia,Lower Middle,Medium,2.489,2.246,1.547,95.0,36.79
2022-01-23,United States,Asia,High,Medium,2.059,1.91,1.271,95.5,15.74
2022-01-30,United States,Oceania,Lower Middle,High,1.479,1.234,0.83,64.49,12.52
2022-02-06,United States,Asia,Upper Middle,Medium,1.458,1.317,0.899,58.02,20.54
2022-02-13,United States,Asia,Upper Middle,Medium,1.957,1.827,1.322,82.0,27.29
2022-02-20,United States,Asia,Upper Middle,Medium,1.662,1.509,0.954,63.12,25.84
2022-02-27,United States,Europe,Lower Middle,Low,2.672,2.354,1.613,109.0,32.53
2022-03-06,United States,Asia,Lower Middle,Medium,1.611,1.465,0.904,52.02,35.77
2022-03-13,United States,Oceania,Upper Middle,Medium,2.152,1.792,1.342,97.03,20.01
2022-03-20,United States,Asia,Upper Middle,Medium,2.217,1.795,1.352,100.69,13.72
2022-03-27,United States,Oceania,Lower Middle,Low,2.765,2.176,1.549,106.01,33.05
2022-04-03,United States,Europe,Lower Middle,Low,2.109,1.87,1.459,100.95,19.21
2022-04-10,United States,Europe,Lower Middle,Low,1.523,1.342,0.949,50.32,37.84
2022-04-17,United States,Asia,Lower Middle,Low,1.959,1.636,1.188,76.54,29.76
2022-04-24,United States,Europe,Lower Middle,Low,2.125,1.99,1.495,105.75,16.97
2022-05-01,United States,Oceania,Upper Middle,High,2.253,1.903,1.398,80.24,38.22
2022-05-08,United States,North America,Upper Middle,Low,2.454,2.115,1.618,105.5,27.11
2022-05-15,United States,Europe,High,Low,1.279,1.014,0.924,62.25,6.48
2022-05-22,United States,North America,Upper Middle,Medium,1.69,1.427,0.957,51.15,32.27
2022-05-29,United States,North America,Upper Middle,Low,2.395,2.081,1.492,88.34,38.37
2022-06-05,United States,Asia,Upper Middle,Medium,2.264,2.194,1.477,105.28,25.41
2022-06-12,United States,Oceania,Lower Middle,Medium,1.848,1.687,1.158,89.54,12.39
2022-06-19,United States,Oceania,Lower Middle,High,2.118,1.918,1.377,109.83,6.05
2022-06-26,United States,Europe,High,Medium,1.418,1.074,0.801,57.68,17.16
2022-07-03,United States,Asia,Upper Middle,Medium,1.685,1.603,1.059,68.36,24.32
2022-07-10,United States,North America,Upper Middle,Medium,1.286,1.241,0.858,54.49,20.35
2022-07-17,United States,Asia,Lower Middle,Low,1.523,1.352,0.951,69.58,15.48
2022-07-24,United States,Asia,High,High,1.709,1.642,1.162,60.21,36.44
2022-07-31,United States,North America,High,Medium,2.065,1.808,1.334,96.83,15.63
2022-08-07,United States,North America,High,Low,1.352,1.31,0.821,53.42,19.65
2022-08-14,United States,Oceania,Upper Middle,Low,2.55,2.16,1.597,109.51,28.25
2022-08-21,United States,Asia,High,Low,2.057,1.775,1.31,83.57,29.05
2022-08-28,United States,Oceania,Upper Middle,Low,2.12,1.805,1.385,91.91,19.57
2022-09-04,United States,Oceania,Upper Middle,Medium,1.863,1.494,1.238,88.68,13.04
2022-09-11,United States,Oceania,Lower Middle,Medium,1.759,1.505,0.915,57.9,34.91
2022-09-18,United States,Oceania,Upper Middle,High,1.994,1.858,1.233,84.6,24.56
2022-09-25,United States,Oceania,Lower Middle,Medium,1.552,1.303,0.918,72.04,8.05
2022-10-02,United States,Asia,Lower Middle,High,1.676,1.614,1.045,65.16,23.2
2022-10-09,United States,Oceania,High,High,2.603,2.241,1.547,102.24,32.74
2022-10-16,United States,Europe,High,High,1.389,1.357,0.954,67.64,13.3
2022-10-23,United States,Europe,Lower Middle,High,1.783,1.644,1.013,78.08,21.32
2022-10-30,United States,Asia,Upper Middle,Low,2.233,1.991,1.547,106.11,18.15
2022-11-06,United States,Europe,High,Medium,1.652,1.299,0.917,62.27,16.91
2022-11-13,United States,Europe,High,Low,1.942,1.598,1.233,87.58,14.75
2022-11-20,United States,Oceania,Lower Middle,High,2.546,2.281,1.623,96.4,37.02
2022-11-27,United States,Asia,Upper Middle,High,2.579,2.19,1.591,101.39,34.23
2022-12-04,United States,North America,High,High,2.203,2.043,1.419,99.61,23.37
2022-12-11,United States,Europe,Upper Middle,Low,1.486,1.423,0.957,52.49,27.3
2022-12-18,United States,Oceania,Upper Middle,Medium,1.913,1.843,1.293,87.18,25.99
2022-12-25,United States,Asia,Upper Middle,High,2.251,1.891,1.365,92.37,26.79
2023-01-01,United States,Europe,High,Medium,2.006,1.698,1.206,70.6,34.21
2023-01-08,United States,Oceania,Lower Middle,Medium,2.032,1.767,1.335,76.93,36.96
2023-01-15,United States,Europe,Lower Middle,High,1.767,1.659,1.042,56.89,37.95
2023-01-22,United States,Europe,Upper Middle,Low,2.628,2.248,1.63,103.08,36.34
2023-01-29,United States,Europe,High,Medium,1.268,1.046,0.863,61.44,11.46
2023-02-05,United States,North America,High,Low,2.259,1.933,1.451,106.99,9.8
2023-02-12,United States,Oceania,High,Medium,2.323,1.888,1.387,82.8,36.58
2023-02-19,United States,Oceania,Lower Middle,Medium,2.071,1.901,1.169,81.39,29.49
2023-02-26,United States,Oceania,High,Low,1.762,1.575,1.035,65.24,32.3
2023-03-05,United States,Europe,Upper Middle,High,2.223,1.898,1.394,91.98,26.59
2023-03-12,United States,Europe,Upper Middle,High,1.816,1.638,1.141,84.08,15.37
2023-03-19,United States,Oceania,High,High,1.641,1.36,1.092,77.48,12.93
2023-03-26,United States,Europe,Upper Middle,Medium,2.452,2.22,1.561,103.86,31.08
2023-04-02,United States,Asia,High,Medium,1.791,1.588,1.182,78.0,21.87
2023-04-09,United States,Europe,High,Low,2.009,1.877,1.387,99.42,18.46
2023-04-16,United States,Asia,Upper Middle,Medium,2.266,2.024,1.372,106.23,15.91
2023-04-23,United States,North America,Upper Middle,High,2.536,2.225,1.691,105.69,34.57
2023-04-30,United States,Europe,Lower Middle,High,1.868,1.674,1.206,88.89,13.1
2023-05-07,United States,Oceania,High,High,1.559,1.341,1.095,72.41,13.94
2023-05-14,United States,North America,High,Low,1.486,1.395,0.982,73.72,11.36
2023-05-21,United States,North America,High,Medium,1.676,1.592,1.167,60.09,35.78
2023-05-28,United States,Asia,Lower Middle,High,1.94,1.56,1.237,100.19,6.76
2023-06-04,United States,Asia,High,Low,1.226,1.012,0.841,55.48,16.02
2023-06-11,United States,North America,Upper Middle,Medium,1.392,1.177,0.937,64.23,8.77
2023-06-18,United States,North America,Upper Middle,Low,1.936,1.532,1.167,79.04,22.99
2023-06-25,United States,Europe,Upper Middle,Low,2.251,1.905,1.37,92.77,29.38
2023-07-02,United States,Europe,High,Medium,2.17,1.867,1.353,99.23,20.42
2023-07-09,United States,North America,Lower Middle,High,2.288,1.806,1.333,86.21,28.08
2023-07-16,United States,Asia,High,Low,1.684,1.287,1.017,53.94,36.05
2023-07-23,United States,Europe,High,Medium,1.944,1.738,1.315,103.88,7.94
2023-07-30,United States,Asia,High,Medium,1.404,1.234,0.828,59.58,16.75
2023-08-06,United States,North America,Upper Middle,High,1.417,1.324,0.944,75.18,6.77
2023-08-13,United States,North America,Lower Middle,High,2.397,2.223,1.549,93.87,38.14
2023-08-20,United States,Oceania,High,Low,0.966,1.098,0.741,50.38,7.17
2023-08-27,United States,Oceania,Lower Middle,Low,1.782,1.53,1.134,72.48,24.25
2023-09-03,United States,Asia,High,High,1.195,0.922,0.787,55.26,8.15
2023-09-10,United States,Europe,Upper Middle,Medium,2.39,2.103,1.529,89.77,35.47
2023-09-17,United States,Oceania,Lower Middle,High,2.169,1.871,1.367,84.32,33.19
2023-09-24,United States,Oceania,High,Medium,1.653,1.454,1.058,70.79,19.27
2023-10-01,United States,Europe,Lower Middle,Medium,1.755,1.489,0.998,61.61,27.45
2023-10-08,United States,Oceania,Lower Middle,High,1.597,1.27,0.985,63.8,19.4
2023-10-15,United States,Oceania,Upper Middle,Medium,1.586,1.261,0.916,52.72,27.97
2023-10-22,United States,Oceania,High,Medium,1.261,1.179,0.804,51.8,20.56
2023-10-29,United States,Europe,High,High,2.055,2.048,1.344,101.97,15.13
2023-11-05,United States,Oceania,Upper Middle,Medium,2.312,1.876,1.326,87.13,28.29
2023-11-12,United States,Oceania,High,Low,2.116,1.929,1.287,83.37,32.28
2023-11-19,United States,North America,Upper Middle,Low,1.893,1.62,1.143,57.56,39.27
2023-11-26,United States,Asia,Upper Middle,Medium,1.737,1.671,1.201,95.95,5.19
2023-12-03,United States,Asia,High,High,1.787,1.703,1.226,89.13,13.79
2023-12-10,United States,Europe,High,Medium,1.558,1.345,0.978,61.01,25.79
2023-12-17,United States,North America,High,Medium,1.275,1.098,0.871,54.9,14.05
2023-12-24,United States,Oceania,Upper Middle,Low,2.071,2.06,1.367,88.0,33.19
2023-12-31,United States,Asia,High,Low,1.605,1.351,1.066,80.02,7.43
2024-01-07,United States,Oceania,Upper Middle,Medium,1.958,1.879,1.28,92.88,15.27
2024-01-14,United States,Oceania,High,High,2.212,2.09,1.456,100.25,26.51
2024-01-21,United States,Asia,High,Low,1.664,1.401,1.142,85.61,5.57
2024-01-28,United States,Asia,Lower Middle,Medium,1.219,0.859,0.82,57.64,9.42
2024-02-04,United States,Europe,Lower Middle,Medium,1.103,0.934,0.803,57.09,5.0
2024-02-11,United States,Europe,Upper Middle,Medium,1.68,1.523,0.979,55.53,33.53
2024-02-18,United States,North America,High,High,1.684,1.381,0.983,73.32,13.41
2024-02-25,United States,Europe,Lower Middle,Low,2.463,2.103,1.488,109.24,20.54
2024-03-03,United States,Europe,High,High,2.211,1.982,1.342,79.34,35.08
2024-03-10,United States,Asia,Lower Middle,Low,1.677,1.629,1.156,90.0,9.18
2024-03-17,United States,Europe,Upper Middle,Low,1.906,1.736,1.11,87.15,11.53
2024-03-24,United States,North America,Lower Middle,Low,1.485,1.444,0.953,63.56,24.29
2024-03-31,United States,Asia,Lower Middle,Low,2.309,2.13,1.509,108.53,21.6
2024-04-07,United States,North America,Lower Middle,Low,1.994,1.589,1.314,91.36,13.83
2024-04-14,United States,Oceania,Lower Middle,Low,2.724,2.42,1.69,104.46,39.88
2024-04-21,United States,Oceania,Lower Middle,Low,1.969,1.761,1.352,104.68,5.73
2024-04-28,United States,Asia,Upper Middle,Low,2.559,2.112,1.484,105.84,28.66
2024-05-05,United States,Asia,Lower Middle,High,1.532,1.372,0.932,57.23,25.46
2024-05-12,United States,Oceania,Upper Middle,Medium,1.376,1.262,0.867,53.67,22.48
2024-05-19,United States,North America,Upper Middle,Low,1.98,1.794,1.3,89.58,20.47
2024-05-26,United States,Asia,Upper Middle,Medium,1.662,1.391,0.998,65.75,23.38
2024-06-02,United States,Oceania,Upper Middle,High,2.097,1.877,1.324,87.2,29.44
2024-06-09,United States,Oceania,Upper Middle,Low,2.106,1.87,1.331,90.7,25.75
2024-06-16,United States,Asia,Lower Middle,Low,2.239,2.107,1.39,102.2,18.0
2024-06-23,United States,Asia,Upper Middle,Medium,1.736,1.642,1.188,68.9,32.7
2024-06-30,United States,North America,High,Low,2.148,1.805,1.366,106.45,9.35
2024-07-07,United States,Asia,Upper Middle,Low,2.043,1.884,1.435,109.74,5.37
2024-07-14,United States,Europe,High,Medium,1.609,1.424,1.097,55.17,33.5
2024-07-21,United States,Asia,Upper Middle,Medium,2.213,1.907,1.371,85.97,36.58
2024-07-28,United States,Asia,Lower Middle,Low,2.322,2.239,1.543,99.23,33.92
2024-08-04,United States,Oceania,Lower Middle,Medium,1.926,1.59,1.148,77.97,20.59
2024-08-11,United States,Oceania,Lower Middle,Low,1.566,1.387,0.967,78.7,5.74
2024-08-18,United States,Europe,Upper Middle,Low,1.849,1.487,1.147,89.99,7.8
2024-08-25,United States,Europe,Upper Middle,High,1.476,1.112,0.828,73.2,6.79
2024-09-01,United States,Europe,Upper Middle,Low,1.562,1.416,0.999,80.34,7.17
2024-09-08,United States,Asia,Lower Middle,High,2.443,2.033,1.363,83.47,38.59
2024-09-15,United States,Asia,Upper Middle,High,1.289,0.966,0.791,57.62,9.31
2024-09-22,United States,Asia,Lower Middle,Low,2.235,1.947,1.354,91.44,30.51
2024-09-29,United States,Oceania,Lower Middle,Low,2.157,1.933,1.438,95.96,19.48
2024-10-06,United States,Oceania,Upper Middle,High,1.898,1.595,1.009,55.91,38.49
2024-10-13,United States,Asia,High,High,1.36,1.33,0.836,53.06,26.61
2024-10-20,United States,Asia,Upper Middle,Low,1.975,1.722,1.365,105.35,7.55
2024-10-27,United States,North America,High,High,2.171,1.919,1.365,87.84,30.89
2024-11-03,United States,Europe,Upper Middle,Low,1.838,1.422,1.075,66.36,30.6
2024-11-10,United States,North America,High,Medium,2.425,2.005,1.331,81.18,39.88
2024-11-17,United States,Oceania,High,Medium,1.385,1.462,0.901,50.66,30.56
2024-11-24,United States,North America,Lower Middle,Low,1.981,1.687,1.249,90.15,21.93
2024-12-01,United States,Europe,Upper Middle,Low,1.673,1.439,1.028,64.63,27.96
2024-12-08,United States,Europe,Upper Middle,Low,1.826,1.646,1.097,65.67,29.32
2024-12-15,United States,North America,High,High,1.624,1.536,1.038,76.43,16.11
2024-12-22,United States,Europe,High,High,1.671,1.649,1.193,94.08,5.84
2024-12-29,United States,Europe,High,Low,1.016,1.058,0.687,53.65,6.08
2025-01-05,United States,Asia,High,High,1.575,1.313,1.09,79.67,9.26
2025-01-12,United States,Asia,Lower Middle,Low,2.0,1.802,1.193,75.78,31.25
2025-01-19,United States,Oceania,Lower Middle,Medium,1.656,1.401,1.158,68.38,24.43
2025-01-26,United States,Oceania,High,Low,1.096,1.078,0.737,55.27,11.01
2025-02-02,United States,Asia,Lower Middle,Low,1.898,1.693,1.18,73.25,35.22
2025-02-09,United States,Asia,Lower Middle,Low,2.182,1.88,1.302,83.44,29.75
2025-02-16,United States,Oceania,Upper Middle,High,1.985,1.771,1.258,93.21,15.05
2025-02-23,United States,Asia,Lower Middle,Low,1.961,1.671,1.344,104.19,5.86
2025-03-02,United States,Asia,Lower Middle,Medium,2.368,2.178,1.49,90.83,37.61
2025-03-09,United States,Asia,Lower Middle,High,1.936,1.715,1.137,68.2,32.37
2025-03-16,United States,Asia,High,Medium,2.376,2.164,1.535,107.91,19.99
2025-03-23,United States,Europe,Upper Middle,Low,1.847,1.733,1.106,75.65,27.58
2025-03-30,United States,Europe,Upper Middle,High,1.875,1.582,1.122,72.21,31.29
2025-04-06,United States,Asia,Lower Middle,Medium,1.371,1.096,0.797,56.54,13.7
2025-04-13,United States,Asia,Lower Middle,Low,2.097,1.771,1.355,97.11,14.58
2025-04-20,United States,Europe,High,Medium,2.026,1.758,1.312,88.74,22.87
2025-04-27,United States,North America,Lower Middle,Medium,1.594,1.345,0.984,55.06,28.89
2025-05-04,United States,North America,Lower Middle,Low,1.703,1.512,1.019,57.9,29.68
2025-05-11,United States,North America,High,Low,2.078,1.832,1.385,93.05,21.64
2025-05-18,United States,Asia,Lower Middle,Low,2.293,1.784,1.348,90.6,27.26
2025-05-25,United States,Oceania,High,Low,1.685,1.662,1.245,92.56,8.69
2025-06-01,United States,Asia,High,Low,1.391,1.132,0.805,58.52,15.65
2025-06-08,United States,Europe,Upper Middle,Low,2.079,1.849,1.318,90.75,27.1
2025-06-15,United States,Europe,High,High,1.82,1.603,1.023,57.94,39.22
2025-06-22,United States,North America,Upper Middle,Low,2.313,1.951,1.462,102.79,22.69
2025-06-29,United States,Oceania,Lower Middle,Medium,1.835,1.685,1.028,78.44,20.79
2025-07-06,United States,North America,Lower Middle,High,2.27,1.974,1.352,99.22,27.71
2025-07-13,United States,North America,Lower Middle,Medium,2.401,2.249,1.528,105.85,28.13
2025-07-20,United States,Oceania,Lower Middle,High,2.006,1.766,1.373,84.25,21.75
2025-07-27,United States,North America,Upper Middle,Medium,1.277,1.098,0.807,60.07,9.21
2025-08-03,United States,Oceania,High,Medium,1.659,1.329,1.002,54.38,31.04
2025-08-10,United States,Europe,Upper Middle,Medium,1.389,1.109,0.802,63.96,6.88
2025-08-17,United States,Europe,High,Medium,2.331,2.181,1.554,102.65,32.06
2025-08-24,United States,North America,Upper Middle,Low,1.961,1.885,1.361,98.48,16.23
2025-08-31,United States,Asia,Upper Middle,Low,1.682,1.43,1.072,66.02,23.71
2025-09-07,United States,North America,Lower Middle,Low,1.545,1.452,0.946,51.1,36.64
2025-09-14,United States,Oceania,Lower Middle,Medium,2.011,1.767,1.274,72.61,35.66
2025-09-21,United States,Asia,Upper Middle,Medium,2.235,1.809,1.324,100.4,16.88
2025-09-28,United States,Asia,Upper Middle,Low,1.931,1.634,1.148,95.65,6.5
2025-10-05,United States,Asia,High,Low,2.057,1.717,1.238,101.24,5.46
2025-10-12,United States,Europe,Upper Middle,Medium,2.486,2.398,1.537,107.15,31.41
2025-10-19,United States,North America,Upper Middle,Medium,1.74,1.539,1.0,68.62,22.62
2025-10-26,United States,Asia,Upper Middle,Medium,2.045,1.73,1.257,97.59,12.72
2025-11-02,United States,Europe,Upper Middle,High,1.216,1.024,0.764,52.59,11.27
2025-11-09,United States,Asia,Lower Middle,Medium,1.911,1.796,1.122,72.9,32.13
2025-11-16,United States,Europe,High,Medium,1.916,1.671,1.184,77.02,23.59
2025-11-23,United States,Asia,High,High,1.801,1.496,1.078,68.82,27.25
2025-11-30,United States,North America,Upper Middle,High,1.456,1.281,1.02,72.93,9.63
2025-12-07,United States,Oceania,High,Low,2.209,2.029,1.377,95.56,29.94
2025-12-14,United States,North America,Upper Middle,Low,1.841,1.439,1.02,56.59,35.93
2025-12-21,United States,Asia,Lower Middle,High,1.462,1.273,0.917,73.21,7.82
2025-12-28,United States,Asia,High,High,1.315,1.128,0.84,50.36,21.94
2026-01-04,United States,Europe,High,Medium,1.846,1.438,1.029,82.07,11.84
2026-01-11,United States,Asia,High,Low,1.489,1.311,0.821,50.23,22.57
2026-01-18,United States,Europe,Lower Middle,High,1.976,1.911,1.302,102.36,8.05
2026-01-25,United States,North America,High,Medium,2.037,1.852,1.284,99.76,11.66
2026-02-01,United States,Oceania,Lower Middle,Low,1.922,1.89,1.231,76.02,34.7
2026-02-08,United States,Asia,Upper Middle,Low,1.718,1.532,1.077,70.35,24.06
2026-02-15,United States,Oceania,High,Low,1.78,1.646,1.092,71.42,27.22
2026-02-22,United States,Europe,Upper Middle,Medium,1.977,1.725,1.253,85.79,21.96
2026-03-01,United States,North America,Lower Middle,Medium,1.716,1.582,1.171,75.63,21.63
2026-03-08,United States,Asia,Upper Middle,Medium,1.629,1.304,1.024,76.8,9.32
2026-03-15,United States,Oceania,Lower Middle,Medium,2.257,1.766,1.381,86.02,30.59
2026-03-22,United States,Asia,Upper Middle,Medium,1.537,1.54,1.083,79.84,11.24
2026-03-29,United States,Europe,Upper Middle,Low,1.871,1.849,1.238,101.08,7.95
2020-01-05,Canada,Europe,Lower Middle,Medium,2.364,1.936,1.493,94.39,32.62
2020-01-12,Canada,North America,Upper Middle,High,2.178,1.893,1.306,76.12,38.36
2020-01-19,Canada,Oceania,Lower Middle,Medium,2.16,1.872,1.317,81.93,33.76
2020-01-26,Canada,Europe,Upper Middle,High,2.372,2.001,1.453,92.45,29.91
2020-02-02,Canada,Europe,Upper Middle,High,1.895,1.542,1.154,93.27,11.43
2020-02-09,Canada,Oceania,High,Medium,2.005,1.78,1.392,98.79,14.01
2020-02-16,Canada,Asia,Upper Middle,Medium,2.354,2.144,1.522,95.0,33.18
2020-02-23,Canada,North America,Upper Middle,High,1.672,1.656,1.128,78.49,16.77
2020-03-01,Canada,Oceania,Lower Middle,Medium,1.917,1.673,1.176,90.37,16.8
2020-03-08,Canada,North America,High,Medium,1.353,1.304,0.977,61.7,22.67
2020-03-15,Canada,North America,High,Medium,1.97,1.685,1.157,72.97,30.17
2020-03-22,Canada,Asia,Upper Middle,Low,2.151,1.828,1.457,101.65,17.12
2020-03-29,Canada,Oceania,High,Medium,1.594,1.352,0.992,72.01,8.48
2020-04-05,Canada,Asia,Upper Middle,Low,1.29,1.17,0.878,62.09,14.28
2020-04-12,Canada,North America,High,High,1.137,1.032,0.743,59.88,7.24
2020-04-19,Canada,Europe,Upper Middle,Low,2.179,1.945,1.411,94.61,23.65
2020-04-26,Canada,Europe,High,Low,2.428,2.052,1.498,105.95,25.15
2020-05-03,Canada,Asia,High,High,1.825,1.433,0.983,61.52,30.17
2020-05-10,Canada,Europe,Upper Middle,Low,2.078,1.665,1.254,90.19,19.08
2020-05-17,Canada,Oceania,Lower Middle,Medium,2.633,2.27,1.662,106.65,39.84
2020-05-24,Canada,Asia,Lower Middle,Low,1.368,1.114,0.93,62.55,9.56
2020-05-31,Canada,Asia,Upper Middle,High,1.124,0.942,0.797,50.53,18.37
2020-06-07,Canada,Oceania,Upper Middle,Low,1.711,1.669,1.068,58.02,37.74
2020-06-14,Canada,Asia,Lower Middle,High,2.495,2.214,1.497,95.92,37.53
2020-06-21,Canada,North America,Lower Middle,High,1.52,1.293,1.055,73.95,13.48
2020-06-28,Canada,Asia,High,High,1.753,1.575,1.057,60.84,38.17
2020-07-05,Canada,Asia,Upper Middle,High,1.901,1.786,1.236,86.49,20.56
2020-07-12,Canada,North America,High,Low,1.774,1.718,1.209,89.82,9.14
2020-07-19,Canada,North America,High,Medium,1.953,1.889,1.263,89.88,19.68
2020-07-26,Canada,Oceania,Lower Middle,Medium,1.299,1.137,0.823,52.3,17.89
2020-08-02,Canada,North America,Lower Middle,High,2.213,1.942,1.294,93.04,25.37
2020-08-09,Canada,Oceania,Upper Middle,Low,1.601,1.6,1.237,91.83,7.91
2020-08-16,Canada,Asia,Lower Middle,High,2.107,1.774,1.225,75.03,35.72
2020-08-23,Canada,Oceania,High,High,1.649,1.413,1.063,67.45,21.43
2020-08-30,Canada,North America,Upper Middle,Medium,2.146,1.772,1.269,80.79,30.04
2020-09-06,Canada,Asia,High,Low,2.268,1.946,1.502,103.47,21.11
2020-09-13,Canada,Asia,Upper Middle,High,1.173,0.98,0.633,54.75,6.65
2020-09-20,Canada,North America,High,High,2.419,2.238,1.39,95.71,36.27
2020-09-27,Canada,North America,Upper Middle,Low,2.672,2.159,1.451,103.25,36.29
2020-10-04,Canada,North America,High,High,1.606,1.298,0.907,58.57,25.29
2020-10-11,Canada,Oceania,High,High,2.125,1.787,1.319,85.26,33.72
2020-10-18,Canada,Asia,Lower Middle,High,2.376,1.947,1.518,102.18,21.53
2020-10-25,Canada,Asia,High,High,1.99,1.801,1.4,104.58,5.22
2020-11-01,Canada,Asia,High,Low,2.567,2.318,1.594,102.03,38.45
2020-11-08,Canada,Oceania,High,Medium,1.139,1.023,0.737,57.75,7.02
2020-11-15,Canada,Europe,Upper Middle,High,2.471,2.185,1.54,101.11,33.6
2020-11-22,Canada,Europe,Upper Middle,Low,1.876,1.645,1.094,70.52,33.35
2020-11-29,Canada,Europe,Upper Middle,Low,1.866,1.646,1.197,80.67,20.59
2020-12-06,Canada,North America,Lower Middle,Low,2.176,1.861,1.308,102.35,13.55
2020-12-13,Canada,Oceania,Upper Middle,Low,2.161,1.833,1.223,73.67,35.35
2020-12-20,Canada,Oceania,High,Medium,2.125,1.736,1.191,81.57,29.07
2020-12-27,Canada,Asia,Lower Middle,Medium,1.383,1.215,0.842,69.24,11.73
2021-01-03,Canada,North America,Upper Middle,High,1.799,1.629,1.076,64.5,28.84
2021-01-10,Canada,North America,Upper Middle,Medium,2.211,2.11,1.413,109.19,14.74
2021-01-17,Canada,North America,Upper Middle,High,1.746,1.349,1.005,77.62,12.62
2021-01-24,Canada,Europe,High,Medium,2.337,2.045,1.438,95.62,30.28
2021-01-31,Canada,Asia,Upper Middle,Low,1.85,1.482,1.04,75.1,20.55
2021-02-07,Canada,Asia,High,Medium,2.099,1.831,1.441,100.69,17.59
2021-02-14,Canada,Europe,High,High,2.567,2.264,1.629,109.58,32.22
2021-02-21,Canada,Europe,Lower Middle,Low,1.716,1.498,1.073,67.64,20.62
2021-02-28,Canada,Europe,High,High,1.319,1.45,0.859,56.26,24.91
2021-03-07,Canada,Oceania,High,Low,1.589,1.605,1.118,78.47,16.68
2021-03-14,Canada,Oceania,Upper Middle,Medium,2.079,1.804,1.34,92.87,20.56
2021-03-21,Canada,Europe,High,Medium,1.588,1.437,1.034,65.49,21.24
2021-03-28,Canada,Europe,Upper Middle,Medium,1.878,1.852,1.182,68.11,36.49
2021-04-04,Canada,Asia,High,Medium,2.002,1.809,1.375,98.41,13.81
2021-04-11,Canada,Oceania,Upper Middle,Low,1.588,1.455,0.992,58.0,29.21
2021-04-18,Canada,Asia,Lower Middle,High,2.393,2.055,1.477,88.97,35.38
2021-04-25,Canada,Europe,Upper Middle,Medium,1.899,1.604,1.159,87.29,12.7
2021-05-02,Canada,Oceania,Upper Middle,High,2.32,2.132,1.473,100.1,29.86
2021-05-09,Canada,Asia,Upper Middle,High,1.607,1.296,1.009,60.24,20.29
2021-05-16,Canada,North America,Upper Middle,Low,2.457,2.172,1.531,93.52,34.27
2021-05-23,Canada,Europe,Lower Middle,Low,1.855,1.691,1.094,65.31,31.88
2021-05-30,Canada,North America,High,Medium,1.349,1.246,0.836,53.31,19.94
2021-06-06,Canada,North America,Upper Middle,Medium,2.326,2.018,1.481,105.89,16.84
2021-06-13,Canada,Europe,Upper Middle,High,1.678,1.402,0.945,57.52,27.94
2021-06-20,Canada,Oceania,Lower Middle,Low,2.827,2.403,1.695,108.37,39.41
2021-06-27,Canada,North America,Lower Middle,Medium,2.658,2.234,1.482,100.33,35.7
2021-07-04,Canada,Oceania,Upper Middle,High,1.913,1.527,1.077,65.26,27.09
2021-07-11,Canada,Asia,Lower Middle,Medium,2.404,1.923,1.374,95.4,25.39
2021-07-18,Canada,North America,High,Medium,2.307,1.956,1.463,106.87,18.88
2021-07-25,Canada,Asia,High,High,1.778,1.628,1.18,70.98,25.87
2021-08-01,Canada,Oceania,Lower Middle,High,1.804,1.632,1.227,90.51,12.21
2021-08-08,Canada,Asia,Lower Middle,High,1.378,1.174,0.826,54.64,22.95
2021-08-15,Canada,North America,High,Medium,2.282,1.98,1.346,87.1,32.35
2021-08-22,Canada,Asia,High,High,1.55,1.365,1.007,75.92,6.16
2021-08-29,Canada,Oceania,Upper Middle,High,2.17,1.849,1.427,104.89,12.41
2021-09-05,Canada,Oceania,Lower Middle,High,1.9,1.529,1.192,65.2,36.33
2021-09-12,Canada,Asia,Lower Middle,Medium,1.666,1.445,0.978,68.57,20.68
2021-09-19,Canada,North America,Upper Middle,Low,2.137,1.996,1.392,99.98,21.02
2021-09-26,Canada,Asia,High,Low,1.671,1.343,0.964,62.34,26.48
2021-10-03,Canada,Asia,High,Low,1.44,1.327,0.884,68.22,8.26
2021-10-10,Canada,Oceania,Lower Middle,Medium,2.015,1.841,1.225,77.14,30.68
2021-10-17,Canada,North America,Upper Middle,High,1.536,1.354,0.932,71.95,13.03
2021-10-24,Canada,Oceania,Lower Middle,Low,2.633,2.213,1.634,99.94,39.71
2021-10-31,Canada,Europe,High,Low,2.447,2.151,1.406,101.43,33.6
2021-11-07,Canada,North America,Lower Middle,Low,1.743,1.488,1.073,84.41,8.44
2021-11-14,Canada,North America,High,Medium,2.612,2.07,1.572,104.73,27.16
2021-11-21,Canada,Oceania,Upper Middle,High,1.872,1.71,1.286,90.83,15.48
2021-11-28,Canada,Oceania,Upper Middle,High,1.936,1.825,1.215,98.33,7.69
2021-12-05,Canada,Oceania,High,Medium,1.913,1.67,1.256,97.71,9.75
2021-12-12,Canada,Europe,Upper Middle,High,1.306,1.088,0.779,65.64,8.24
2021-12-19,Canada,Oceania,High,Low,1.825,1.69,1.126,59.99,39.52
2021-12-26,Canada,North America,Upper Middle,High,2.144,2.031,1.459,100.58,20.61
2022-01-02,Canada,Europe,Lower Middle,High,2.181,1.834,1.415,95.17,22.5
2022-01-09,Canada,North America,Lower Middle,Medium,2.561,2.156,1.618,103.46,33.48
2022-01-16,Canada,North America,Upper Middle,Medium,1.163,1.032,0.743,58.66,8.27
2022-01-23,Canada,Oceania,Upper Middle,High,2.262,1.986,1.47,107.55,11.73
2022-01-30,Canada,Europe,Lower Middle,Low,0.93,1.064,0.651,50.52,5.7
2022-02-06,Canada,Europe,High,High,1.991,1.793,1.196,76.56,30.63
2022-02-13,Canada,North America,High,Medium,2.136,1.944,1.412,87.68,34.05
2022-02-20,Canada,Europe,High,Low,1.863,1.609,1.201,92.07,6.95
2022-02-27,Canada,Asia,Upper Middle,High,1.408,1.286,0.88,57.84,15.18
2022-03-06,Canada,North America,Upper Middle,Medium,1.976,1.697,1.261,81.98,27.1
2022-03-13,Canada,Europe,Upper Middle,High,1.93,1.797,1.239,87.38,20.64
2022-03-20,Canada,Asia,Upper Middle,Low,2.002,1.832,1.361,105.96,9.38
2022-03-27,Canada,Europe,Upper Middle,Low,1.757,1.434,1.102,67.12,25.5
2022-04-03,Canada,Asia,High,Low,1.217,1.137,0.751,50.29,19.44
2022-04-10,Canada,Asia,High,Low,2.309,2.017,1.362,82.0,39.86
2022-04-17,Canada,Europe,Upper Middle,High,1.646,1.421,0.984,51.18,35.78
2022-04-24,Canada,North America,Lower Middle,Medium,2.297,2.015,1.454,90.82,33.89
2022-05-01,Canada,Asia,High,Low,2.415,1.96,1.437,87.99,36.47
2022-05-08,Canada,Asia,High,Low,2.3,2.145,1.499,106.83,19.23
2022-05-15,Canada,Oceania,Upper Middle,Medium,2.193,1.764,1.453,108.09,10.17
2022-05-22,Canada,Europe,High,Low,1.766,1.522,1.171,88.71,5.59
2022-05-29,Canada,Asia,High,High,1.887,1.638,1.131,77.57,22.46
2022-06-05,Canada,North America,High,Medium,1.545,1.473,1.066,79.12,10.23
2022-06-12,Canada,Asia,High,Low,2.305,1.846,1.408,88.58,31.69
2022-06-19,Canada,Asia,Lower Middle,Medium,2.321,2.262,1.554,99.07,39.26
2022-06-26,Canada,North America,Upper Middle,High,2.551,2.254,1.546,101.2,34.97
2022-07-03,Canada,Asia,Upper Middle,Low,1.64,1.312,0.974,56.07,26.81
2022-07-10,Canada,North America,High,Medium,1.931,1.817,1.375,102.42,9.44
2022-07-17,Canada,Oceania,Lower Middle,Low,1.632,1.475,1.079,59.65,29.51
2022-07-24,Canada,Asia,Lower Middle,High,1.644,1.619,1.079,71.69,17.56
2022-07-31,Canada,Asia,Lower Middle,High,2.113,1.814,1.382,98.33,16.85
2022-08-07,Canada,North America,High,Low,1.824,1.44,1.091,64.3,32.79
2022-08-14,Canada,Oceania,Upper Middle,Medium,1.862,1.725,1.172,96.39,8.72
2022-08-21,Canada,Europe,Lower Middle,Medium,1.35,1.285,0.827,67.42,7.87
2022-08-28,Canada,Europe,High,High,1.704,1.54,1.046,79.85,14.66
2022-09-04,Canada,Oceania,Upper Middle,Low,1.819,1.592,1.051,70.32,24.73
2022-09-11,Canada,Europe,High,Medium,2.399,2.045,1.413,99.1,28.92
2022-09-18,Canada,Asia,Upper Middle,High,1.701,1.633,1.134,81.15,13.2
2022-09-25,Canada,Europe,Upper Middle,Medium,1.853,1.479,1.119,66.18,29.58
2022-10-02,Canada,Oceania,Upper Middle,Low,1.586,1.27,0.969,56.91,25.58
2022-10-09,Canada,Asia,Upper Middle,Low,1.08,0.908,0.721,54.65,5.63
2022-10-16,Canada,North America,Lower Middle,Low,2.243,1.883,1.35,78.28,39.34
2022-10-23,Canada,North America,Lower Middle,Medium,1.937,1.677,1.248,80.74,22.06
2022-10-30,Canada,Asia,Lower Middle,Medium,2.209,1.82,1.213,80.32,28.8
2022-11-06,Canada,Europe,Lower Middle,Medium,2.066,1.891,1.425,79.61,37.31
2022-11-13,Canada,North America,High,Low,1.629,1.244,1.02,66.76,17.93
2022-11-20,Canada,Europe,Lower Middle,High,1.355,1.199,0.805,62.61,9.07
2022-11-27,Canada,North America,High,Medium,2.468,2.135,1.565,96.96,37.81
2022-12-04,Canada,Asia,Upper Middle,High,2.322,2.176,1.452,107.3,26.38
2022-12-11,Canada,Oceania,Upper Middle,Medium,1.4,1.327,0.846,57.4,19.03
2022-12-18,Canada,Asia,Upper Middle,Medium,1.864,1.6,1.199,81.21,24.8
2022-12-25,Canada,Europe,Upper Middle,High,1.917,1.552,1.149,57.28,39.51
2023-01-01,Canada,Europe,Upper Middle,High,1.806,1.494,1.178,83.25,11.11
2023-01-08,Canada,Europe,Lower Middle,Low,1.973,1.703,1.161,89.95,12.54
2023-01-15,Canada,Asia,Lower Middle,Medium,1.39,1.169,0.789,60.15,11.56
2023-01-22,Canada,North America,Lower Middle,Low,1.586,1.462,1.049,52.23,37.12
2023-01-29,Canada,North America,Lower Middle,High,2.674,2.322,1.632,108.49,34.49
2023-02-05,Canada,Asia,Lower Middle,Medium,2.142,2.011,1.357,90.25,28.25
2023-02-12,Canada,Oceania,Lower Middle,High,2.108,1.926,1.312,87.32,26.24
2023-02-19,Canada,Asia,Lower Middle,High,1.692,1.402,0.972,76.67,9.96
2023-02-26,Canada,North America,Upper Middle,High,1.417,1.275,0.856,58.57,18.63
2023-03-05,Canada,Oceania,Upper Middle,Medium,1.493,1.324,0.9,51.06,29.61
2023-03-12,Canada,North America,Upper Middle,Medium,1.652,1.26,1.106,80.23,5.47
2023-03-19,Canada,Asia,High,High,2.505,2.342,1.624,106.0,30.32
2023-03-26,Canada,North America,Upper Middle,Low,1.879,1.683,1.164,80.57,24.1
2023-04-02,Canada,Asia,High,High,2.135,2.017,1.41,108.74,18.52
2023-04-09,Canada,North America,Lower Middle,High,1.449,1.283,1.015,61.4,21.12
2023-04-16,Canada,Europe,Lower Middle,Low,2.085,1.843,1.227,66.42,39.3
2023-04-23,Canada,Europe,Lower Middle,Low,1.271,1.403,0.884,52.25,24.92
2023-04-30,Canada,Oceania,High,High,2.057,1.835,1.228,82.5,27.03
2023-05-07,Canada,Europe,Lower Middle,Low,1.609,1.52,1.094,53.61,37.06
2023-05-14,Canada,Asia,High,Low,2.457,2.139,1.593,94.48,33.97
2023-05-21,Canada,Asia,Lower Middle,Low,2.497,2.178,1.586,103.52,30.65
2023-05-28,Canada,North America,Upper Middle,High,2.187,1.948,1.34,93.64,27.18
2023-06-04,Canada,North America,Upper Middle,Low,1.699,1.522,1.03,69.77,20.42
2023-06-11,Canada,Oceania,High,Low,1.604,1.284,0.999,81.36,5.83
2023-06-18,Canada,Oceania,Upper Middle,Low,1.878,1.702,1.108,71.13,34.98
2023-06-25,Canada,Asia,Lower Middle,Medium,1.95,1.876,1.23,97.84,14.43
2023-07-02,Canada,Asia,Upper Middle,High,2.609,2.142,1.611,106.85,31.84
2023-07-09,Canada,Oceania,High,High,2.238,1.894,1.411,96.48,24.68
2023-07-16,Canada,Europe,High,Medium,1.382,1.318,0.85,66.13,5.74
2023-07-23,Canada,Europe,Lower Middle,Medium,1.727,1.672,1.101,86.24,6.74
2023-07-30,Canada,North America,High,High,1.365,1.241,0.972,74.34,6.44
2023-08-06,Canada,North America,Lower Middle,Medium,2.18,1.853,1.424,101.12,17.48
2023-08-13,Canada,Europe,Upper Middle,Medium,2.549,2.296,1.601,108.14,29.99
2023-08-20,Canada,Asia,Lower Middle,Low,1.875,1.764,1.215,78.95,26.79
2023-08-27,Canada,Oceania,Lower Middle,Low,1.384,1.182,0.835,59.82,14.69
2023-09-03,Canada,Asia,High,Low,1.073,0.996,0.777,51.55,12.76
2023-09-10,Canada,Asia,Lower Middle,Medium,1.831,1.78,1.183,100.47,6.26
2023-09-17,Canada,Europe,Upper Middle,High,1.641,1.429,0.984,53.14,32.4
2023-09-24,Canada,Europe,High,Medium,2.367,2.083,1.484,100.72,30.45
2023-10-01,Canada,Asia,High,High,2.346,2.008,1.4,93.79,30.74
2023-10-08,Canada,Asia,Upper Middle,High,2.686,2.219,1.618,104.1,37.42
2023-10-15,Canada,Europe,Upper Middle,Medium,2.626,2.231,1.48,98.3,38.86
2023-10-22,Canada,Asia,High,Low,1.963,1.732,1.209,90.32,13.42
2023-10-29,Canada,Asia,Lower Middle,Medium,1.068,1.124,0.751,51.55,14.98
2023-11-05,Canada,Asia,Upper Middle,High,1.569,1.335,1.012,61.03,25.19
2023-11-12,Canada,Asia,Lower Middle,High,2.336,1.842,1.372,94.85,24.24
2023-11-19,Canada,Asia,High,Medium,2.344,2.013,1.53,92.41,37.2
2023-11-26,Canada,Asia,Upper Middle,Low,2.309,1.888,1.417,102.43,22.56
2023-12-03,Canada,Asia,High,High,1.612,1.509,1.116,61.46,32.67
2023-12-10,Canada,North America,Lower Middle,Low,1.276,1.158,0.861,57.05,13.82
2023-12-17,Canada,Asia,High,High,1.961,2.062,1.442,106.67,12.43
2023-12-24,Canada,Oceania,Lower Middle,Low,2.428,2.195,1.518,102.17,31.74
2023-12-31,Canada,Oceania,High,High,1.617,1.276,1.084,75.36,12.03
2024-01-07,Canada,Asia,Upper Middle,Medium,2.409,2.199,1.499,98.47,29.25
2024-01-14,Canada,Europe,Lower Middle,High,2.662,2.289,1.579,105.79,38.18
2024-01-21,Canada,North America,Upper Middle,Medium,1.718,1.422,1.037,63.6,26.07
2024-01-28,Canada,Europe,Lower Middle,High,2.663,2.311,1.562,103.92,36.37
2024-02-04,Canada,Oceania,Upper Middle,Low,1.453,1.288,0.906,65.07,16.22
2024-02-11,Canada,North America,High,Low,1.919,1.691,1.22,70.8,31.13
2024-02-18,Canada,North America,High,Medium,1.688,1.556,1.138,66.75,27.62
2024-02-25,Canada,Oceania,High,Medium,1.873,1.781,1.214,83.32,23.47
2024-03-03,Canada,Asia,High,Medium,1.704,1.374,1.075,74.05,15.41
2024-03-10,Canada,North America,Lower Middle,Medium,1.731,1.592,1.085,63.07,28.7
2024-03-17,Canada,Oceania,High,Medium,1.724,1.4,0.962,72.95,15.66
2024-03-24,Canada,North America,High,High,2.442,2.122,1.5,105.8,24.08
2024-03-31,Canada,North America,Upper Middle,Medium,2.191,1.946,1.37,101.42,19.53
2024-04-07,Canada,Europe,High,High,2.692,2.291,1.601,103.21,36.11
2024-04-14,Canada,North America,Upper Middle,Low,1.625,1.446,1.086,77.58,12.83
2024-04-21,Canada,Oceania,High,High,2.109,1.808,1.341,106.63,5.13
2024-04-28,Canada,Asia,High,Low,2.357,2.114,1.42,109.57,19.28
2024-05-05,Canada,Asia,Lower Middle,Low,1.829,1.596,1.109,60.45,38.7
2024-05-12,Canada,Asia,High,High,1.355,1.2,0.789,59.58,10.74
2024-05-19,Canada,Asia,Upper Middle,Medium,1.917,1.678,1.308,81.21,26.38
2024-05-26,Canada,Oceania,Upper Middle,Low,1.83,1.617,1.113,67.24,30.79
2024-06-02,Canada,North America,Lower Middle,Medium,1.724,1.67,1.218,75.57,24.33
2024-06-09,Canada,North America,Upper Middle,High,2.134,1.847,1.255,83.03,33.91
2024-06-16,Canada,Asia,High,Low,1.931,1.711,1.158,67.13,38.66
2024-06-23,Canada,Europe,Upper Middle,Low,2.133,1.886,1.374,82.12,32.59
2024-06-30,Canada,North America,High,Medium,1.056,1.044,0.674,53.12,5.45
2024-07-07,Canada,North America,Upper Middle,High,2.172,1.993,1.405,85.86,33.33
2024-07-14,Canada,North America,Upper Middle,Medium,1.29,1.319,0.909,61.83,12.47
2024-07-21,Canada,North America,High,Medium,1.498,1.238,1.017,73.42,8.71
2024-07-28,Canada,Oceania,High,Medium,1.237,1.026,0.921,60.02,9.24
2024-08-04,Canada,North America,Upper Middle,Low,2.552,2.396,1.565,105.89,36.79
2024-08-11,Canada,North America,High,Low,1.74,1.479,1.089,88.03,7.52
2024-08-18,Canada,North America,Upper Middle,High,2.261,2.119,1.48,107.48,22.61
2024-08-25,Canada,North America,Upper Middle,Low,1.651,1.37,1.074,76.08,11.75
2024-09-01,Canada,Asia,Upper Middle,Low,2.115,2.056,1.323,82.14,34.91
2024-09-08,Canada,Asia,Lower Middle,High,2.35,2.005,1.415,105.8,18.42
2024-09-15,Canada,Europe,High,Low,2.226,2.137,1.526,101.53,27.01
2024-09-22,Canada,North America,High,High,2.03,1.985,1.398,98.07,18.2
2024-09-29,Canada,Oceania,Upper Middle,Low,2.576,2.201,1.524,98.73,35.31
2024-10-06,Canada,Oceania,Lower Middle,High,2.055,1.675,1.275,89.37,18.38
2024-10-13,Canada,Europe,Upper Middle,Low,1.442,1.208,0.814,53.21,20.6
2024-10-20,Canada,North America,Upper Middle,Medium,1.934,1.724,1.162,68.6,33.42
2024-10-27,Canada,Asia,Upper Middle,Medium,1.818,1.446,1.059,63.72,35.89
2024-11-03,Canada,Europe,High,Medium,2.065,1.81,1.157,82.45,28.71
2024-11-10,Canada,Europe,Lower Middle,Medium,1.47,1.218,0.96,67.89,9.43
2024-11-17,Canada,North America,Lower Middle,Low,1.324,1.109,0.734,56.74,7.65
2024-11-24,Canada,Asia,Lower Middle,Medium,2.497,2.19,1.519,99.68,31.99
2024-12-01,Canada,North America,High,Medium,2.204,1.835,1.269,78.35,35.71
2024-12-08,Canada,Europe,Upper Middle,Medium,2.498,2.166,1.534,105.71,25.29
2024-12-15,Canada,Asia,Lower Middle,Low,1.59,1.413,1.006,64.18,28.15
2024-12-22,Canada,Europe,Lower Middle,Low,1.293,0.982,0.696,50.01,13.44
2024-12-29,Canada,North America,High,Low,2.133,1.913,1.292,86.4,29.82
2025-01-05,Canada,Europe,High,High,2.085,1.684,1.24,86.23,22.27
2025-01-12,Canada,Oceania,High,Medium,1.814,1.503,1.089,65.56,27.26
2025-01-19,Canada,Europe,High,Medium,1.938,1.899,1.383,105.97,7.74
2025-01-26,Canada,North America,High,High,2.202,1.879,1.216,79.22,35.74
2025-02-02,Canada,North America,High,Medium,1.647,1.799,1.154,64.82,36.49
2025-02-09,Canada,North America,High,Low,1.576,1.482,1.071,86.06,6.2
2025-02-16,Canada,Oceania,Lower Middle,Medium,1.343,1.277,0.816,54.47,22.63
2025-02-23,Canada,Oceania,High,High,1.577,1.333,0.972,84.27,5.31
2025-03-02,Canada,Europe,High,Low,1.856,1.679,1.229,87.12,15.84
2025-03-09,Canada,Asia,Lower Middle,Medium,2.109,1.999,1.393,85.55,34.25
2025-03-16,Canada,Europe,Upper Middle,High,2.251,2.015,1.385,105.1,19.28
2025-03-23,Canada,Oceania,Lower Middle,High,1.524,1.286,0.978,50.65,29.54
2025-03-30,Canada,Europe,Upper Middle,Medium,1.566,1.324,0.963,78.92,7.47
2025-04-06,Canada,Europe,Upper Middle,Low,2.499,2.101,1.543,104.7,24.39
2025-04-13,Canada,Europe,High,High,2.081,1.797,1.315,96.48,14.27
2025-04-20,Canada,Oceania,Upper Middle,Medium,1.884,1.694,1.225,76.58,26.62
2025-04-27,Canada,Europe,Upper Middle,Low,1.946,1.741,1.284,93.86,15.07
2025-05-04,Canada,North America,High,Low,1.825,1.692,1.139,76.31,26.39
2025-05-11,Canada,Asia,High,Low,2.297,1.934,1.433,103.21,18.24
2025-05-18,Canada,North America,High,Medium,1.852,1.75,1.348,96.23,12.37
2025-05-25,Canada,Asia,Upper Middle,High,2.375,2.126,1.402,105.33,25.74
2025-06-01,Canada,North America,Lower Middle,Low,1.915,1.62,1.123,79.18,22.67
2025-06-08,Canada,Europe,Lower Middle,Medium,2.291,2.018,1.405,106.84,17.92
2025-06-15,Canada,North America,High,High,1.783,1.433,1.065,67.6,22.17
2025-06-22,Canada,North America,High,Low,1.636,1.468,0.968,66.03,22.82
2025-06-29,Canada,Europe,High,High,1.153,0.992,0.803,56.07,5.4
2025-07-06,Canada,North America,Upper Middle,High,1.821,1.768,1.338,101.56,8.85
2025-07-13,Canada,Oceania,High,High,2.002,1.848,1.322,95.88,14.96
2025-07-20,Canada,North America,Upper Middle,High,1.979,1.663,1.263,76.04,33.68
2025-07-27,Canada,North America,Upper Middle,Low,1.853,1.598,1.245,78.81,23.74
2025-08-03,Canada,North America,Upper Middle,Low,1.715,1.491,1.16,69.24,24.33
2025-08-10,Canada,Europe,Lower Middle,Medium,2.262,1.855,1.282,99.02,19.31
2025-08-17,Canada,North America,High,Medium,2.338,2.188,1.549,107.83,27.46
2025-08-24,Canada,North America,High,Medium,2.007,1.826,1.242,75.9,31.73
2025-08-31,Canada,Oceania,High,Low,1.858,1.624,1.196,83.29,16.94
2025-09-07,Canada,Asia,High,High,1.855,1.535,1.178,59.64,39.24
2025-09-14,Canada,Oceania,High,Medium,1.81,1.641,1.201,66.48,36.07
2025-09-21,Canada,Oceania,High,Medium,1.412,1.354,0.918,59.09,20.46
2025-09-28,Canada,North America,High,High,1.666,1.57,1.005,64.76,23.62
2025-10-05,Canada,North America,Lower Middle,Low,2.239,1.977,1.491,94.57,28.16
2025-10-12,Canada,Europe,High,Low,1.976,1.652,1.083,81.11,17.33
2025-10-19,Canada,Europe,Lower Middle,Medium,1.952,1.849,1.24,91.63,22.13
2025-10-26,Canada,Europe,Lower Middle,Low,1.185,1.443,0.889,69.76,6.48
2025-11-02,Canada,North America,High,Low,2.749,2.377,1.67,109.1,38.1
2025-11-09,Canada,Oceania,Lower Middle,High,1.868,1.516,1.04,61.67,30.61
2025-11-16,Canada,Europe,High,Low,2.189,1.85,1.235,90.45,27.16
2025-11-23,Canada,Europe,Lower Middle,High,2.145,1.879,1.341,91.03,22.56
2025-11-30,Canada,North America,Upper Middle,Medium,1.567,1.188,0.829,69.53,8.32
2025-12-07,Canada,Europe,Lower Middle,High,2.47,2.2,1.623,103.7,29.01
2025-12-14,Canada,North America,Upper Middle,High,1.824,1.748,1.154,85.1,22.96
2025-12-21,Canada,Asia,High,Low,1.833,1.61,1.161,79.12,24.02
2025-12-28,Canada,Oceania,Upper Middle,Low,1.946,1.607,1.244,91.4,18.66
2026-01-04,Canada,Europe,Upper Middle,Low,2.43,2.114,1.508,103.27,29.6
2026-01-11,Canada,North America,Lower Middle,Low,1.6,1.392,0.948,51.38,36.39
2026-01-18,Canada,North America,Upper Middle,High,1.565,1.486,0.923,58.05,27.57
2026-01-25,Canada,Asia,High,Low,1.775,1.536,1.161,60.09,34.18
2026-02-01,Canada,Europe,High,High,2.468,2.108,1.558,109.93,26.27
2026-02-08,Canada,Europe,Upper Middle,High,2.426,2.072,1.49,100.73,26.38
2026-02-15,Canada,Europe,High,High,1.937,1.696,1.307,99.07,6.34
2026-02-22,Canada,North America,High,High,2.003,1.789,1.294,101.23,9.91
2026-03-01,Canada,Asia,High,High,2.534,2.149,1.593,102.66,33.46
2026-03-08,Canada,Oceania,Upper Middle,High,1.725,1.384,1.062,54.35,34.76
2026-03-15,Canada,Asia,High,High,2.026,1.701,1.341,97.54,12.88
2026-03-22,Canada,Oceania,Upper Middle,High,2.611,2.213,1.585,105.83,34.29
2026-03-29,Canada,Oceania,High,Medium,2.142,1.894,1.392,97.04,16.36
2020-01-05,Germany,Oceania,Upper Middle,Medium,2.417,2.04,1.39,97.36,30.32
2020-01-12,Germany,Asia,Lower Middle,High,1.551,1.433,1.028,63.47,22.51
2020-01-19,Germany,Europe,Upper Middle,High,1.57,1.332,1.036,73.62,11.72
2020-01-26,Germany,Europe,Lower Middle,Low,1.927,1.74,1.295,84.36,22.52
2020-02-02,Germany,Asia,High,High,1.669,1.377,1.006,61.32,22.78
2020-02-09,Germany,Oceania,Lower Middle,High,1.689,1.47,0.974,67.56,18.74
2020-02-16,Germany,Asia,Upper Middle,Medium,1.885,1.602,1.015,55.64,38.3
2020-02-23,Germany,Oceania,Lower Middle,High,1.836,1.675,1.291,79.29,27.07
2020-03-01,Germany,North America,High,High,1.438,1.442,0.932,57.21,23.71
2020-03-08,Germany,Asia,Upper Middle,High,2.554,2.188,1.447,100.4,30.37
2020-03-15,Germany,North America,Upper Middle,High,1.996,1.745,1.216,68.75,37.01
2020-03-22,Germany,Asia,Lower Middle,Medium,1.487,1.277,0.98,68.79,11.26
2020-03-29,Germany,Europe,High,High,2.719,2.276,1.666,105.58,38.66
2020-04-05,Germany,Asia,High,Medium,2.29,2.102,1.423,89.04,36.14
2020-04-12,Germany,Europe,Lower Middle,High,1.871,1.637,1.171,86.19,16.4
2020-04-19,Germany,North America,Upper Middle,High,2.097,1.765,1.338,108.46,6.62
2020-04-26,Germany,North America,High,Low,1.552,1.337,0.971,57.19,21.92
2020-05-03,Germany,Asia,High,High,2.08,1.787,1.304,90.16,21.69
2020-05-10,Germany,Oceania,Lower Middle,High,1.537,1.363,1.014,67.94,16.08
2020-05-17,Germany,Asia,Lower Middle,High,2.265,1.963,1.452,96.19,24.65
2020-05-24,Germany,Oceania,Upper Middle,Medium,2.488,2.229,1.509,94.96,38.76
2020-05-31,Germany,Asia,Upper Middle,Low,1.604,1.349,0.946,66.34,10.93
2020-06-07,Germany,Asia,Upper Middle,High,1.69,1.562,1.121,58.49,35.89
2020-06-14,Germany,Oceania,High,High,2.591,2.195,1.697,109.8,31.28
2020-06-21,Germany,Oceania,Lower Middle,Low,2.23,1.88,1.311,83.25,31.67
2020-06-28,Germany,Oceania,Upper Middle,Medium,1.641,1.507,1.048,84.91,6.94
2020-07-05,Germany,North America,High,High,2.484,2.178,1.589,109.13,24.39
2020-07-12,Germany,Europe,Upper Middle,Low,1.558,1.384,0.898,50.05,33.35
2020-07-19,Germany,Asia,Upper Middle,Low,2.23,1.863,1.39,93.62,25.29
2020-07-26,Germany,Europe,Upper Middle,High,1.486,1.329,0.933,76.69,6.63
2020-08-02,Germany,Oceania,High,Low,1.565,1.502,1.066,75.52,13.65
2020-08-09,Germany,Oceania,High,Low,2.519,2.301,1.646,106.17,35.33
2020-08-16,Germany,North America,Lower Middle,Low,1.764,1.414,0.936,56.18,30.17
2020-08-23,Germany,North America,Lower Middle,Low,2.159,1.952,1.489,94.97,27.07
2020-08-30,Germany,North America,Upper Middle,Medium,1.478,1.428,1.046,51.85,35.77
2020-09-06,Germany,Oceania,High,Medium,2.39,1.91,1.343,89.14,30.45
2020-09-13,Germany,North America,High,Low,1.766,1.566,1.1,57.38,39.52
2020-09-20,Germany,North America,Upper Middle,Low,1.133,0.934,0.724,51.25,12.81
2020-09-27,Germany,Asia,Lower Middle,Medium,2.495,2.389,1.579,106.43,36.71
2020-10-04,Germany,North America,Upper Middle,High,2.432,2.24,1.526,101.28,37.54
2020-10-11,Germany,Oceania,High,Medium,2.07,1.713,1.243,98.82,6.25
2020-10-18,Germany,Asia,Upper Middle,Low,1.621,1.439,0.983,76.37,7.35
2020-10-25,Germany,Oceania,Lower Middle,Medium,1.695,1.477,1.045,79.64,9.15
2020-11-01,Germany,North America,Upper Middle,Low,1.194,1.085,0.915,63.88,9.77
2020-11-08,Germany,Oceania,Upper Middle,Medium,1.631,1.498,1.127,70.75,17.52
2020-11-15,Germany,Oceania,Upper Middle,High,1.133,1.111,0.608,52.69,6.89
2020-11-22,Germany,Oceania,Lower Middle,Low,2.091,1.785,1.396,79.65,30.62
2020-11-29,Germany,Asia,High,Low,2.12,2.001,1.38,98.1,20.45
2020-12-06,Germany,Asia,Upper Middle,High,1.586,1.453,1.118,73.95,19.54
2020-12-13,Germany,Europe,High,Low,1.6,1.397,1.028,68.57,15.23
2020-12-20,Germany,Europe,Lower Middle,Low,1.118,0.855,0.775,52.96,5.08
2020-12-27,Germany,Oceania,Lower Middle,Medium,1.659,1.567,1.014,54.78,37.91
2021-01-03,Germany,Europe,High,Low,1.097,1.115,0.702,55.7,8.32
2021-01-10,Germany,Asia,High,High,1.71,1.61,1.008,71.56,21.64
2021-01-17,Germany,Asia,High,High,1.84,1.64,1.02,58.71,36.65
2021-01-24,Germany,North America,Lower Middle,Low,1.649,1.614,1.022,53.43,36.28
2021-01-31,Germany,Oceania,Lower Middle,Medium,1.674,1.613,1.137,64.64,31.72
2021-02-07,Germany,Europe,Upper Middle,High,2.636,2.123,1.583,108.96,27.3
2021-02-14,Germany,Asia,High,High,1.246,1.149,0.741,51.1,14.47
2021-02-21,Germany,Oceania,Upper Middle,High,2.291,1.943,1.395,97.04,20.86
2021-02-28,Germany,Asia,Upper Middle,Medium,2.455,2.129,1.452,104.8,26.3
2021-03-07,Germany,Europe,High,Medium,1.675,1.371,0.992,56.27,30.21
2021-03-14,Germany,North America,High,Low,1.991,1.609,1.28,71.82,31.48
2021-03-21,Germany,Europe,Upper Middle,Low,1.824,1.717,1.1,68.03,33.11
2021-03-28,Germany,North America,Upper Middle,Low,2.356,2.137,1.596,100.51,33.05
2021-04-04,Germany,Asia,High,Low,2.09,1.779,1.39,98.37,17.37
2021-04-11,Germany,Asia,High,Low,2.528,2.122,1.502,101.06,32.2
2021-04-18,Germany,Asia,Upper Middle,Medium,2.034,1.852,1.356,103.27,8.58
2021-04-25,Germany,Europe,Lower Middle,High,2.025,1.791,1.327,102.21,9.85
2021-05-02,Germany,Asia,High,Low,1.533,1.542,0.922,70.18,13.21
2021-05-09,Germany,Europe,Upper Middle,Low,1.858,1.599,1.08,60.19,38.8
2021-05-16,Germany,North America,Lower Middle,Medium,1.484,1.421,0.968,57.79,30.04
2021-05-23,Germany,Asia,Upper Middle,Medium,2.048,1.657,1.253,86.57,25.48
2021-05-30,Germany,Asia,Upper Middle,High,2.166,1.922,1.428,90.98,28.13
2021-06-06,Germany,North America,High,Medium,1.355,1.26,0.834,58.07,16.21
2021-06-13,Germany,Oceania,Lower Middle,Medium,2.365,1.976,1.52,109.3,18.61
2021-06-20,Germany,North America,Upper Middle,Medium,2.104,2.043,1.428,96.22,22.49
2021-06-27,Germany,Oceania,Lower Middle,Medium,1.701,1.505,1.148,81.79,15.15
2021-07-04,Germany,Asia,High,Low,1.148,0.911,0.713,50.01,9.44
2021-07-11,Germany,Asia,Upper Middle,High,1.773,1.492,1.172,68.63,26.55
2021-07-18,Germany,Oceania,Upper Middle,High,2.251,1.934,1.371,92.21,27.57
2021-07-25,Germany,Asia,Lower Middle,Low,1.908,1.647,1.297,90.33,11.89
2021-08-01,Germany,North America,Upper Middle,Low,2.02,1.648,1.35,90.67,25.02
2021-08-08,Germany,North America,Lower Middle,Medium,1.546,1.249,0.914,53.14,28.99
2021-08-15,Germany,Oceania,Upper Middle,Medium,1.624,1.593,1.144,79.18,15.45
2021-08-22,Germany,Asia,High,Low,1.043,0.929,0.685,50.41,10.35
2021-08-29,Germany,Europe,High,High,1.536,1.428,0.973,70.09,16.56
2021-09-05,Germany,Oceania,High,High,2.044,1.982,1.32,91.34,24.85
2021-09-12,Germany,Asia,High,Low,2.054,1.951,1.309,78.06,35.62
2021-09-19,Germany,Europe,High,Medium,2.513,2.22,1.567,105.72,33.15
2021-09-26,Germany,Europe,High,Medium,1.866,1.558,1.101,83.08,17.58
2021-10-03,Germany,Asia,Lower Middle,High,1.438,1.15,0.904,69.46,8.89
2021-10-10,Germany,North America,High,Medium,1.866,1.663,1.153,87.75,10.34
2021-10-17,Germany,North America,Lower Middle,High,1.828,1.62,1.12,71.59,28.37
2021-10-24,Germany,Europe,Upper Middle,Medium,1.375,1.214,0.83,62.25,13.65
2021-10-31,Germany,North America,Lower Middle,Low,1.783,1.541,1.275,95.5,5.77
2021-11-07,Germany,Oceania,High,Low,1.549,1.429,0.996,53.76,33.54
2021-11-14,Germany,North America,Lower Middle,Low,1.644,1.345,0.933,58.47,26.31
2021-11-21,Germany,Europe,Lower Middle,Low,2.489,2.158,1.409,98.62,32.89
2021-11-28,Germany,Oceania,High,High,2.284,2.234,1.563,96.28,34.45
2021-12-05,Germany,North America,Upper Middle,High,1.228,1.196,0.844,51.22,21.78
2021-12-12,Germany,North America,Upper Middle,Low,1.578,1.23,1.099,70.26,19.65
2021-12-19,Germany,North America,Upper Middle,High,2.577,2.319,1.574,101.62,38.1
2021-12-26,Germany,Asia,Upper Middle,High,1.564,1.431,1.041,53.9,33.89
2022-01-02,Germany,North America,Upper Middle,Medium,1.392,1.463,0.962,75.72,9.43
2022-01-09,Germany,Asia,Upper Middle,High,2.38,2.037,1.514,97.1,33.76
2022-01-16,Germany,Europe,Upper Middle,High,2.031,1.783,1.292,102.79,6.58
2022-01-23,Germany,Oceania,Lower Middle,High,1.991,1.776,1.32,79.38,31.69
2022-01-30,Germany,Asia,High,High,1.144,1.046,0.729,53.1,10.55
2022-02-06,Germany,Asia,Upper Middle,Medium,2.526,2.278,1.645,108.07,35.2
2022-02-13,Germany,Asia,Lower Middle,Medium,1.885,1.769,1.276,86.46,23.83
2022-02-20,Germany,Europe,Lower Middle,Medium,1.617,1.678,1.123,69.44,25.55
2022-02-27,Germany,Oceania,High,High,2.12,1.944,1.329,78.22,38.47
2022-03-06,Germany,Oceania,Lower Middle,High,2.542,2.332,1.603,101.5,38.49
2022-03-13,Germany,Asia,High,Medium,1.948,1.801,1.092,71.38,34.14
2022-03-20,Germany,Oceania,Lower Middle,Low,1.607,1.505,1.043,77.13,9.67
2022-03-27,Germany,Europe,High,Medium,2.428,2.002,1.467,87.82,36.78
2022-04-03,Germany,Asia,High,High,1.541,1.398,0.997,61.94,25.57
2022-04-10,Germany,Europe,Lower Middle,Low,1.358,1.393,0.944,66.2,12.24
2022-04-17,Germany,North America,Upper Middle,Medium,1.381,1.302,0.961,64.52,14.75
2022-04-24,Germany,Europe,Lower Middle,High,2.018,1.984,1.374,106.7,9.96
2022-05-01,Germany,Europe,High,Low,2.216,1.961,1.39,95.53,23.64
2022-05-08,Germany,Asia,Lower Middle,Low,1.732,1.439,1.133,81.21,15.32
2022-05-15,Germany,Asia,Upper Middle,Medium,2.104,1.828,1.245,81.35,32.37
2022-05-22,Germany,Asia,High,High,1.682,1.481,1.014,75.17,16.08
2022-05-29,Germany,Oceania,High,High,1.306,1.114,0.848,60.21,16.06
2022-06-05,Germany,North America,Upper Middle,Medium,1.66,1.501,1.043,59.2,30.67
2022-06-12,Germany,Oceania,Lower Middle,Medium,1.07,0.985,0.607,52.9,10.2
2022-06-19,Germany,Europe,Lower Middle,High,1.567,1.41,0.937,59.77,22.12
2022-06-26,Germany,Oceania,High,Low,2.241,2.091,1.463,96.88,28.8
2022-07-03,Germany,Asia,Lower Middle,High,1.818,1.595,1.187,74.4,25.19
2022-07-10,Germany,Oceania,High,Medium,2.429,2.073,1.335,98.26,28.07
2022-07-17,Germany,Oceania,Lower Middle,Medium,1.949,1.753,1.201,100.74,9.04
2022-07-24,Germany,Oceania,Lower Middle,Low,2.083,1.802,1.343,99.69,10.97
2022-07-31,Germany,Oceania,Lower Middle,Low,2.219,2.017,1.326,82.52,37.17
2022-08-07,Germany,North America,Upper Middle,Low,1.772,1.669,1.12,66.11,35.14
2022-08-14,Germany,North America,High,High,1.288,1.125,0.779,53.69,14.45
2022-08-21,Germany,Europe,Lower Middle,Low,2.276,1.971,1.507,96.56,32.91
2022-08-28,Germany,Oceania,Lower Middle,Medium,2.094,1.928,1.151,74.17,36.75
2022-09-04,Germany,North America,High,Low,1.383,1.231,0.852,50.08,22.4
2022-09-11,Germany,Oceania,High,Medium,1.987,1.716,1.274,91.25,13.75
2022-09-18,Germany,Asia,Upper Middle,Medium,2.238,2.142,1.447,104.17,18.81
2022-09-25,Germany,Asia,High,Low,2.404,2.061,1.386,84.94,39.51
2022-10-02,Germany,North America,Lower Middle,Low,1.762,1.484,1.118,78.03,13.4
2022-10-09,Germany,Asia,Upper Middle,Low,2.614,2.074,1.571,98.54,33.01
2022-10-16,Germany,Asia,High,High,1.975,1.744,1.212,83.21,22.37
2022-10-23,Germany,Asia,Upper Middle,High,1.537,1.219,0.894,61.82,19.45
2022-10-30,Germany,Oceania,Lower Middle,Medium,1.616,1.421,0.996,59.35,35.81
2022-11-06,Germany,Europe,High,Low,1.92,1.789,1.282,83.25,24.56
2022-11-13,Germany,Oceania,Upper Middle,Medium,1.888,1.883,1.21,80.75,24.11
2022-11-20,Germany,Asia,Lower Middle,High,2.804,2.284,1.741,104.26,39.96
2022-11-27,Germany,Europe,High,Low,1.421,1.233,0.977,61.28,19.98
2022-12-04,Germany,Europe,Upper Middle,Medium,2.265,2.212,1.46,86.35,38.7
2022-12-11,Germany,North America,Upper Middle,Medium,1.45,1.388,0.914,64.24,14.19
2022-12-18,Germany,Europe,Upper Middle,Medium,1.824,1.474,1.054,62.88,27.32
2022-12-25,Germany,Europe,Lower Middle,High,1.272,1.15,0.816,51.9,14.05
2023-01-01,Germany,Oceania,High,Medium,2.334,2.115,1.46,101.94,30.35
2023-01-08,Germany,Asia,Lower Middle,Medium,1.518,1.41,0.988,65.12,20.9
2023-01-15,Germany,Oceania,Upper Middle,High,1.365,1.22,0.839,57.25,19.91
2023-01-22,Germany,Asia,Lower Middle,High,1.172,1.003,0.817,58.97,8.63
2023-01-29,Germany,North America,High,Medium,2.11,1.809,1.349,99.93,17.64
2023-02-05,Germany,Europe,Lower Middle,Medium,2.216,1.881,1.346,90.28,23.31
2023-02-12,Germany,Asia,High,Medium,2.214,2.026,1.357,82.28,36.77
2023-02-19,Germany,North America,High,Medium,1.272,1.111,0.888,56.66,14.75
2023-02-26,Germany,North America,Upper Middle,High,2.068,1.62,1.302,89.53,24.83
2023-03-05,Germany,Oceania,Upper Middle,High,2.417,2.012,1.588,107.88,22.82
2023-03-12,Germany,Oceania,Upper Middle,Low,1.629,1.555,1.008,79.02,10.52
2023-03-19,Germany,North America,Upper Middle,Medium,1.568,1.437,0.944,63.13,23.27
2023-03-26,Germany,Europe,Lower Middle,Low,1.433,1.272,0.854,52.19,26.71
2023-04-02,Germany,Oceania,Lower Middle,Low,1.873,1.53,1.093,55.03,39.75
2023-04-09,Germany,Europe,High,High,1.526,1.294,1.028,73.49,14.17
2023-04-16,Germany,Europe,High,Low,1.683,1.398,1.007,68.53,15.24
2023-04-23,Germany,Asia,High,Medium,1.615,1.332,1.058,83.59,5.29
2023-04-30,Germany,Asia,Lower Middle,High,2.025,1.814,1.296,91.39,21.86
2023-05-07,Germany,Europe,Lower Middle,Medium,2.05,1.801,1.239,87.32,22.7
2023-05-14,Germany,Europe,High,High,2.157,1.794,1.181,71.01,37.1
2023-05-21,Germany,Asia,Lower Middle,Low,1.745,1.484,1.112,83.61,10.38
2023-05-28,Germany,Oceania,Upper Middle,Medium,1.434,1.113,0.824,53.65,20.01
2023-06-04,Germany,North America,Upper Middle,Low,2.467,1.996,1.565,108.83,22.28
2023-06-11,Germany,Europe,Upper Middle,Low,2.166,1.865,1.355,81.89,35.52
2023-06-18,Germany,North America,Upper Middle,Medium,2.31,2.079,1.447,93.94,32.19
2023-06-25,Germany,Asia,High,High,1.803,1.665,1.224,94.1,8.87
2023-07-02,Germany,Asia,High,Medium,1.872,1.602,1.132,93.29,5.21
2023-07-09,Germany,Asia,Lower Middle,Medium,1.237,1.136,0.778,56.44,12.21
2023-07-16,Germany,Oceania,High,High,1.742,1.44,1.027,68.8,21.18
2023-07-23,Germany,Europe,Lower Middle,Medium,2.617,2.145,1.612,99.52,39.55
2023-07-30,Germany,North America,High,Low,1.299,1.145,0.9,50.32,24.77
2023-08-06,Germany,North America,Upper Middle,Low,2.014,1.851,1.345,97.1,11.72
2023-08-13,Germany,Asia,High,High,2.168,1.985,1.256,89.69,25.72
2023-08-20,Germany,North America,High,High,1.882,1.674,1.231,83.26,16.51
2023-08-27,Germany,Oceania,High,Low,2.54,2.013,1.541,95.58,32.08
2023-09-03,Germany,Europe,Upper Middle,High,1.738,1.557,1.106,85.26,13.83
2023-09-10,Germany,Europe,Lower Middle,High,1.867,1.686,1.087,59.92,39.22
2023-09-17,Germany,North America,Upper Middle,High,1.99,1.778,1.147,81.93,19.08
2023-09-24,Germany,Asia,High,Medium,1.052,1.08,0.738,54.45,8.63
2023-10-01,Germany,Oceania,Lower Middle,Medium,2.385,1.99,1.514,102.35,22.77
2023-10-08,Germany,Oceania,High,Low,1.958,1.612,1.237,70.89,29.86
2023-10-15,Germany,Oceania,Upper Middle,High,2.173,1.808,1.292,92.15,27.19
2023-10-22,Germany,Oceania,High,Low,1.905,1.661,1.173,79.39,23.11
2023-10-29,Germany,Europe,Upper Middle,Medium,1.78,1.48,1.044,68.9,25.14
2023-11-05,Germany,Europe,Lower Middle,Low,2.658,2.337,1.635,106.65,33.41
2023-11-12,Germany,North America,High,Low,1.96,1.753,1.126,71.88,35.02
2023-11-19,Germany,Europe,Upper Middle,Low,1.973,1.733,1.132,72.2,30.93
2023-11-26,Germany,Europe,Upper Middle,High,1.939,1.592,1.132,69.85,31.42
2023-12-03,Germany,Asia,Upper Middle,High,1.865,1.673,1.253,98.15,6.45
2023-12-10,Germany,Oceania,Lower Middle,High,2.075,1.977,1.284,102.33,15.11
2023-12-17,Germany,Oceania,Lower Middle,Low,1.313,1.103,0.79,57.48,11.59
2023-12-24,Germany,Asia,High,Low,2.432,2.11,1.539,92.26,33.1
2023-12-31,Germany,Oceania,Lower Middle,Low,2.61,2.368,1.664,106.27,35.18
2024-01-07,Germany,Asia,Upper Middle,High,2.21,1.951,1.381,93.15,25.47
2024-01-14,Germany,Asia,High,High,2.263,1.845,1.378,91.38,28.77
2024-01-21,Germany,Oceania,High,Low,2.065,1.84,1.24,87.04,19.17
2024-01-28,Germany,Europe,Lower Middle,Medium,1.888,1.664,1.03,74.43,19.32
2024-02-04,Germany,Asia,High,Low,1.855,1.563,1.157,89.37,12.37
2024-02-11,Germany,North America,High,Medium,2.26,1.947,1.394,88.28,31.92
2024-02-18,Germany,Europe,High,High,1.521,1.307,0.933,67.14,14.48
2024-02-25,Germany,Europe,High,Medium,2.255,1.978,1.429,85.42,37.71
2024-03-03,Germany,Asia,Upper Middle,Low,1.383,1.464,0.852,63.61,15.88
2024-03-10,Germany,North America,High,Medium,1.707,1.585,0.956,62.36,34.0
2024-03-17,Germany,Europe,Lower Middle,Medium,2.317,1.95,1.443,102.51,22.93
2024-03-24,Germany,Europe,Upper Middle,Medium,2.252,1.946,1.468,97.51,25.41
2024-03-31,Germany,Oceania,Upper Middle,High,2.064,1.703,1.253,88.07,23.64
2024-04-07,Germany,Oceania,Upper Middle,Low,2.263,2.076,1.45,105.64,19.09
2024-04-14,Germany,Europe,Lower Middle,Low,2.187,1.946,1.305,94.07,17.85
2024-04-21,Germany,Oceania,Upper Middle,High,2.236,1.96,1.368,100.46,22.97
2024-04-28,Germany,Asia,High,Medium,1.344,1.113,0.922,68.46,6.48
2024-05-05,Germany,Oceania,High,Low,2.331,2.05,1.478,98.43,31.51
2024-05-12,Germany,North America,Lower Middle,High,1.374,1.054,0.763,52.69,15.38
2024-05-19,Germany,North America,Upper Middle,Medium,2.156,2.047,1.469,90.65,31.54
2024-05-26,Germany,North America,High,Medium,2.363,2.027,1.597,100.46,27.53
2024-06-02,Germany,Europe,Upper Middle,High,2.249,2.239,1.568,108.14,21.36
2024-06-09,Germany,North America,Upper Middle,Low,2.205,1.847,1.277,106.61,8.45
2024-06-16,Germany,Europe,Lower Middle,High,1.813,1.512,0.972,60.77,31.8
2024-06-23,Germany,Asia,Upper Middle,Low,2.179,1.944,1.492,83.3,36.65
2024-06-30,Germany,Europe,High,Low,1.557,1.544,0.993,71.35,13.75
2024-07-07,Germany,North America,High,Medium,2.058,1.782,1.355,100.62,11.24
2024-07-14,Germany,Europe,High,Low,1.781,1.418,1.097,81.81,9.82
2024-07-21,Germany,North America,Upper Middle,Low,2.011,1.887,1.355,90.44,23.95
2024-07-28,Germany,North America,Lower Middle,Low,2.492,2.149,1.478,95.14,35.24
2024-08-04,Germany,Europe,Lower Middle,High,1.749,1.772,1.13,67.74,29.69
2024-08-11,Germany,North America,Upper Middle,High,1.427,1.162,0.853,61.32,8.97
2024-08-18,Germany,Asia,Upper Middle,Low,1.285,1.156,0.753,61.51,6.75
2024-08-25,Germany,North America,Lower Middle,Medium,1.146,1.062,0.729,53.4,6.03
2024-09-01,Germany,North America,Lower Middle,High,2.807,2.445,1.637,106.95,39.95
2024-09-08,Germany,North America,Lower Middle,High,2.209,1.864,1.329,95.85,23.89
2024-09-15,Germany,Europe,Lower Middle,High,1.315,1.172,0.851,68.73,5.44
2024-09-22,Germany,Oceania,High,Low,1.752,1.521,1.067,80.5,10.51
2024-09-29,Germany,Asia,High,Low,1.852,1.745,1.19,96.21,9.95
2024-10-06,Germany,Oceania,High,High,2.631,2.225,1.667,106.94,32.2
2024-10-13,Germany,North America,Lower Middle,Low,1.94,1.657,1.204,92.07,15.17
2024-10-20,Germany,Asia,Upper Middle,Medium,1.872,1.647,1.202,92.91,10.99
2024-10-27,Germany,Europe,High,Medium,1.065,1.123,0.81,58.08,10.28
2024-11-03,Germany,North America,Upper Middle,Low,1.512,1.305,0.942,71.3,7.54
2024-11-10,Germany,Oceania,High,Medium,2.5,2.076,1.579,98.79,38.41
2024-11-17,Germany,North America,High,Medium,1.542,1.313,0.846,60.12,16.05
2024-11-24,Germany,North America,High,Medium,1.311,1.252,0.856,56.73,15.19
2024-12-01,Germany,Europe,Upper Middle,Low,1.102,0.768,0.64,54.94,5.09
2024-12-08,Germany,Europe,High,High,1.722,1.413,0.845,60.75,27.65
2024-12-15,Germany,North America,Lower Middle,Low,1.936,1.724,1.167,77.88,26.55
2024-12-22,Germany,Europe,High,Low,1.915,1.618,1.119,68.28,33.79
2024-12-29,Germany,Asia,Upper Middle,High,1.455,1.244,0.869,63.05,13.9
2025-01-05,Germany,North America,High,Medium,2.797,2.47,1.674,109.33,38.22
2025-01-12,Germany,Oceania,High,Low,2.067,1.876,1.367,86.25,28.47
2025-01-19,Germany,North America,Upper Middle,Low,1.662,1.6,1.07,73.64,19.57
2025-01-26,Germany,Europe,Lower Middle,High,2.647,2.322,1.684,106.78,30.67
2025-02-02,Germany,Asia,Upper Middle,Low,2.317,2.091,1.397,100.32,25.38
2025-02-09,Germany,Europe,Upper Middle,High,1.907,1.801,1.294,76.35,34.51
2025-02-16,Germany,North America,Upper Middle,Medium,2.214,2.042,1.341,93.08,31.0
2025-02-23,Germany,Asia,Lower Middle,High,1.462,1.229,0.985,59.21,19.74
2025-03-02,Germany,Asia,Upper Middle,Medium,1.635,1.343,0.968,57.67,30.86
2025-03-09,Germany,North America,Upper Middle,Medium,1.226,0.987,0.713,53.86,6.93
2025-03-16,Germany,Asia,High,Low,2.1,2.006,1.368,98.83,22.27
2025-03-23,Germany,Asia,High,High,2.08,1.826,1.295,104.2,8.65
2025-03-30,Germany,Asia,Upper Middle,Low,2.2,1.962,1.209,78.26,37.12
2025-04-06,Germany,Europe,Upper Middle,Medium,1.858,1.773,1.154,64.01,39.81
2025-04-13,Germany,Asia,Lower Middle,Medium,1.361,1.162,0.796,51.11,20.32
2025-04-20,Germany,Asia,Upper Middle,Medium,1.494,1.283,0.999,57.93,18.17
2025-04-27,Germany,Asia,High,Low,2.287,2.077,1.342,80.68,38.4
2025-05-04,Germany,Oceania,Upper Middle,Low,2.246,1.943,1.318,106.7,11.84
2025-05-11,Germany,Europe,Lower Middle,High,1.763,1.523,1.092,86.02,9.13
2025-05-18,Germany,Asia,Upper Middle,High,2.071,1.84,1.159,84.66,23.03
2025-05-25,Germany,North America,Lower Middle,Medium,1.826,1.815,1.193,85.23,21.68
2025-06-01,Germany,Oceania,High,Medium,2.132,1.973,1.39,99.19,24.39
2025-06-08,Germany,North America,High,Low,1.628,1.523,1.161,76.32,18.77
2025-06-15,Germany,Europe,Lower Middle,Low,2.087,1.923,1.361,81.92,33.32
2025-06-22,Germany,Asia,Upper Middle,Medium,2.754,2.372,1.731,107.95,37.96
2025-06-29,Germany,North America,Upper Middle,Medium,2.1,1.755,1.284,101.58,14.02
2025-07-06,Germany,Oceania,Lower Middle,High,2.315,2.159,1.421,93.11,31.95
2025-07-13,Germany,Asia,Upper Middle,High,2.573,2.264,1.623,107.97,33.74
2025-07-20,Germany,North America,High,Medium,2.104,1.894,1.223,75.71,30.43
2025-07-27,Germany,Europe,Upper Middle,Low,1.069,0.973,0.713,50.56,6.15
2025-08-03,Germany,North America,Upper Middle,Low,2.256,2.086,1.488,88.55,37.59
2025-08-10,Germany,North America,Lower Middle,Medium,1.913,1.698,1.319,96.11,12.76
2025-08-17,Germany,Europe,High,Low,2.653,2.361,1.58,106.85,35.96
2025-08-24,Germany,North America,High,Low,1.65,1.479,1.116,60.83,31.81
2025-08-31,Germany,Europe,Upper Middle,Medium,2.325,1.97,1.572,109.71,18.97
2025-09-07,Germany,Oceania,High,Medium,1.525,1.282,0.965,75.9,6.83
2025-09-14,Germany,Asia,High,High,1.642,1.625,1.039,65.17,23.11
2025-09-21,Germany,Asia,High,High,2.049,1.879,1.294,74.88,37.56
2025-09-28,Germany,Oceania,High,Medium,1.444,1.314,0.961,68.29,13.98
2025-10-05,Germany,Asia,Upper Middle,Medium,1.82,1.598,1.056,65.11,32.21
2025-10-12,Germany,Oceania,Upper Middle,Low,2.399,1.871,1.401,88.18,31.29
2025-10-19,Germany,Europe,High,Low,1.945,1.743,1.225,78.54,23.78
2025-10-26,Germany,Asia,High,Medium,2.008,1.824,1.302,104.99,6.75
2025-11-02,Germany,Asia,Upper Middle,Low,2.179,1.951,1.389,97.24,19.31
2025-11-09,Germany,Asia,Lower Middle,Low,1.08,0.922,0.716,50.41,6.52
2025-11-16,Germany,Oceania,Lower Middle,Medium,2.278,1.944,1.394,101.78,21.85
2025-11-23,Germany,Asia,High,High,2.034,1.722,1.346,83.57,28.29
2025-11-30,Germany,Europe,High,High,1.251,1.231,0.898,60.48,15.01
2025-12-07,Germany,Asia,Lower Middle,High,1.891,1.786,1.304,75.1,32.25
2025-12-14,Germany,Oceania,Upper Middle,Medium,2.062,1.765,1.247,71.93,37.77
2025-12-21,Germany,Europe,Lower Middle,High,1.922,1.711,1.179,62.02,39.67
2025-12-28,Germany,Oceania,High,Medium,1.806,1.609,1.101,84.4,12.71
2026-01-04,Germany,Oceania,High,Medium,2.064,2.044,1.434,105.04,18.7
2026-01-11,Germany,North America,Lower Middle,Medium,2.122,1.852,1.3,77.09,37.85
2026-01-18,Germany,Oceania,High,High,1.352,1.126,0.88,51.23,23.27
2026-01-25,Germany,Oceania,Upper Middle,Low,2.337,1.88,1.41,91.21,32.17
2026-02-01,Germany,North America,Upper Middle,High,2.384,1.967,1.492,90.63,35.61
2026-02-08,Germany,Europe,High,Medium,2.376,2.05,1.365,104.82,21.46
2026-02-15,Germany,North America,Lower Middle,Medium,2.378,2.103,1.487,93.39,33.06
2026-02-22,Germany,North America,Upper Middle,Medium,1.812,1.698,1.117,71.75,30.82
2026-03-01,Germany,North America,Lower Middle,Low,1.975,1.747,1.348,107.42,7.12
2026-03-08,Germany,Europe,Upper Middle,High,1.872,1.558,1.113,73.56,26.56
2026-03-15,Germany,Asia,Lower Middle,Medium,1.984,1.6,1.232,83.49,16.37
2026-03-22,Germany,North America,High,Medium,2.139,1.906,1.289,79.1,36.71
2026-03-29,Germany,Asia,Lower Middle,Low,2.067,1.718,1.263,94.56,11.3
2020-01-05,United Kingdom,Europe,Lower Middle,Medium,1.547,1.354,0.915,51.93,27.54
2020-01-12,United Kingdom,Oceania,Upper Middle,Low,1.517,1.391,0.79,51.93,26.86
2020-01-19,United Kingdom,Asia,High,Medium,1.429,1.294,0.914,65.61,11.2
2020-01-26,United Kingdom,Oceania,Lower Middle,Low,1.934,1.646,1.199,68.67,31.95
2020-02-02,United Kingdom,Asia,High,Low,1.678,1.538,1.072,67.98,26.81
2020-02-09,United Kingdom,Europe,High,High,2.124,1.913,1.173,77.61,36.63
2020-02-16,United Kingdom,North America,Upper Middle,High,1.784,1.613,1.042,61.26,33.74
2020-02-23,United Kingdom,North America,Lower Middle,Low,1.688,1.489,1.089,77.17,13.51
2020-03-01,United Kingdom,Europe,Lower Middle,Low,2.463,2.333,1.593,106.18,33.26
2020-03-08,United Kingdom,Europe,Lower Middle,High,1.885,1.861,1.267,104.53,5.74
2020-03-15,United Kingdom,Europe,Upper Middle,Medium,2.282,1.865,1.306,86.74,30.07
2020-03-22,United Kingdom,Oceania,High,Low,2.106,2.019,1.412,99.67,18.4
2020-03-29,United Kingdom,Asia,High,Medium,2.403,2.236,1.57,108.33,26.61
2020-04-05,United Kingdom,Europe,Upper Middle,High,1.751,1.564,1.212,77.75,24.46
2020-04-12,United Kingdom,Asia,Upper Middle,Medium,2.746,2.431,1.655,104.96,38.53
2020-04-19,United Kingdom,Oceania,Upper Middle,High,2.415,2.173,1.423,90.91,39.77
2020-04-26,United Kingdom,Oceania,High,High,1.715,1.531,0.961,57.15,27.72
2020-05-03,United Kingdom,Europe,High,High,2.18,1.956,1.448,87.5,32.29
2020-05-10,United Kingdom,Asia,High,Medium,1.252,1.211,0.862,60.65,21.71
2020-05-17,United Kingdom,North America,Lower Middle,High,1.482,1.314,0.926,57.87,20.94
2020-05-24,United Kingdom,Europe,Upper Middle,Low,1.411,1.169,0.905,52.02,28.61
2020-05-31,United Kingdom,Oceania,Lower Middle,High,1.809,1.493,1.179,80.79,13.48
2020-06-07,United Kingdom,Oceania,Upper Middle,Medium,1.939,1.719,1.3,90.76,21.47
2020-06-14,United Kingdom,Europe,Lower Middle,Low,1.768,1.404,0.999,75.37,11.57
2020-06-21,United Kingdom,North America,High,Low,2.399,2.239,1.566,94.62,39.5
2020-06-28,United Kingdom,Oceania,Lower Middle,Medium,2.261,1.928,1.361,75.64,38.67
2020-07-05,United Kingdom,Europe,High,High,2.195,1.898,1.313,80.31,34.79
2020-07-12,United Kingdom,Oceania,High,High,1.727,1.503,0.973,55.47,28.76
2020-07-19,United Kingdom,Europe,Upper Middle,High,1.822,1.387,1.049,74.94,18.29
2020-07-26,United Kingdom,Oceania,High,Low,1.833,1.471,0.958,70.82,19.67
2020-08-02,United Kingdom,Europe,Lower Middle,Medium,1.609,1.469,1.089,80.6,9.54
2020-08-09,United Kingdom,Oceania,Upper Middle,Medium,2.001,1.793,1.459,106.11,5.41
2020-08-16,United Kingdom,Europe,Lower Middle,Low,1.653,1.335,0.944,66.26,15.65
2020-08-23,United Kingdom,North America,Lower Middle,Medium,2.305,2.02,1.462,96.75,30.17
2020-08-30,United Kingdom,Europe,High,Medium,2.342,1.921,1.324,86.22,33.01
2020-09-06,United Kingdom,Oceania,Upper Middle,Medium,1.562,1.321,1.038,58.62,23.28
2020-09-13,United Kingdom,Europe,Lower Middle,High,1.403,1.269,0.948,71.54,6.59
2020-09-20,United Kingdom,Oceania,Lower Middle,Low,2.01,1.789,1.248,88.72,19.61
2020-09-27,United Kingdom,Oceania,High,High,2.016,1.874,1.301,92.56,23.62
2020-10-04,United Kingdom,North America,High,High,1.618,1.413,0.889,65.23,19.79
2020-10-11,United Kingdom,North America,Upper Middle,Medium,1.558,1.489,1.097,71.23,16.68
2020-10-18,United Kingdom,Asia,Upper Middle,High,2.346,2.064,1.334,92.29,36.68
2020-10-25,United Kingdom,North America,Upper Middle,Low,1.878,1.72,1.191,79.26,25.24
2020-11-01,United Kingdom,Europe,High,Medium,2.346,2.003,1.355,89.17,31.93
2020-11-08,United Kingdom,North America,Lower Middle,Low,2.06,1.723,1.279,96.65,18.41
2020-11-15,United Kingdom,Oceania,High,Low,2.23,2.06,1.477,104.27,22.61
2020-11-22,United Kingdom,Europe,Lower Middle,Medium,1.26,1.145,0.677,53.18,13.51
2020-11-29,United Kingdom,Europe,Lower Middle,Medium,1.305,1.098,0.882,58.56,15.83
2020-12-06,United Kingdom,Europe,High,High,2.256,1.836,1.114,88.78,24.09
2020-12-13,United Kingdom,Asia,Upper Middle,High,1.407,1.197,0.755,59.53,11.85
2020-12-20,United Kingdom,North America,Lower Middle,High,2.344,2.046,1.471,97.62,32.48
2020-12-27,United Kingdom,Europe,Lower Middle,Medium,1.535,1.216,0.99,61.24,20.69
2021-01-03,United Kingdom,Asia,Upper Middle,Medium,1.867,1.734,1.192,70.77,31.14
2021-01-10,United Kingdom,Oceania,High,Medium,2.119,1.781,1.263,78.32,36.78
2021-01-17,United Kingdom,Europe,Upper Middle,Low,1.746,1.557,0.994,58.65,33.8
2021-01-24,United Kingdom,North America,Lower Middle,Low,1.865,1.681,1.17,73.66,28.7
2021-01-31,United Kingdom,North America,Lower Middle,Low,2.52,2.317,1.532,100.1,36.6
2021-02-07,United Kingdom,Asia,High,High,1.673,1.701,1.127,75.48,21.13
2021-02-14,United Kingdom,Oceania,Lower Middle,High,1.309,0.942,0.767,56.2,6.82
2021-02-21,United Kingdom,North America,Lower Middle,Medium,1.748,1.477,1.034,76.13,15.31
2021-02-28,United Kingdom,Oceania,High,Low,1.922,1.742,1.234,94.86,13.83
2021-03-07,United Kingdom,Oceania,Upper Middle,Medium,1.694,1.592,1.121,82.02,9.94
2021-03-14,United Kingdom,Europe,Lower Middle,Medium,1.915,1.823,1.221,81.72,25.65
2021-03-21,United Kingdom,Asia,Upper Middle,Low,1.848,1.592,1.104,88.37,7.35
2021-03-28,United Kingdom,Asia,Lower Middle,High,2.121,1.687,1.278,76.55,27.64
2021-04-04,United Kingdom,North America,Lower Middle,Medium,2.159,1.899,1.389,109.53,8.14
2021-04-11,United Kingdom,Europe,Lower Middle,Medium,1.711,1.443,0.921,54.26,36.22
2021-04-18,United Kingdom,Europe,Upper Middle,High,2.15,1.904,1.318,85.53,33.68
2021-04-25,United Kingdom,North America,Lower Middle,Low,2.569,2.28,1.539,107.18,35.29
2021-05-02,United Kingdom,North America,Lower Middle,Low,1.647,1.655,1.101,88.97,7.56
2021-05-09,United Kingdom,Asia,Lower Middle,Medium,1.785,1.551,1.073,57.07,38.54
2021-05-16,United Kingdom,Asia,Lower Middle,Low,1.63,1.391,0.979,73.51,15.85
2021-05-23,United Kingdom,Europe,Upper Middle,Medium,1.99,1.849,1.221,71.26,36.71
2021-05-30,United Kingdom,Asia,High,High,1.421,1.244,0.913,69.3,7.63
2021-06-06,United Kingdom,Europe,Upper Middle,Medium,2.018,1.937,1.291,83.79,25.78
2021-06-13,United Kingdom,North America,High,Medium,1.61,1.465,1.071,62.5,28.15
2021-06-20,United Kingdom,North America,Lower Middle,High,2.142,1.737,1.337,107.77,5.85
2021-06-27,United Kingdom,Asia,High,High,1.818,1.55,1.099,73.37,22.9
2021-07-04,United Kingdom,Oceania,Upper Middle,Low,1.514,1.309,0.984,56.59,25.06
2021-07-11,United Kingdom,North America,Upper Middle,Medium,1.871,1.794,1.178,87.04,19.18
2021-07-18,United Kingdom,Oceania,High,High,2.458,2.242,1.548,105.93,30.1
2021-07-25,United Kingdom,Asia,Upper Middle,Medium,1.492,1.518,1.025,54.45,36.2
2021-08-01,United Kingdom,Europe,Upper Middle,Low,2.217,2.066,1.381,103.68,22.39
2021-08-08,United Kingdom,Asia,Upper Middle,Medium,1.567,1.355,1.056,78.23,6.68
2021-08-15,United Kingdom,Asia,Lower Middle,High,1.874,1.615,1.127,89.09,14.07
2021-08-22,United Kingdom,Oceania,High,High,1.185,1.099,0.802,60.89,5.49
2021-08-29,United Kingdom,Oceania,Lower Middle,Low,1.581,1.441,1.019,85.87,5.52
2021-09-05,United Kingdom,Asia,Upper Middle,Medium,1.088,1.044,0.694,52.32,9.49
2021-09-12,United Kingdom,Asia,High,Low,2.026,1.712,1.313,93.64,17.97
2021-09-19,United Kingdom,Europe,Upper Middle,Medium,1.784,1.55,1.263,93.67,8.29
2021-09-26,United Kingdom,Asia,Upper Middle,Medium,2.566,2.117,1.542,95.72,39.04
2021-10-03,United Kingdom,North America,Upper Middle,Low,1.909,1.814,1.408,101.08,10.79
2021-10-10,United Kingdom,Asia,Lower Middle,High,1.478,1.239,0.876,51.5,26.14
2021-10-17,United Kingdom,Oceania,Lower Middle,Low,1.9,1.557,1.148,79.52,18.79
2021-10-24,United Kingdom,Oceania,High,Low,1.607,1.306,0.999,51.11,34.12
2021-10-31,United Kingdom,North America,Upper Middle,High,1.758,1.563,1.118,67.09,31.34
2021-11-07,United Kingdom,North America,High,High,2.505,2.201,1.57,108.61,30.89
2021-11-14,United Kingdom,North America,Upper Middle,Medium,2.001,1.698,1.334,85.84,21.54
2021-11-21,United Kingdom,Oceania,Lower Middle,Medium,1.723,1.571,1.063,66.2,28.38
2021-11-28,United Kingdom,North America,High,Low,1.362,1.484,1.077,69.05,17.63
2021-12-05,United Kingdom,Asia,Lower Middle,High,2.129,1.941,1.5,101.77,22.82
2021-12-12,United Kingdom,North America,High,Medium,1.782,1.462,1.077,74.51,17.2
2021-12-19,United Kingdom,North America,High,Medium,2.368,2.025,1.378,81.54,38.15
2021-12-26,United Kingdom,Oceania,High,Low,1.752,1.719,1.279,95.45,9.13
2022-01-02,United Kingdom,Europe,Lower Middle,Low,1.879,1.482,1.244,92.02,12.06
2022-01-09,United Kingdom,North America,High,High,2.536,2.171,1.621,105.48,34.81
2022-01-16,United Kingdom,Asia,Lower Middle,Low,2.264,2.226,1.599,107.7,24.21
2022-01-23,United Kingdom,Asia,Lower Middle,High,1.704,1.583,1.053,57.73,34.94
2022-01-30,United Kingdom,North America,Lower Middle,Medium,1.973,1.832,1.348,92.72,22.26
2022-02-06,United Kingdom,Oceania,Lower Middle,Low,2.289,1.979,1.403,86.37,38.23
2022-02-13,United Kingdom,Asia,Upper Middle,Low,2.087,1.953,1.332,108.17,6.35
2022-02-20,United Kingdom,Oceania,Lower Middle,High,2.576,2.217,1.665,109.42,31.05
2022-02-27,United Kingdom,Asia,Lower Middle,Medium,2.236,1.716,1.304,107.72,7.85
2022-03-06,United Kingdom,Europe,Lower Middle,Low,1.825,1.58,1.24,88.69,13.21
2022-03-13,United Kingdom,Asia,Upper Middle,Medium,2.068,1.925,1.358,100.07,17.63
2022-03-20,United Kingdom,Oceania,Lower Middle,High,2.075,1.739,1.312,82.29,32.73
2022-03-27,United Kingdom,Asia,Lower Middle,High,2.088,1.819,1.336,100.53,13.05
2022-04-03,United Kingdom,North America,Upper Middle,Low,2.112,1.872,1.409,93.01,25.82
2022-04-10,United Kingdom,Europe,Lower Middle,Medium,2.086,1.678,1.332,98.3,13.05
2022-04-17,United Kingdom,North America,High,Medium,1.226,1.094,0.792,61.89,5.9
2022-04-24,United Kingdom,North America,High,Low,2.739,2.337,1.681,107.96,36.91
2022-05-01,United Kingdom,Oceania,High,Low,2.537,2.322,1.597,106.75,37.4
2022-05-08,United Kingdom,North America,Upper Middle,Medium,1.857,1.677,1.16,73.69,31.05
2022-05-15,United Kingdom,Asia,Upper Middle,Low,1.769,1.495,1.144,64.8,28.39
2022-05-22,United Kingdom,North America,Lower Middle,Medium,2.177,1.86,1.234,84.16,29.24
2022-05-29,United Kingdom,Oceania,Lower Middle,Low,1.716,1.52,1.177,84.28,13.88
2022-06-05,United Kingdom,Asia,High,Low,1.952,1.842,1.297,71.57,37.43
2022-06-12,United Kingdom,Oceania,High,Medium,1.9,1.424,1.099,80.36,12.78
2022-06-19,United Kingdom,Europe,Lower Middle,Medium,2.143,1.757,1.287,90.56,17.49
2022-06-26,United Kingdom,North America,High,Low,2.019,1.737,1.323,103.72,6.77
2022-07-03,United Kingdom,Europe,High,High,1.818,1.509,1.153,83.99,10.23
2022-07-10,United Kingdom,Oceania,Upper Middle,Medium,2.104,1.783,1.315,87.83,23.55
2022-07-17,United Kingdom,Asia,High,Medium,1.84,1.509,1.116,77.67,15.89
2022-07-24,United Kingdom,Asia,High,High,1.978,1.714,1.429,101.95,9.63
2022-07-31,United Kingdom,Asia,Lower Middle,High,1.41,1.242,0.897,72.34,8.79
2022-08-07,United Kingdom,Asia,High,Low,1.974,1.72,1.191,80.56,23.63
2022-08-14,United Kingdom,Europe,Upper Middle,Medium,2.038,1.763,1.207,76.62,32.83
2022-08-21,United Kingdom,Europe,Lower Middle,High,1.888,1.538,1.043,76.51,22.72
2022-08-28,United Kingdom,Asia,Lower Middle,Medium,1.74,1.504,0.984,56.31,31.91
2022-09-04,United Kingdom,Europe,Lower Middle,Low,1.967,1.642,1.16,68.87,29.51
2022-09-11,United Kingdom,Europe,Upper Middle,Medium,1.992,1.681,1.233,71.18,38.93
2022-09-18,United Kingdom,North America,High,Low,1.252,1.234,0.723,62.57,6.06
2022-09-25,United Kingdom,Asia,High,High,1.954,1.666,1.266,76.36,31.11
2022-10-02,United Kingdom,Asia,Upper Middle,Medium,2.504,2.095,1.475,101.08,32.15
2022-10-09,United Kingdom,North America,Upper Middle,Medium,1.79,1.432,1.143,72.94,20.64
2022-10-16,United Kingdom,North America,Lower Middle,High,1.234,1.06,0.844,62.27,7.95
2022-10-23,United Kingdom,Asia,Lower Middle,Medium,2.453,2.07,1.421,96.93,33.43
2022-10-30,United Kingdom,Oceania,Lower Middle,High,2.113,1.985,1.451,106.58,11.29
2022-11-06,United Kingdom,Oceania,Lower Middle,Low,1.807,1.757,1.232,104.13,5.42
2022-11-13,United Kingdom,Europe,Lower Middle,Medium,2.447,2.132,1.525,100.6,30.13
2022-11-20,United Kingdom,North America,Upper Middle,High,2.311,2.048,1.448,86.01,39.19
2022-11-27,United Kingdom,Asia,Lower Middle,Medium,1.663,1.461,0.96,72.96,16.4
2022-12-04,United Kingdom,North America,Upper Middle,Low,2.085,1.828,1.276,88.41,26.27
2022-12-11,United Kingdom,North America,Lower Middle,High,1.72,1.595,0.978,69.63,22.08
2022-12-18,United Kingdom,North America,Upper Middle,Medium,1.272,1.129,0.847,50.49,20.31
2022-12-25,United Kingdom,Asia,Lower Middle,High,1.893,1.581,1.095,75.93,28.38
2023-01-01,United Kingdom,Asia,High,Medium,1.369,1.341,0.937,56.12,22.28
2023-01-08,United Kingdom,North America,High,Low,1.993,1.719,1.258,76.41,32.86
2023-01-15,United Kingdom,Europe,High,Low,1.536,1.056,0.966,51.87,21.15
2023-01-22,United Kingdom,Oceania,Lower Middle,Low,1.473,1.286,0.941,63.69,16.11
2023-01-29,United Kingdom,North America,Upper Middle,Medium,2.128,1.835,1.297,83.23,30.13
2023-02-05,United Kingdom,Asia,High,Medium,1.486,1.249,1.055,66.38,15.59
2023-02-12,United Kingdom,Europe,Lower Middle,Low,1.802,1.647,1.145,69.43,27.28
2023-02-19,United Kingdom,Europe,Lower Middle,Low,2.303,2.008,1.386,102.01,20.27
2023-02-26,United Kingdom,Oceania,Upper Middle,High,2.078,1.879,1.441,102.78,11.99
2023-03-05,United Kingdom,North America,High,High,1.629,1.443,1.102,78.51,12.84
2023-03-12,United Kingdom,Europe,High,High,1.581,1.307,0.989,57.91,28.25
2023-03-19,United Kingdom,North America,Lower Middle,Medium,1.613,1.532,0.983,53.07,38.4
2023-03-26,United Kingdom,Asia,Lower Middle,Low,1.376,1.192,0.928,67.84,7.05
2023-04-02,United Kingdom,Europe,High,Low,2.543,2.051,1.564,106.83,26.1
2023-04-09,United Kingdom,Asia,High,High,2.243,1.902,1.425,92.41,27.25
2023-04-16,United Kingdom,Oceania,High,High,1.485,1.314,0.939,59.88,24.8
2023-04-23,United Kingdom,Europe,Lower Middle,Low,2.731,2.277,1.606,105.01,34.78
2023-04-30,United Kingdom,Europe,Lower Middle,Medium,2.442,1.991,1.495,100.55,25.88
2023-05-07,United Kingdom,Oceania,Lower Middle,Low,1.744,1.495,1.122,89.22,5.66
2023-05-14,United Kingdom,Oceania,Lower Middle,Low,1.544,1.348,1.083,72.31,13.54
2023-05-21,United Kingdom,Oceania,High,High,1.248,1.157,0.773,58.34,12.66
2023-05-28,United Kingdom,Oceania,High,Medium,2.115,1.83,1.319,94.66,21.34
2023-06-04,United Kingdom,North America,Lower Middle,High,1.354,1.353,0.974,72.84,5.65
2023-06-11,United Kingdom,North America,Lower Middle,Low,1.316,1.315,0.896,74.41,5.38
2023-06-18,United Kingdom,Asia,Upper Middle,Medium,1.7,1.634,1.201,88.05,9.44
2023-06-25,United Kingdom,Europe,Upper Middle,High,2.032,1.699,1.266,75.27,34.38
2023-07-02,United Kingdom,North America,High,Low,2.108,1.881,1.389,100.72,15.39
2023-07-09,United Kingdom,Asia,Lower Middle,Low,2.121,1.725,1.23,84.83,25.81
2023-07-16,United Kingdom,Asia,Upper Middle,High,2.353,2.18,1.528,106.51,23.55
2023-07-23,United Kingdom,Oceania,High,High,1.662,1.491,1.101,76.94,16.55
2023-07-30,United Kingdom,Asia,High,High,1.84,1.735,1.114,80.47,22.35
2023-08-06,United Kingdom,Europe,High,Medium,2.112,1.941,1.272,83.25,29.69
2023-08-13,United Kingdom,Europe,High,Medium,1.618,1.399,0.906,60.46,26.77
2023-08-20,United Kingdom,North America,High,Low,1.488,1.287,0.868,58.56,24.49
2023-08-27,United Kingdom,Oceania,Upper Middle,Low,1.046,1.042,0.807,51.93,9.67
2023-09-03,United Kingdom,Oceania,High,High,1.958,1.795,1.341,93.57,16.01
2023-09-10,United Kingdom,Oceania,Lower Middle,Medium,1.482,1.326,0.914,54.26,23.98
2023-09-17,United Kingdom,Oceania,High,Medium,2.097,2.059,1.41,106.42,15.28
2023-09-24,United Kingdom,North America,High,Medium,1.392,1.149,0.77,53.2,18.95
2023-10-01,United Kingdom,North America,Upper Middle,Medium,2.169,1.74,1.281,103.0,10.61
2023-10-08,United Kingdom,Europe,Lower Middle,Medium,2.165,1.968,1.507,105.87,17.65
2023-10-15,United Kingdom,Asia,Lower Middle,High,2.364,2.122,1.469,101.27,29.0
2023-10-22,United Kingdom,North America,Upper Middle,Low,2.272,1.953,1.577,100.3,24.44
2023-10-29,United Kingdom,Oceania,Lower Middle,Medium,1.574,1.375,0.972,77.12,8.57
2023-11-05,United Kingdom,Oceania,Upper Middle,High,2.26,1.941,1.376,80.55,38.08
2023-11-12,United Kingdom,Asia,Upper Middle,Low,1.657,1.512,1.0,81.48,12.8
2023-11-19,United Kingdom,Oceania,Lower Middle,High,1.609,1.507,1.006,74.84,13.88
2023-11-26,United Kingdom,Europe,High,Low,1.7,1.4,0.901,56.01,31.4
2023-12-03,United Kingdom,Oceania,Lower Middle,Low,1.532,1.504,1.067,52.21,36.65
2023-12-10,United Kingdom,North America,Lower Middle,Low,1.896,1.887,1.477,92.91,27.38
2023-12-17,United Kingdom,Europe,High,Low,2.041,1.867,1.339,90.72,21.55
2023-12-24,United Kingdom,Oceania,Lower Middle,Medium,1.623,1.467,0.996,59.07,29.52
2023-12-31,United Kingdom,Europe,High,Low,1.574,1.413,0.947,53.29,29.62
2024-01-07,United Kingdom,North America,High,Low,1.905,1.587,1.051,63.05,37.51
2024-01-14,United Kingdom,Oceania,Lower Middle,Low,1.781,1.69,1.096,83.11,14.59
2024-01-21,United Kingdom,North America,Upper Middle,Low,1.501,1.513,1.037,58.71,29.47
2024-01-28,United Kingdom,North America,High,High,2.773,2.287,1.623,109.17,33.74
2024-02-04,United Kingdom,Europe,Upper Middle,High,1.566,1.459,0.855,50.99,33.52
2024-02-11,United Kingdom,Europe,Upper Middle,High,2.271,2.037,1.564,103.38,26.3
2024-02-18,United Kingdom,Asia,Upper Middle,Medium,2.246,1.869,1.334,84.46,34.16
2024-02-25,United Kingdom,Asia,High,High,1.571,1.589,1.113,73.81,19.56
2024-03-03,United Kingdom,Asia,High,Low,1.481,1.303,1.064,77.83,7.06
2024-03-10,United Kingdom,Oceania,Upper Middle,High,1.382,1.216,0.877,60.39,15.0
2024-03-17,United Kingdom,Europe,High,Low,1.395,1.22,0.798,56.4,17.1
2024-03-24,United Kingdom,Oceania,Upper Middle,Low,1.416,1.224,0.801,65.35,11.89
2024-03-31,United Kingdom,Asia,High,High,1.655,1.313,0.893,54.56,29.34
2024-04-07,United Kingdom,North America,Upper Middle,High,1.903,1.618,1.137,95.65,7.1
2024-04-14,United Kingdom,Europe,Upper Middle,Low,1.475,1.082,0.843,62.53,15.74
2024-04-21,United Kingdom,Oceania,High,Medium,2.527,2.278,1.599,102.74,34.17
2024-04-28,United Kingdom,North America,Lower Middle,High,1.269,1.042,0.765,52.3,10.68
2024-05-05,United Kingdom,Oceania,High,High,1.623,1.332,1.042,62.94,18.98
2024-05-12,United Kingdom,North America,Lower Middle,High,2.393,2.237,1.467,102.11,27.38
2024-05-19,United Kingdom,North America,Lower Middle,Low,2.371,2.131,1.453,107.35,23.0
2024-05-26,United Kingdom,Asia,High,High,2.239,2.063,1.438,92.89,30.48
2024-06-02,United Kingdom,Asia,Upper Middle,High,1.974,1.668,1.235,99.09,5.2
2024-06-09,United Kingdom,North America,High,High,1.323,1.24,0.885,60.63,17.73
2024-06-16,United Kingdom,Oceania,Lower Middle,Medium,1.51,1.405,0.922,63.32,17.0
2024-06-23,United Kingdom,Europe,Lower Middle,Low,2.018,1.879,1.331,99.07,15.17
2024-06-30,United Kingdom,Europe,Upper Middle,Low,1.806,1.594,1.085,61.94,32.54
2024-07-07,United Kingdom,North America,Upper Middle,High,1.268,1.123,0.79,60.36,5.43
2024-07-14,United Kingdom,Europe,High,Low,1.654,1.55,1.03,53.78,36.61
2024-07-21,United Kingdom,Asia,Upper Middle,Low,2.51,2.069,1.501,97.53,31.53
2024-07-28,United Kingdom,Oceania,Lower Middle,High,2.117,1.873,1.379,87.72,27.04
2024-08-04,United Kingdom,Asia,Lower Middle,Low,2.046,1.978,1.396,98.19,19.93
2024-08-11,United Kingdom,North America,High,High,1.587,1.447,1.089,78.28,9.16
2024-08-18,United Kingdom,Oceania,Lower Middle,Low,1.618,1.213,0.864,57.44,22.47
2024-08-25,United Kingdom,Europe,Lower Middle,Low,1.312,0.992,0.799,57.3,7.28
2024-09-01,United Kingdom,North America,Lower Middle,High,1.457,1.26,0.904,56.11,19.52
2024-09-08,United Kingdom,Asia,Upper Middle,Medium,1.228,1.037,0.825,57.82,9.02
2024-09-15,United Kingdom,North America,Lower Middle,High,1.721,1.612,1.044,55.91,39.28
2024-09-22,United Kingdom,Asia,Upper Middle,Low,1.72,1.601,1.009,77.95,13.36
2024-09-29,United Kingdom,Oceania,Upper Middle,Medium,2.35,2.075,1.49,92.26,36.16
2024-10-06,United Kingdom,Europe,High,High,2.535,2.33,1.611,101.57,37.36
2024-10-13,United Kingdom,Asia,Upper Middle,Medium,1.616,1.521,1.195,91.03,5.69
2024-10-20,United Kingdom,North America,High,Low,2.627,2.397,1.658,104.83,38.87
2024-10-27,United Kingdom,Oceania,Lower Middle,High,1.541,1.512,1.074,76.63,13.61
2024-11-03,United Kingdom,Asia,Lower Middle,Low,1.792,1.612,1.006,75.86,19.05
2024-11-10,United Kingdom,Asia,Lower Middle,Medium,2.183,1.888,1.34,93.44,19.41
2024-11-17,United Kingdom,North America,High,Medium,2.029,1.878,1.347,108.66,5.16
2024-11-24,United Kingdom,North America,Lower Middle,Low,1.837,1.633,1.098,64.54,32.08
2024-12-01,United Kingdom,Europe,Upper Middle,Medium,2.079,1.904,1.287,81.55,32.71
2024-12-08,United Kingdom,Asia,Lower Middle,Low,2.671,2.388,1.575,104.6,37.05
2024-12-15,United Kingdom,Oceania,Lower Middle,High,2.226,2.228,1.507,108.45,20.38
2024-12-22,United Kingdom,North America,High,Low,1.111,1.189,0.789,63.01,6.71
2024-12-29,United Kingdom,North America,Lower Middle,Medium,1.777,1.442,1.02,61.81,27.49
2025-01-05,United Kingdom,Europe,High,Low,1.961,1.691,1.228,98.51,10.6
2025-01-12,United Kingdom,Europe,Upper Middle,Medium,2.013,1.772,1.282,93.6,22.84
2025-01-19,United Kingdom,Europe,Upper Middle,Low,2.379,1.931,1.402,88.81,37.57
2025-01-26,United Kingdom,North America,Upper Middle,Low,1.585,1.452,1.04,69.38,21.23
2025-02-02,United Kingdom,Oceania,Upper Middle,Medium,1.987,1.714,1.181,76.47,28.49
2025-02-09,United Kingdom,Asia,Lower Middle,Medium,1.349,1.031,0.928,62.66,7.6
2025-02-16,United Kingdom,North America,High,High,2.32,2.035,1.335,88.05,32.04
2025-02-23,United Kingdom,Asia,Lower Middle,High,1.867,1.661,1.007,60.63,35.56
2025-03-02,United Kingdom,Asia,Upper Middle,Medium,1.871,1.623,1.215,68.11,34.66
2025-03-09,United Kingdom,Asia,Upper Middle,High,2.586,2.287,1.595,107.25,32.06
2025-03-16,United Kingdom,North America,Lower Middle,Medium,2.414,2.051,1.381,97.34,31.6
2025-03-23,United Kingdom,North America,High,Low,1.757,1.413,1.004,70.05,23.13
2025-03-30,United Kingdom,North America,Upper Middle,Medium,1.516,1.395,0.907,66.35,14.6
2025-04-06,United Kingdom,North America,High,High,1.638,1.692,1.094,86.93,8.53
2025-04-13,United Kingdom,Europe,High,High,1.093,0.895,0.648,51.7,5.52
2025-04-20,United Kingdom,Asia,High,Low,1.492,1.471,0.931,58.28,28.57
2025-04-27,United Kingdom,North America,Upper Middle,High,2.168,1.972,1.48,106.79,13.63
2025-05-04,United Kingdom,Oceania,Upper Middle,High,1.77,1.369,1.049,76.8,14.69
2025-05-11,United Kingdom,Oceania,Lower Middle,Medium,2.026,1.733,1.228,86.33,21.97
2025-05-18,United Kingdom,North America,Upper Middle,Low,2.046,1.758,1.208,86.23,20.31
2025-05-25,United Kingdom,North America,High,High,1.59,1.42,1.052,68.67,20.74
2025-06-01,United Kingdom,Oceania,High,Medium,2.439,2.043,1.535,108.17,22.59
2025-06-08,United Kingdom,Asia,Lower Middle,Low,2.27,1.932,1.218,80.54,39.71
2025-06-15,United Kingdom,Europe,Upper Middle,High,1.815,1.521,1.147,82.99,16.58
2025-06-22,United Kingdom,Asia,Lower Middle,High,1.816,1.551,1.1,65.42,34.76
2025-06-29,United Kingdom,Europe,High,Medium,1.224,1.069,0.79,54.05,6.15
2025-07-06,United Kingdom,Oceania,Upper Middle,Low,1.67,1.434,0.977,53.18,34.95
2025-07-13,United Kingdom,Oceania,Lower Middle,High,1.765,1.719,1.22,89.04,12.44
2025-07-20,United Kingdom,Europe,High,High,1.985,1.747,1.2,74.66,31.72
2025-07-27,United Kingdom,Oceania,High,High,1.808,1.651,1.065,60.12,32.7
2025-08-03,United Kingdom,Europe,Lower Middle,Low,1.678,1.517,1.075,54.68,35.97
2025-08-10,United Kingdom,Oceania,Lower Middle,Low,1.78,1.432,1.028,62.96,30.5
2025-08-17,United Kingdom,North America,Lower Middle,High,1.841,1.538,1.116,75.65,19.36
2025-08-24,United Kingdom,Europe,Upper Middle,Low,1.931,1.657,1.219,79.46,25.97
2025-08-31,United Kingdom,Europe,Lower Middle,Low,2.248,1.901,1.37,78.11,39.62
2025-09-07,United Kingdom,Oceania,High,High,1.539,1.234,0.948,51.03,33.71
2025-09-14,United Kingdom,North America,High,Low,2.34,1.981,1.519,108.2,20.11
2025-09-21,United Kingdom,Oceania,Upper Middle,Low,1.796,1.45,1.044,56.76,36.92
2025-09-28,United Kingdom,Oceania,High,Low,1.955,1.758,1.166,74.53,29.25
2025-10-05,United Kingdom,Asia,High,Low,2.106,1.782,1.317,78.02,33.42
2025-10-12,United Kingdom,North America,High,Medium,2.412,2.07,1.389,107.3,22.38
2025-10-19,United Kingdom,North America,High,Medium,2.034,1.84,1.272,96.49,16.81
2025-10-26,United Kingdom,Oceania,High,High,2.017,1.75,1.25,75.24,31.78
2025-11-02,United Kingdom,Oceania,High,Low,2.62,2.337,1.566,102.11,35.25
2025-11-09,United Kingdom,North America,High,High,2.473,2.23,1.648,99.44,35.76
2025-11-16,United Kingdom,Europe,Lower Middle,High,2.29,2.115,1.377,89.81,35.49
2025-11-23,United Kingdom,Europe,Upper Middle,Medium,1.98,1.62,1.273,82.29,23.65
2025-11-30,United Kingdom,North America,Lower Middle,Low,1.265,1.08,0.766,52.61,12.6
2025-12-07,United Kingdom,Asia,Upper Middle,High,2.004,1.84,1.314,82.79,29.53
2025-12-14,United Kingdom,Oceania,Lower Middle,Medium,2.097,2.0,1.33,99.93,21.06
2025-12-21,United Kingdom,Oceania,Lower Middle,Low,2.123,1.753,1.218,72.54,39.28
2025-12-28,United Kingdom,Oceania,Upper Middle,Low,1.618,1.319,0.919,59.22,26.57
2026-01-04,United Kingdom,Oceania,Lower Middle,Medium,1.399,1.329,0.924,50.92,33.59
2026-01-11,United Kingdom,North America,High,Low,2.443,2.185,1.463,93.79,35.49
2026-01-18,United Kingdom,North America,Upper Middle,High,1.649,1.454,0.981,58.2,24.3
2026-01-25,United Kingdom,Europe,High,High,2.223,2.186,1.473,101.55,28.72
2026-02-01,United Kingdom,Oceania,Lower Middle,Low,2.486,2.132,1.581,99.81,34.86
2026-02-08,United Kingdom,Europe,Upper Middle,Low,2.329,1.896,1.43,100.4,25.36
2026-02-15,United Kingdom,Oceania,Lower Middle,Medium,1.784,1.548,1.151,67.95,26.93
2026-02-22,United Kingdom,Europe,Lower Middle,Medium,1.052,1.117,0.707,50.99,11.54
2026-03-01,United Kingdom,North America,High,High,1.639,1.443,1.004,67.82,17.61
2026-03-08,United Kingdom,Asia,Lower Middle,Medium,1.987,1.731,1.198,88.89,19.14
2026-03-15,United Kingdom,Oceania,High,High,1.791,1.426,1.011,69.98,24.78
2026-03-22,United Kingdom,Asia,High,Low,1.978,1.783,1.355,100.96,6.73
2026-03-29,United Kingdom,North America,Upper Middle,Medium,1.645,1.419,1.004,56.05,26.19
2020-01-05,Australia,Oceania,Lower Middle,High,1.736,1.586,1.034,81.52,9.01
2020-01-12,Australia,Europe,Upper Middle,Medium,1.82,1.511,1.107,64.92,28.74
2020-01-19,Australia,Oceania,Upper Middle,Medium,1.968,1.635,1.153,67.11,36.52
2020-01-26,Australia,Oceania,Lower Middle,Low,1.677,1.271,0.851,59.71,17.93
2020-02-02,Australia,North America,High,Low,2.562,2.238,1.512,98.12,37.03
2020-02-09,Australia,Oceania,Upper Middle,Low,2.458,2.243,1.626,106.88,30.09
2020-02-16,Australia,Asia,Lower Middle,Medium,2.006,1.656,1.307,87.53,22.33
2020-02-23,Australia,Asia,Lower Middle,Low,1.829,1.554,1.19,78.25,18.59
2020-03-01,Australia,Asia,High,High,2.531,2.224,1.61,106.15,32.21
2020-03-08,Australia,Oceania,Upper Middle,High,1.721,1.653,1.184,88.95,7.86
2020-03-15,Australia,North America,High,Low,1.519,1.305,0.949,75.18,8.38
2020-03-22,Australia,Europe,Upper Middle,Low,1.817,1.615,1.136,83.77,14.75
2020-03-29,Australia,Oceania,Lower Middle,High,2.178,1.895,1.27,94.79,19.14
2020-04-05,Australia,North America,High,Medium,1.527,1.345,0.908,73.68,11.29
2020-04-12,Australia,Europe,Upper Middle,Low,2.427,2.248,1.66,100.7,37.35
2020-04-19,Australia,Europe,High,Low,1.668,1.554,1.125,76.75,17.13
2020-04-26,Australia,North America,High,Low,1.096,1.018,0.795,54.31,8.3
2020-05-03,Australia,North America,Upper Middle,High,1.275,1.166,0.796,60.02,12.8
2020-05-10,Australia,Europe,High,Medium,2.122,1.966,1.312,81.28,37.25
2020-05-17,Australia,Europe,Upper Middle,Medium,2.269,1.917,1.38,80.9,33.49
2020-05-24,Australia,North America,High,Medium,1.843,1.562,1.145,67.05,30.65
2020-05-31,Australia,Europe,Lower Middle,Low,2.008,1.787,1.162,86.59,19.24
2020-06-07,Australia,Europe,Lower Middle,High,1.221,1.054,0.764,57.33,8.94
2020-06-14,Australia,Asia,High,High,1.211,1.063,0.756,60.35,5.73
2020-06-21,Australia,Asia,Lower Middle,Medium,2.212,1.971,1.501,99.71,24.94
2020-06-28,Australia,North America,High,Low,2.287,2.122,1.497,105.85,24.95
2020-07-05,Australia,Asia,Upper Middle,High,2.158,1.867,1.359,103.68,13.7
2020-07-12,Australia,Europe,High,Low,2.368,2.219,1.561,99.76,33.07
2020-07-19,Australia,Asia,Upper Middle,Medium,2.189,1.775,1.33,90.04,22.99
2020-07-26,Australia,Oceania,Lower Middle,High,1.3,1.301,0.991,68.56,10.66
2020-08-02,Australia,Europe,High,Medium,1.634,1.503,1.087,72.57,21.37
2020-08-09,Australia,Asia,Upper Middle,Medium,2.071,1.847,1.262,103.84,9.77
2020-08-16,Australia,Europe,High,Low,2.069,1.944,1.29,91.7,20.05
2020-08-23,Australia,Asia,Lower Middle,Medium,2.428,1.913,1.505,99.43,21.84
2020-08-30,Australia,Asia,High,High,1.825,1.615,1.132,91.78,6.85
2020-09-06,Australia,North America,Lower Middle,Medium,2.149,1.954,1.362,95.02,26.4
2020-09-13,Australia,Asia,High,Low,1.657,1.49,0.941,56.07,32.73
2020-09-20,Australia,Europe,High,Medium,2.317,2.07,1.382,86.67,37.66
2020-09-27,Australia,North America,Upper Middle,Low,1.787,1.497,1.131,56.02,38.14
2020-10-04,Australia,Oceania,Lower Middle,Medium,1.402,1.432,0.983,74.04,11.73
2020-10-11,Australia,Europe,Lower Middle,High,2.646,2.289,1.621,108.27,32.52
2020-10-18,Australia,Oceania,Upper Middle,High,2.239,2.03,1.42,98.15,28.46
2020-10-25,Australia,North America,Lower Middle,Medium,2.182,2.013,1.459,98.02,26.86
2020-11-01,Australia,Asia,Upper Middle,Low,1.74,1.633,1.016,58.38,34.86
2020-11-08,Australia,Asia,Lower Middle,Low,2.194,2.009,1.478,89.91,29.95
2020-11-15,Australia,Oceania,High,Low,1.45,1.43,0.972,68.16,15.36
2020-11-22,Australia,Europe,High,Medium,1.278,1.096,0.694,54.31,14.39
2020-11-29,Australia,Oceania,Upper Middle,Low,1.574,1.383,0.994,56.42,22.28
2020-12-06,Australia,Asia,Upper Middle,Medium,1.694,1.428,1.047,69.55,25.1
2020-12-13,Australia,Europe,Lower Middle,Low,2.298,2.033,1.431,81.93,37.97
2020-12-20,Australia,Asia,Upper Middle,High,2.247,1.902,1.59,106.37,20.0
2020-12-27,Australia,Oceania,High,High,2.533,2.148,1.566,102.89,32.69
2021-01-03,Australia,Oceania,Upper Middle,Low,1.791,1.525,1.167,87.3,7.27
2021-01-10,Australia,Asia,Upper Middle,Low,1.752,1.531,1.107,56.63,34.03
2021-01-17,Australia,Oceania,Lower Middle,High,1.954,1.876,1.352,76.66,34.73
2021-01-24,Australia,Oceania,High,Medium,1.937,1.778,1.245,84.18,23.68
2021-01-31,Australia,Oceania,High,Medium,1.913,1.724,1.234,88.85,9.77
2021-02-07,Australia,North America,High,High,1.223,0.962,0.763,52.11,10.89
2021-02-14,Australia,Oceania,Lower Middle,Medium,2.057,1.773,1.319,76.62,34.77
2021-02-21,Australia,North America,Lower Middle,Medium,1.102,1.064,0.735,54.5,8.86
2021-02-28,Australia,Oceania,Upper Middle,High,2.023,1.724,1.172,78.94,25.02
2021-03-07,Australia,North America,Upper Middle,Medium,2.777,2.375,1.674,108.83,38.8
2021-03-14,Australia,Europe,High,Low,1.935,1.73,1.253,94.37,11.34
2021-03-21,Australia,Europe,High,Medium,2.494,2.25,1.542,98.7,31.13
2021-03-28,Australia,Europe,Upper Middle,Low,1.137,0.99,0.699,52.4,12.03
2021-04-04,Australia,North America,Lower Middle,High,1.42,1.301,1.04,69.39,14.11
2021-04-11,Australia,North America,Lower Middle,High,1.967,1.748,1.253,82.83,24.02
2021-04-18,Australia,North America,Upper Middle,Medium,1.779,1.447,1.117,59.03,37.31
2021-04-25,Australia,North America,Upper Middle,Low,1.895,1.566,1.124,85.21,14.61
2021-05-02,Australia,Oceania,High,Medium,1.743,1.554,1.051,63.99,32.06
2021-05-09,Australia,Oceania,High,High,2.054,1.694,1.249,74.22,35.18
2021-05-16,Australia,North America,Upper Middle,Medium,1.965,1.622,1.211,91.56,13.87
2021-05-23,Australia,North America,Upper Middle,Low,1.836,1.641,1.179,67.81,33.83
2021-05-30,Australia,Europe,Upper Middle,Medium,2.773,2.315,1.666,108.54,35.19
2021-06-06,Australia,North America,High,High,1.175,1.121,0.757,53.27,16.54
2021-06-13,Australia,Europe,High,High,1.906,1.689,1.213,88.1,18.55
2021-06-20,Australia,Asia,Upper Middle,Low,1.469,1.37,0.909,55.27,21.77
2021-06-27,Australia,Europe,Lower Middle,Low,1.649,1.546,1.1,89.29,6.52
2021-07-04,Australia,Asia,Upper Middle,Low,1.848,1.552,1.058,60.24,35.34
2021-07-11,Australia,Oceania,Upper Middle,Medium,1.986,1.614,1.102,74.72,27.88
2021-07-18,Australia,North America,Lower Middle,Low,1.908,1.632,1.244,82.35,22.87
2021-07-25,Australia,Europe,High,High,1.566,1.374,0.93,71.04,13.45
2021-08-01,Australia,Oceania,Lower Middle,Low,1.32,1.131,0.846,55.94,16.16
2021-08-08,Australia,Asia,Upper Middle,Medium,2.191,2.076,1.451,89.62,34.17
2021-08-15,Australia,Asia,Upper Middle,High,2.138,1.684,1.269,87.61,24.37
2021-08-22,Australia,Asia,Lower Middle,Medium,2.351,2.019,1.44,109.19,20.09
2021-08-29,Australia,Europe,High,Medium,1.247,1.242,0.775,54.86,16.08
2021-09-05,Australia,Europe,High,Low,2.201,1.989,1.354,80.27,37.08
2021-09-12,Australia,Europe,Upper Middle,High,1.275,1.168,0.786,55.13,12.58
2021-09-19,Australia,Europe,High,Low,2.483,2.168,1.633,106.44,31.65
2021-09-26,Australia,North America,Upper Middle,Medium,2.238,1.906,1.42,103.83,20.36
2021-10-03,Australia,Europe,Upper Middle,High,2.072,1.866,1.298,75.94,33.96
2021-10-10,Australia,Europe,Lower Middle,Medium,1.773,1.44,1.2,87.96,9.24
2021-10-17,Australia,North America,Lower Middle,Low,1.385,1.281,0.875,70.81,6.28
2021-10-24,Australia,Europe,Lower Middle,Medium,2.167,1.933,1.321,93.01,25.34
2021-10-31,Australia,Oceania,Lower Middle,Medium,2.53,2.182,1.603,101.01,37.63
2021-11-07,Australia,North America,High,Medium,1.772,1.707,1.257,96.29,7.26
2021-11-14,Australia,Oceania,High,Low,1.485,1.234,0.946,67.49,13.2
2021-11-21,Australia,Oceania,Lower Middle,Medium,1.506,1.386,0.899,53.75,27.83
2021-11-28,Australia,North America,High,High,1.677,1.436,1.047,62.81,23.78
2021-12-05,Australia,North America,Upper Middle,Medium,1.549,1.284,0.966,77.86,5.7
2021-12-12,Australia,Asia,Upper Middle,Medium,1.276,1.172,0.791,56.2,11.92
2021-12-19,Australia,Oceania,High,Medium,1.925,1.505,1.094,70.34,25.0
2021-12-26,Australia,Asia,Lower Middle,Medium,2.168,2.036,1.476,99.94,21.08
2022-01-02,Australia,North America,High,High,1.936,1.785,1.129,75.0,31.04
2022-01-09,Australia,Europe,High,Medium,1.53,1.295,0.997,53.32,33.35
2022-01-16,Australia,Asia,Upper Middle,Medium,2.184,1.969,1.371,104.07,14.13
2022-01-23,Australia,Europe,Upper Middle,High,2.107,1.884,1.289,74.36,35.56
2022-01-30,Australia,North America,High,Low,2.097,1.84,1.465,101.16,13.65
2022-02-06,Australia,Asia,Lower Middle,Medium,2.421,2.251,1.462,98.79,37.92
2022-02-13,Australia,Oceania,Upper Middle,Medium,1.849,1.454,1.14,75.88,20.61
2022-02-20,Australia,Asia,Upper Middle,Medium,1.586,1.526,1.059,71.96,19.16
2022-02-27,Australia,Oceania,Lower Middle,High,1.89,1.543,1.171,82.92,21.84
2022-03-06,Australia,Europe,High,Low,2.114,1.965,1.442,103.73,17.41
2022-03-13,Australia,Oceania,High,High,1.73,1.561,1.101,58.45,37.11
2022-03-20,Australia,Oceania,Lower Middle,Low,1.917,1.688,1.175,73.04,31.98
2022-03-27,Australia,North America,High,Medium,1.786,1.415,1.078,56.47,37.73
2022-04-03,Australia,Europe,Upper Middle,Medium,2.22,2.062,1.384,101.32,20.25
2022-04-10,Australia,Europe,High,Medium,1.631,1.376,0.991,50.48,31.55
2022-04-17,Australia,Oceania,Lower Middle,Low,1.95,1.739,1.204,79.63,26.65
2022-04-24,Australia,Europe,High,Low,1.004,1.031,0.635,51.65,7.26
2022-05-01,Australia,Oceania,High,Medium,1.539,1.299,1.051,76.55,10.44
2022-05-08,Australia,Europe,Upper Middle,High,1.038,1.091,0.722,51.61,8.22
2022-05-15,Australia,Oceania,Lower Middle,Medium,2.402,2.045,1.46,101.91,25.29
2022-05-22,Australia,Europe,Upper Middle,Low,1.545,1.39,0.955,64.24,20.32
2022-05-29,Australia,Asia,High,High,1.935,1.932,1.307,105.66,8.31
2022-06-05,Australia,North America,Lower Middle,High,1.329,1.093,0.835,59.85,6.96
2022-06-12,Australia,North America,Lower Middle,Low,2.182,2.042,1.414,94.85,30.57
2022-06-19,Australia,North America,Lower Middle,High,1.349,1.257,0.985,65.44,14.44
2022-06-26,Australia,North America,Lower Middle,Low,1.745,1.393,0.955,54.99,37.03
2022-07-03,Australia,North America,High,Low,1.682,1.478,1.098,61.22,35.27
2022-07-10,Australia,North America,Lower Middle,High,1.847,1.551,1.111,57.88,37.92
2022-07-17,Australia,Asia,High,Medium,2.548,2.214,1.484,93.7,36.39
2022-07-24,Australia,Asia,High,Medium,2.005,1.693,1.181,86.06,24.46
2022-07-31,Australia,North America,Lower Middle,Medium,2.222,1.912,1.278,101.03,10.08
2022-08-07,Australia,Europe,Upper Middle,Medium,1.918,1.6,1.169,90.33,10.38
2022-08-14,Australia,North America,Upper Middle,Medium,1.696,1.423,0.969,71.54,19.18
2022-08-21,Australia,North America,Lower Middle,High,1.439,1.113,0.692,61.2,11.94
2022-08-28,Australia,Europe,High,Low,2.297,2.004,1.473,103.1,25.28
2022-09-04,Australia,Europe,Lower Middle,Medium,1.54,1.271,0.933,58.01,22.12
2022-09-11,Australia,Asia,High,Medium,1.244,1.155,0.796,56.85,9.93
2022-09-18,Australia,North America,Upper Middle,Low,1.873,1.626,1.192,75.07,24.59
2022-09-25,Australia,Asia,Lower Middle,Medium,1.385,1.293,0.894,65.88,12.77
2022-10-02,Australia,Oceania,Upper Middle,Medium,1.983,2.097,1.404,93.15,27.5
2022-10-09,Australia,Oceania,High,Medium,1.892,1.633,1.023,67.05,25.7
2022-10-16,Australia,Europe,Lower Middle,Low,2.126,1.886,1.34,96.37,13.74
2022-10-23,Australia,North America,Upper Middle,Low,1.769,1.539,1.151,82.31,13.9
2022-10-30,Australia,North America,Upper Middle,High,1.78,1.6,0.991,53.36,35.99
2022-11-06,Australia,North America,Lower Middle,Low,2.129,1.758,1.293,80.74,32.63
2022-11-13,Australia,Oceania,High,Medium,2.591,2.145,1.398,109.68,24.99
2022-11-20,Australia,North America,High,High,1.343,1.193,0.858,63.59,9.52
2022-11-27,Australia,Europe,Lower Middle,Medium,1.914,1.491,1.126,83.59,13.64
2022-12-04,Australia,Oceania,Upper Middle,High,1.412,1.273,0.94,68.69,12.98
2022-12-11,Australia,Oceania,High,Medium,1.686,1.474,1.097,75.0,12.67
2022-12-18,Australia,Asia,High,High,1.746,1.547,1.086,83.51,13.76
2022-12-25,Australia,Europe,Upper Middle,Medium,2.241,2.117,1.424,89.41,32.48
2023-01-01,Australia,Europe,Lower Middle,Medium,1.772,1.376,1.126,71.85,20.73
2023-01-08,Australia,Europe,Upper Middle,Medium,1.91,1.6,1.202,84.49,16.48
2023-01-15,Australia,Europe,Lower Middle,High,2.465,2.117,1.571,96.47,37.82
2023-01-22,Australia,Oceania,Upper Middle,High,2.003,1.864,1.3,92.48,18.6
2023-01-29,Australia,Europe,High,Low,1.547,1.294,0.923,65.79,16.83
2023-02-05,Australia,North America,Upper Middle,Medium,1.374,1.236,0.929,65.74,12.79
2023-02-12,Australia,Asia,High,Low,1.665,1.367,0.948,53.11,34.3
2023-02-19,Australia,North America,Upper Middle,Medium,2.435,2.293,1.539,98.51,36.31
2023-02-26,Australia,North America,Lower Middle,Medium,1.488,1.447,1.015,68.12,20.12
2023-03-05,Australia,Europe,Upper Middle,High,1.885,1.596,1.078,85.34,13.9
2023-03-12,Australia,Asia,Upper Middle,Low,2.223,1.936,1.335,100.55,18.58
2023-03-19,Australia,Europe,Upper Middle,Low,1.589,1.573,0.981,50.44,33.59
2023-03-26,Australia,North America,High,High,2.337,2.146,1.407,87.47,38.7
2023-04-02,Australia,Europe,Lower Middle,High,1.457,1.317,0.958,72.69,5.89
2023-04-09,Australia,Oceania,High,Low,1.276,1.112,0.79,58.78,9.89
2023-04-16,Australia,Asia,High,Low,1.865,1.719,1.232,80.57,22.88
2023-04-23,Australia,Asia,Upper Middle,Low,2.199,2.034,1.368,93.43,28.44
2023-04-30,Australia,North America,Lower Middle,High,2.491,1.98,1.414,88.59,35.88
2023-05-07,Australia,Asia,Lower Middle,Medium,1.397,1.288,1.044,65.84,14.83
2023-05-14,Australia,Oceania,High,Medium,2.469,2.242,1.584,105.14,28.45
2023-05-21,Australia,Asia,Upper Middle,Low,2.297,2.057,1.43,93.45,36.34
2023-05-28,Australia,Asia,Lower Middle,Medium,2.225,1.814,1.404,87.12,34.34
2023-06-04,Australia,North America,High,Low,2.162,1.858,1.43,101.37,13.08
2023-06-11,Australia,Oceania,High,Medium,2.049,1.788,1.241,72.75,37.7
2023-06-18,Australia,North America,High,Low,1.405,1.433,0.951,58.59,24.53
2023-06-25,Australia,Europe,Lower Middle,High,1.968,1.656,1.215,67.16,37.1
2023-07-02,Australia,North America,Lower Middle,High,1.483,1.056,0.863,62.65,13.36
2023-07-09,Australia,Asia,High,High,1.765,1.62,1.059,71.78,22.73
2023-07-16,Australia,North America,High,Medium,2.703,2.476,1.681,107.84,37.57
2023-07-23,Australia,North America,Lower Middle,Medium,1.876,1.643,1.336,97.38,11.83
2023-07-30,Australia,Europe,Upper Middle,Low,1.534,1.251,0.905,55.98,18.89
2023-08-06,Australia,Oceania,Upper Middle,High,1.203,0.942,0.77,56.17,7.71
2023-08-13,Australia,Oceania,High,Low,1.287,1.26,0.94,71.28,5.95
2023-08-20,Australia,North America,Lower Middle,Low,2.024,1.902,1.206,89.12,22.04
2023-08-27,Australia,Asia,Lower Middle,Medium,2.602,2.173,1.526,99.87,36.91
2023-09-03,Australia,North America,Lower Middle,Low,2.284,2.111,1.578,107.13,20.49
2023-09-10,Australia,Asia,High,Low,1.749,1.353,1.002,63.01,25.49
2023-09-17,Australia,Asia,Lower Middle,Medium,1.36,1.385,0.823,61.45,16.23
2023-09-24,Australia,Asia,Lower Middle,Medium,1.608,1.482,1.047,81.44,9.72
2023-10-01,Australia,Asia,Upper Middle,High,1.913,1.689,1.391,104.68,5.68
2023-10-08,Australia,Asia,High,High,1.121,1.259,0.754,61.98,5.71
2023-10-15,Australia,Europe,Upper Middle,Medium,2.436,2.232,1.517,107.96,23.0
2023-10-22,Australia,Europe,Upper Middle,Low,1.928,1.571,1.138,69.47,32.95
2023-10-29,Australia,Asia,Upper Middle,High,2.013,1.82,1.274,87.94,25.75
2023-11-05,Australia,Oceania,Upper Middle,High,2.497,2.194,1.648,98.04,39.03
2023-11-12,Australia,Oceania,High,High,1.198,1.096,0.86,60.69,6.45
2023-11-19,Australia,Europe,Upper Middle,Low,2.054,1.839,1.187,81.52,29.57
2023-11-26,Australia,North America,Upper Middle,Low,1.694,1.655,1.109,93.5,5.55
2023-12-03,Australia,Europe,Upper Middle,High,2.332,1.946,1.41,99.77,26.1
2023-12-10,Australia,North America,Upper Middle,High,1.533,1.504,0.903,78.04,11.14
2023-12-17,Australia,Oceania,Lower Middle,Low,1.723,1.68,1.183,91.43,8.99
2023-12-24,Australia,North America,High,Medium,1.945,1.717,1.257,92.29,15.81
2023-12-31,Australia,North America,Lower Middle,Medium,2.188,1.813,1.5,93.91,24.63
2024-01-07,Australia,Europe,High,Low,1.308,1.176,0.823,58.44,10.48
2024-01-14,Australia,Oceania,Upper Middle,High,2.08,1.837,1.377,96.18,16.2
2024-01-21,Australia,Asia,Lower Middle,High,1.917,1.374,1.165,92.76,7.44
2024-01-28,Australia,Europe,High,Medium,1.485,1.283,0.951,70.94,9.62
2024-02-04,Australia,Asia,Lower Middle,High,2.405,2.196,1.584,109.73,26.08
2024-02-11,Australia,North America,Upper Middle,Low,1.696,1.704,1.122,76.0,21.06
2024-02-18,Australia,Europe,Upper Middle,Low,1.491,1.26,0.97,55.38,27.57
2024-02-25,Australia,Asia,High,Low,1.456,1.313,0.925,58.82,25.06
2024-03-03,Australia,Asia,High,Medium,1.604,1.55,1.004,53.09,38.56
2024-03-10,Australia,North America,Lower Middle,Low,1.622,1.378,0.837,58.22,24.78
2024-03-17,Australia,Europe,High,Low,2.025,1.783,1.348,81.09,23.26
2024-03-24,Australia,North America,High,High,2.135,1.857,1.216,92.29,16.24
2024-03-31,Australia,Asia,Lower Middle,Medium,2.098,1.856,1.423,106.34,14.52
2024-04-07,Australia,Europe,Lower Middle,Medium,1.963,1.86,1.224,76.0,31.55
2024-04-14,Australia,Oceania,Lower Middle,Low,2.291,1.932,1.374,104.96,15.42
2024-04-21,Australia,Europe,Lower Middle,Medium,2.407,1.98,1.441,99.76,30.54
2024-04-28,Australia,Europe,High,High,2.079,1.967,1.339,91.53,22.72
2024-05-05,Australia,North America,High,High,2.498,2.208,1.609,103.59,27.28
2024-05-12,Australia,North America,Lower Middle,High,2.509,2.199,1.534,108.68,29.63
2024-05-19,Australia,Asia,Upper Middle,Low,1.698,1.47,0.995,63.51,23.68
2024-05-26,Australia,Asia,Upper Middle,Medium,1.485,1.277,0.967,60.88,21.65
2024-06-02,Australia,Oceania,Upper Middle,Medium,2.452,2.229,1.614,103.12,28.75
2024-06-09,Australia,Europe,Lower Middle,Medium,1.187,1.118,0.85,57.59,6.71
2024-06-16,Australia,Europe,Upper Middle,Medium,1.797,1.388,1.136,57.4,34.6
2024-06-23,Australia,Oceania,Lower Middle,Low,1.513,1.304,0.956,64.43,15.73
2024-06-30,Australia,Asia,Upper Middle,Medium,2.184,1.944,1.444,103.91,11.67
2024-07-07,Australia,Oceania,Lower Middle,High,1.534,1.191,0.941,71.83,9.52
2024-07-14,Australia,Europe,Lower Middle,High,1.656,1.477,1.067,65.56,25.37
2024-07-21,Australia,North America,Upper Middle,Low,2.384,1.947,1.345,77.77,39.62
2024-07-28,Australia,Oceania,Lower Middle,High,2.239,1.96,1.29,81.39,37.35
2024-08-04,Australia,Asia,Upper Middle,High,2.185,1.805,1.263,89.65,24.29
2024-08-11,Australia,Oceania,High,Low,2.217,1.983,1.474,98.87,27.58
2024-08-18,Australia,Asia,High,Low,1.492,1.262,0.997,57.01,26.2
2024-08-25,Australia,North America,High,Medium,2.321,1.989,1.492,97.35,23.53
2024-09-01,Australia,Oceania,High,High,1.511,1.563,1.064,63.49,26.46
2024-09-08,Australia,North America,High,Medium,2.04,1.774,1.415,87.92,24.49
2024-09-15,Australia,Europe,High,High,1.416,1.342,0.826,52.41,24.13
2024-09-22,Australia,Europe,Lower Middle,Medium,1.961,1.773,1.206,73.5,33.13
2024-09-29,Australia,North America,High,Low,2.412,2.08,1.47,103.64,22.38
2024-10-06,Australia,Oceania,High,High,1.818,1.679,1.256,88.32,10.99
2024-10-13,Australia,Oceania,Upper Middle,Medium,2.39,2.149,1.583,96.2,38.92
2024-10-20,Australia,Asia,Upper Middle,Low,2.532,2.19,1.518,98.98,34.82
2024-10-27,Australia,Oceania,Upper Middle,Medium,1.812,1.57,1.19,91.49,7.71
2024-11-03,Australia,Oceania,High,High,1.558,1.422,1.035,83.71,5.48
2024-11-10,Australia,Asia,High,Medium,1.381,1.139,0.854,64.37,11.54
2024-11-17,Australia,North America,Lower Middle,Low,2.021,1.912,1.27,92.94,18.67
2024-11-24,Australia,Europe,Upper Middle,High,1.259,1.242,0.844,52.99,23.34
2024-12-01,Australia,North America,Lower Middle,Low,1.793,1.466,1.065,51.55,39.65
2024-12-08,Australia,Oceania,High,Low,2.151,2.006,1.308,78.28,38.47
2024-12-15,Australia,Asia,Lower Middle,Medium,2.016,1.623,1.23,78.15,19.94
2024-12-22,Australia,Asia,High,Low,1.577,1.447,1.039,58.55,27.42
2024-12-29,Australia,Asia,Upper Middle,High,1.77,1.546,1.065,64.37,35.36
2025-01-05,Australia,Oceania,Lower Middle,Medium,1.761,1.598,1.115,70.13,23.39
2025-01-12,Australia,Oceania,Lower Middle,High,2.509,2.226,1.668,108.1,27.97
2025-01-19,Australia,Europe,Upper Middle,High,1.926,1.869,1.348,77.5,34.7
2025-01-26,Australia,Oceania,Upper Middle,Medium,1.812,1.511,1.206,70.87,28.79
2025-02-02,Australia,Oceania,High,Medium,1.626,1.455,1.036,70.5,20.16
2025-02-09,Australia,Asia,High,Low,1.571,1.342,1.048,63.18,21.87
2025-02-16,Australia,Asia,Lower Middle,Medium,1.576,1.427,0.966,60.85,25.68
2025-02-23,Australia,Asia,Upper Middle,Low,1.911,1.692,1.265,83.34,21.97
2025-03-02,Australia,Oceania,Lower Middle,Medium,2.385,2.137,1.547,107.85,25.26
2025-03-09,Australia,Europe,Upper Middle,High,1.77,1.367,0.965,51.23,39.19
2025-03-16,Australia,Europe,High,Medium,1.824,1.641,1.074,80.97,16.65
2025-03-23,Australia,Asia,High,Medium,2.043,1.859,1.248,96.75,11.68
2025-03-30,Australia,North America,Upper Middle,Low,1.726,1.63,1.075,64.71,31.31
2025-04-06,Australia,North America,High,High,1.847,1.689,1.266,79.55,27.42
2025-04-13,Australia,Asia,High,Medium,2.189,1.973,1.403,90.68,28.96
2025-04-20,Australia,Oceania,High,Low,1.539,1.257,0.878,58.23,23.85
2025-04-27,Australia,North America,Upper Middle,High,2.103,1.711,1.351,97.5,10.98
2025-05-04,Australia,Europe,Lower Middle,Medium,1.568,1.204,0.91,52.52,28.9
2025-05-11,Australia,North America,Lower Middle,Medium,2.179,1.975,1.378,107.47,10.52
2025-05-18,Australia,Europe,Lower Middle,High,1.319,1.219,0.915,68.15,9.61
2025-05-25,Australia,North America,Upper Middle,High,1.971,1.715,1.194,90.12,18.59
2025-06-01,Australia,Oceania,Lower Middle,Medium,1.33,1.343,0.907,74.52,6.84
2025-06-08,Australia,Oceania,High,Low,1.454,1.215,0.918,61.4,17.02
2025-06-15,Australia,North America,Upper Middle,High,2.639,2.453,1.631,104.93,34.84
2025-06-22,Australia,Europe,Lower Middle,Medium,2.157,1.833,1.369,98.01,23.31
2025-06-29,Australia,Oceania,High,Medium,1.423,1.203,0.95,75.65,8.97
2025-07-06,Australia,Oceania,Lower Middle,High,1.593,1.223,1.051,61.91,23.44
2025-07-13,Australia,North America,Upper Middle,High,2.17,1.873,1.378,86.58,30.33
2025-07-20,Australia,Europe,Lower Middle,High,2.082,1.731,1.293,83.14,29.93
2025-07-27,Australia,Asia,Upper Middle,High,1.911,1.694,1.227,78.32,23.0
2025-08-03,Australia,North America,Lower Middle,Low,1.94,1.693,1.186,87.54,18.46
2025-08-10,Australia,Oceania,Upper Middle,High,1.636,1.508,1.136,82.29,8.06
2025-08-17,Australia,Europe,Upper Middle,Low,1.627,1.533,1.134,82.45,12.89
2025-08-24,Australia,North America,Lower Middle,Low,2.617,2.241,1.671,107.93,33.32
2025-08-31,Australia,Asia,Upper Middle,Medium,1.832,1.685,1.102,79.15,22.54
2025-09-07,Australia,Europe,Upper Middle,Low,1.62,1.423,1.009,63.14,22.44
2025-09-14,Australia,North America,Upper Middle,Medium,2.209,1.911,1.432,103.43,15.39
2025-09-21,Australia,Asia,Lower Middle,Low,1.797,1.604,1.17,75.66,29.56
2025-09-28,Australia,Oceania,Lower Middle,Low,1.592,1.461,1.007,71.55,13.06
2025-10-05,Australia,North America,High,High,1.437,1.326,1.002,68.93,12.54
2025-10-12,Australia,Asia,High,Medium,2.079,1.724,1.169,80.13,27.6
2025-10-19,Australia,Oceania,Lower Middle,High,1.74,1.449,1.014,67.07,25.14
2025-10-26,Australia,Europe,Lower Middle,Low,1.64,1.419,0.901,61.65,19.54
2025-11-02,Australia,Asia,Lower Middle,High,1.636,1.498,0.941,51.36,37.59
2025-11-09,Australia,Oceania,Upper Middle,Low,1.896,1.422,0.983,55.13,35.4
2025-11-16,Australia,Oceania,High,Medium,1.576,1.337,0.966,78.07,8.25
2025-11-23,Australia,Asia,Upper Middle,High,1.704,1.493,1.116,62.31,30.04
2025-11-30,Australia,Oceania,Upper Middle,Medium,1.666,1.5,1.076,83.06,9.01
2025-12-07,Australia,Oceania,Lower Middle,High,2.142,1.858,1.426,96.85,17.73
2025-12-14,Australia,Oceania,Upper Middle,Low,1.704,1.369,1.05,84.58,7.3
2025-12-21,Australia,Europe,Upper Middle,High,1.871,1.663,1.198,80.15,24.64
2025-12-28,Australia,North America,Upper Middle,Medium,2.28,2.045,1.606,100.01,29.07
2026-01-04,Australia,Europe,High,Medium,1.727,1.561,0.946,59.0,32.44
2026-01-11,Australia,Oceania,Lower Middle,High,1.62,1.549,0.912,57.96,33.4
2026-01-18,Australia,Europe,High,High,2.21,1.823,1.273,96.57,20.11
2026-01-25,Australia,Asia,High,Low,1.812,1.637,1.11,79.58,12.3
2026-02-01,Australia,Europe,Upper Middle,Low,1.787,1.849,1.2,77.32,23.67
2026-02-08,Australia,Europe,High,Low,2.179,2.052,1.509,96.14,28.37
2026-02-15,Australia,Europe,Upper Middle,Low,1.561,1.325,0.944,52.66,32.88
2026-02-22,Australia,North America,High,High,2.329,2.147,1.509,105.25,20.46
2026-03-01,Australia,Asia,High,High,1.099,1.05,0.776,54.05,11.0
2026-03-08,Australia,Oceania,High,Low,2.364,2.1,1.413,99.81,27.23
2026-03-15,Australia,North America,Upper Middle,Medium,1.688,1.578,0.965,56.0,35.84
2026-03-22,Australia,Oceania,Upper Middle,Low,2.367,2.07,1.484,104.98,19.21
2026-03-29,Australia,North America,High,Low,2.252,1.938,1.422,102.13,19.52
2020-01-05,Japan,Asia,Upper Middle,High,1.682,1.424,1.086,61.32,29.12
2020-01-12,Japan,North America,Lower Middle,Low,1.677,1.383,1.084,82.37,6.83
2020-01-19,Japan,Oceania,Lower Middle,Low,2.127,1.676,1.353,101.94,10.28
2020-01-26,Japan,Oceania,High,High,1.722,1.601,1.077,87.06,9.92
2020-02-02,Japan,Oceania,Upper Middle,Low,1.522,1.281,0.948,63.49,14.74
2020-02-09,Japan,North America,Upper Middle,Medium,1.878,1.539,1.235,76.83,24.95
2020-02-16,Japan,North America,Upper Middle,Medium,1.693,1.616,1.241,74.01,25.75
2020-02-23,Japan,Oceania,Upper Middle,Low,2.406,2.105,1.484,109.61,19.01
2020-03-01,Japan,North America,Lower Middle,High,1.281,1.22,0.886,54.2,19.67
2020-03-08,Japan,Europe,Upper Middle,Medium,1.88,1.635,1.111,63.0,33.95
2020-03-15,Japan,Asia,High,Medium,1.465,1.229,0.859,60.58,19.29
2020-03-22,Japan,Oceania,Upper Middle,Medium,2.055,1.757,1.245,78.1,35.03
2020-03-29,Japan,Oceania,Upper Middle,Medium,2.403,2.114,1.389,107.98,17.68
2020-04-05,Japan,North America,Lower Middle,Medium,2.385,2.106,1.588,92.64,39.36
2020-04-12,Japan,Europe,High,High,1.025,0.94,0.782,52.11,7.09
2020-04-19,Japan,Asia,Upper Middle,Low,2.11,1.814,1.178,80.24,28.82
2020-04-26,Japan,Asia,High,Medium,1.887,1.811,1.247,90.88,16.03
2020-05-03,Japan,Europe,High,Low,1.533,1.381,1.019,61.76,25.37
2020-05-10,Japan,Oceania,Lower Middle,Low,2.5,2.181,1.571,98.3,37.42
2020-05-17,Japan,Oceania,High,High,1.789,1.403,1.001,66.87,23.25
2020-05-24,Japan,Oceania,Lower Middle,Low,1.732,1.506,1.083,80.65,12.49
2020-05-31,Japan,North America,Lower Middle,High,2.442,2.032,1.569,97.1,36.21
2020-06-07,Japan,Europe,Upper Middle,Medium,1.863,1.547,1.243,81.31,20.19
2020-06-14,Japan,Asia,Lower Middle,Low,1.639,1.469,1.103,82.79,9.19
2020-06-21,Japan,Asia,High,Medium,1.904,1.61,1.198,81.59,23.88
2020-06-28,Japan,Asia,Lower Middle,Low,1.56,1.428,1.043,61.21,26.69
2020-07-05,Japan,Oceania,Upper Middle,Low,1.784,1.587,1.124,72.55,25.22
2020-07-12,Japan,Europe,High,Low,2.08,1.811,1.334,92.76,19.8
2020-07-19,Japan,Oceania,Lower Middle,Medium,1.883,1.639,1.123,84.96,16.09
2020-07-26,Japan,North America,High,Medium,2.275,1.918,1.407,88.5,28.41
2020-08-02,Japan,North America,Lower Middle,High,1.342,1.321,0.848,67.88,11.39
2020-08-09,Japan,North America,Upper Middle,High,2.38,1.976,1.38,96.85,26.79
2020-08-16,Japan,Asia,Upper Middle,High,2.597,2.345,1.704,106.17,34.68
2020-08-23,Japan,Asia,High,Medium,2.221,2.015,1.27,78.82,39.1
2020-08-30,Japan,North America,High,Low,2.051,1.854,1.339,100.81,13.46
2020-09-06,Japan,Europe,High,High,2.701,2.363,1.604,109.02,35.69
2020-09-13,Japan,Oceania,Upper Middle,Medium,1.994,1.718,1.311,101.02,7.37
2020-09-20,Japan,Europe,High,Medium,1.798,1.485,0.924,53.04,36.24
2020-09-27,Japan,Europe,Upper Middle,High,1.658,1.28,0.893,70.5,14.69
2020-10-04,Japan,Asia,Lower Middle,High,1.684,1.423,1.023,75.91,17.44
2020-10-11,Japan,Europe,Lower Middle,Low,1.851,1.627,1.058,58.51,39.6
2020-10-18,Japan,North America,High,Medium,2.251,2.03,1.515,105.09,18.35
2020-10-25,Japan,Europe,Lower Middle,Medium,2.09,1.677,1.218,80.78,23.66
2020-11-01,Japan,Europe,Upper Middle,High,2.249,2.013,1.37,101.7,20.79
2020-11-08,Japan,Oceania,Upper Middle,Low,2.243,1.941,1.533,100.23,27.55
2020-11-15,Japan,Oceania,High,Low,2.652,2.171,1.621,100.6,37.96
2020-11-22,Japan,Oceania,Upper Middle,High,1.98,1.772,1.2,87.91,23.28
2020-11-29,Japan,Europe,Upper Middle,Medium,2.272,2.04,1.488,98.13,23.53
2020-12-06,Japan,Asia,Upper Middle,Low,2.286,1.931,1.437,97.66,27.85
2020-12-13,Japan,North America,Lower Middle,Medium,2.222,1.91,1.418,94.87,24.49
2020-12-20,Japan,Oceania,Lower Middle,Low,1.267,1.25,0.958,59.09,19.02
2020-12-27,Japan,North America,Upper Middle,High,1.443,1.387,0.946,55.51,26.67
2021-01-03,Japan,North America,High,High,2.441,2.299,1.566,108.75,25.84
2021-01-10,Japan,Oceania,High,Low,1.597,1.449,0.968,70.45,21.37
2021-01-17,Japan,North America,Lower Middle,Medium,1.88,1.658,1.205,79.57,25.05
2021-01-24,Japan,Oceania,High,Low,2.534,2.319,1.502,104.55,32.63
2021-01-31,Japan,Oceania,Lower Middle,High,1.55,1.411,0.919,53.28,32.16
2021-02-07,Japan,Oceania,Upper Middle,Low,2.07,1.807,1.267,90.34,22.11
2021-02-14,Japan,Europe,High,Medium,2.455,1.987,1.386,93.34,33.53
2021-02-21,Japan,Asia,Upper Middle,Low,1.632,1.506,0.974,77.59,11.78
2021-02-28,Japan,Asia,Lower Middle,Low,2.564,2.205,1.63,107.64,29.09
2021-03-07,Japan,North America,High,Low,1.683,1.523,1.024,78.72,11.51
2021-03-14,Japan,Asia,Lower Middle,High,1.375,1.346,0.887,52.08,29.17
2021-03-21,Japan,Europe,High,High,2.394,2.06,1.549,109.38,17.74
2021-03-28,Japan,Oceania,High,Medium,2.066,1.882,1.379,92.59,23.46
2021-04-04,Japan,Asia,Lower Middle,Medium,1.351,1.232,0.857,62.48,10.31
2021-04-11,Japan,Oceania,Upper Middle,Medium,1.724,1.545,0.991,74.95,15.5
2021-04-18,Japan,North America,Upper Middle,Medium,2.02,1.712,1.236,73.66,31.83
2021-04-25,Japan,Oceania,Lower Middle,High,1.789,1.649,1.119,67.71,30.87
2021-05-02,Japan,Europe,Upper Middle,High,1.297,1.139,0.933,66.03,13.16
2021-05-09,Japan,Europe,Upper Middle,High,1.833,1.699,1.22,94.06,7.54
2021-05-16,Japan,Oceania,Lower Middle,High,1.412,1.254,0.85,52.98,22.48
2021-05-23,Japan,Asia,High,Medium,1.598,1.433,1.04,83.05,8.88
2021-05-30,Japan,Europe,Lower Middle,Medium,2.136,1.838,1.354,86.61,29.79
2021-06-06,Japan,Oceania,Lower Middle,High,2.386,2.061,1.523,100.58,31.14
2021-06-13,Japan,Asia,Upper Middle,Medium,2.252,2.093,1.468,91.15,28.83
2021-06-20,Japan,Oceania,High,Medium,2.317,2.053,1.315,84.23,39.91
2021-06-27,Japan,North America,Lower Middle,High,1.873,1.841,1.294,75.69,34.49
2021-07-04,Japan,Asia,High,Low,1.617,1.578,1.041,70.21,26.87
2021-07-11,Japan,Europe,Upper Middle,Low,2.423,1.969,1.448,100.07,31.34
2021-07-18,Japan,Asia,Upper Middle,Low,1.966,1.716,1.139,64.94,37.87
2021-07-25,Japan,Europe,High,High,2.39,2.081,1.468,96.13,34.3
2021-08-01,Japan,Asia,High,Low,2.115,1.91,1.442,108.99,13.57
2021-08-08,Japan,North America,High,Low,1.531,1.388,1.061,82.65,6.13
2021-08-15,Japan,Europe,Lower Middle,High,1.847,1.444,1.067,61.87,33.68
2021-08-22,Japan,Oceania,Lower Middle,Low,1.582,1.392,0.952,50.22,31.59
2021-08-29,Japan,Europe,Lower Middle,High,1.992,1.863,1.22,86.88,24.23
2021-09-05,Japan,Oceania,Lower Middle,Medium,2.276,1.801,1.375,92.45,26.77
2021-09-12,Japan,North America,High,Medium,1.025,0.927,0.75,51.71,12.39
2021-09-19,Japan,Europe,High,High,1.55,1.416,1.079,52.09,32.76
2021-09-26,Japan,Oceania,High,High,2.022,1.933,1.321,95.47,17.66
2021-10-03,Japan,Asia,Lower Middle,Low,1.284,1.138,0.771,52.91,19.19
2021-10-10,Japan,Europe,Lower Middle,Medium,1.87,1.529,1.1,80.38,17.71
2021-10-17,Japan,North America,Upper Middle,Medium,1.927,1.892,1.364,82.4,29.67
2021-10-24,Japan,Europe,High,High,1.128,0.962,0.701,53.64,8.35
2021-10-31,Japan,Europe,Lower Middle,Medium,1.93,1.576,1.207,59.19,39.5
2021-11-07,Japan,North America,Lower Middle,Medium,2.095,1.819,1.204,70.92,35.94
2021-11-14,Japan,Oceania,Upper Middle,High,1.845,1.508,1.122,83.05,13.77
2021-11-21,Japan,Asia,High,Low,2.208,1.942,1.46,104.65,17.14
2021-11-28,Japan,Asia,Upper Middle,Medium,1.555,1.301,1.067,65.17,18.72
2021-12-05,Japan,Europe,Lower Middle,Medium,1.751,1.682,1.151,65.37,35.77
2021-12-12,Japan,Asia,Lower Middle,Low,2.46,2.186,1.458,102.22,29.37
2021-12-19,Japan,Asia,Upper Middle,High,1.853,1.688,1.23,84.12,20.81
2021-12-26,Japan,Asia,Upper Middle,Low,2.119,1.971,1.265,84.97,30.63
2022-01-02,Japan,Oceania,High,High,2.258,1.989,1.349,90.78,29.95
2022-01-09,Japan,Europe,Upper Middle,High,1.341,1.112,0.914,65.48,7.55
2022-01-16,Japan,Asia,High,Low,2.262,2.057,1.461,98.15,24.79
2022-01-23,Japan,Europe,High,Low,1.361,1.373,0.948,67.9,6.45
2022-01-30,Japan,Asia,Upper Middle,Medium,1.743,1.506,1.073,59.48,36.65
2022-02-06,Japan,Oceania,Upper Middle,Low,2.38,2.114,1.447,106.19,18.73
2022-02-13,Japan,Asia,Upper Middle,Medium,2.509,2.212,1.627,105.52,35.61
2022-02-20,Japan,Europe,Upper Middle,Medium,1.621,1.37,1.098,69.48,19.67
2022-02-27,Japan,Asia,High,High,2.047,1.808,1.353,97.84,18.36
2022-03-06,Japan,North America,Lower Middle,Low,2.032,1.932,1.318,80.71,37.69
2022-03-13,Japan,North America,Lower Middle,High,2.233,2.019,1.325,94.33,30.8
2022-03-20,Japan,Europe,Upper Middle,Medium,1.884,1.531,1.134,72.19,26.9
2022-03-27,Japan,Asia,High,Medium,1.433,1.308,0.911,64.82,13.53
2022-04-03,Japan,Europe,Upper Middle,Low,1.328,1.193,0.783,51.61,20.55
2022-04-10,Japan,North America,High,High,1.459,1.441,1.003,67.44,19.48
2022-04-17,Japan,Oceania,Upper Middle,Medium,1.307,1.145,0.794,51.53,19.22
2022-04-24,Japan,Oceania,High,High,2.193,2.091,1.4,92.26,30.98
2022-05-01,Japan,North America,Upper Middle,Medium,1.684,1.626,1.056,64.25,28.77
2022-05-08,Japan,Europe,High,Low,1.365,1.217,0.784,58.37,14.84
2022-05-15,Japan,Asia,High,High,1.99,1.84,1.214,96.09,14.27
2022-05-22,Japan,North America,Upper Middle,Medium,2.429,2.117,1.564,106.02,22.9
2022-05-29,Japan,North America,Upper Middle,High,2.309,2.054,1.468,89.45,35.46
2022-06-05,Japan,Asia,Lower Middle,Medium,2.3,2.133,1.391,108.8,16.19
2022-06-12,Japan,North America,Upper Middle,Medium,2.222,1.929,1.467,106.81,8.73
2022-06-19,Japan,Asia,High,Low,1.969,1.65,1.305,104.3,5.15
2022-06-26,Japan,Oceania,Upper Middle,High,2.071,1.844,1.233,86.5,28.58
2022-07-03,Japan,Asia,High,High,2.317,1.992,1.46,99.95,26.77
2022-07-10,Japan,Europe,Upper Middle,Medium,2.283,2.042,1.399,92.16,31.1
2022-07-17,Japan,North America,Upper Middle,Low,1.401,1.238,0.771,54.05,20.01
2022-07-24,Japan,Europe,Upper Middle,Low,1.918,1.741,1.354,103.73,6.24
2022-07-31,Japan,Oceania,Lower Middle,Low,1.883,1.782,1.295,91.73,13.94
2022-08-07,Japan,Oceania,High,Medium,2.309,2.214,1.545,107.93,20.24
2022-08-14,Japan,North America,Upper Middle,Low,1.185,0.898,0.733,55.57,7.21
2022-08-21,Japan,Europe,Upper Middle,High,1.9,1.563,1.253,96.71,7.44
2022-08-28,Japan,North America,High,High,2.265,1.924,1.503,109.28,15.11
2022-09-04,Japan,Oceania,Upper Middle,Low,2.248,1.933,1.307,85.72,29.15
2022-09-11,Japan,Europe,High,High,1.613,1.302,0.861,67.27,10.33
2022-09-18,Japan,Europe,High,High,2.085,1.927,1.319,96.71,16.49
2022-09-25,Japan,Europe,Lower Middle,Low,1.576,1.439,0.967,73.88,13.05
2022-10-02,Japan,Oceania,High,High,1.588,1.49,0.928,50.85,36.71
2022-10-09,Japan,Oceania,High,Medium,1.956,1.628,1.19,93.08,12.25
2022-10-16,Japan,Europe,Upper Middle,Low,2.344,2.054,1.393,88.45,38.06
2022-10-23,Japan,Asia,High,Low,2.391,2.078,1.462,107.87,21.75
2022-10-30,Japan,North America,Upper Middle,High,1.408,1.16,0.849,59.39,11.52
2022-11-06,Japan,Europe,Lower Middle,Low,1.312,1.171,1.005,68.13,7.35
2022-11-13,Japan,Oceania,Lower Middle,Medium,2.114,1.807,1.245,75.27,34.2
2022-11-20,Japan,North America,Upper Middle,High,1.558,1.296,1.043,68.01,14.35
2022-11-27,Japan,Oceania,Upper Middle,High,1.822,1.538,1.107,59.45,34.97
2022-12-04,Japan,North America,High,High,1.464,1.188,0.873,66.08,9.31
2022-12-11,Japan,North America,High,Low,2.367,2.206,1.466,87.68,39.79
2022-12-18,Japan,Oceania,Lower Middle,High,1.754,1.611,1.113,70.92,25.43
2022-12-25,Japan,Europe,Upper Middle,High,1.365,1.383,0.837,65.81,13.08
2023-01-01,Japan,Oceania,High,Medium,1.928,1.522,1.178,79.86,19.98
2023-01-08,Japan,North America,High,Low,2.132,1.835,1.384,91.91,26.61
2023-01-15,Japan,Oceania,Upper Middle,High,2.095,1.9,1.43,106.72,10.03
2023-01-22,Japan,Oceania,Lower Middle,Medium,2.243,2.05,1.566,105.93,20.83
2023-01-29,Japan,Europe,High,High,2.264,1.999,1.417,89.87,32.47
2023-02-05,Japan,Asia,Lower Middle,Medium,1.634,1.44,1.022,70.32,19.41
2023-02-12,Japan,Asia,Upper Middle,Low,1.971,1.623,1.219,94.19,8.06
2023-02-19,Japan,Europe,Upper Middle,Medium,1.857,1.545,1.168,72.4,24.76
2023-02-26,Japan,Oceania,High,Low,2.193,1.92,1.314,87.74,32.64
2023-03-05,Japan,Asia,Upper Middle,Low,2.431,2.033,1.495,97.49,33.28
2023-03-12,Japan,Asia,Upper Middle,High,2.556,2.327,1.662,108.75,32.84
2023-03-19,Japan,Oceania,High,High,1.345,1.217,0.868,55.84,13.88
2023-03-26,Japan,Europe,Lower Middle,Medium,2.048,1.62,1.158,87.86,18.5
2023-04-02,Japan,Oceania,Lower Middle,Low,2.091,1.786,1.147,76.44,32.88
2023-04-09,Japan,North America,High,High,1.346,1.258,0.916,52.47,22.35
2023-04-16,Japan,Europe,Upper Middle,Medium,1.731,1.609,1.076,92.23,5.8
2023-04-23,Japan,Oceania,High,High,1.883,1.67,1.135,86.07,15.58
2023-04-30,Japan,Europe,High,Low,2.301,2.073,1.346,95.1,31.14
2023-05-07,Japan,North America,High,High,1.314,1.293,0.798,50.81,19.61
2023-05-14,Japan,North America,Upper Middle,Medium,1.951,1.624,1.243,85.01,17.23
2023-05-21,Japan,Asia,Upper Middle,High,1.545,1.175,0.904,72.48,5.59
2023-05-28,Japan,Oceania,High,High,1.495,1.407,1.017,69.81,18.25
2023-06-04,Japan,Europe,High,High,2.249,1.908,1.45,81.76,38.21
2023-06-11,Japan,North America,Upper Middle,Low,2.195,1.801,1.178,90.34,17.08
2023-06-18,Japan,Asia,High,High,1.847,1.559,0.989,57.37,38.79
2023-06-25,Japan,North America,Upper Middle,High,1.467,1.396,1.054,70.29,15.59
2023-07-02,Japan,Asia,Upper Middle,Medium,2.257,1.804,1.371,79.77,36.51
2023-07-09,Japan,Asia,Upper Middle,High,2.43,2.043,1.524,89.03,38.47
2023-07-16,Japan,Europe,Lower Middle,Low,1.465,1.406,0.864,65.47,13.58
2023-07-23,Japan,Europe,High,Low,2.271,1.977,1.424,100.75,19.23
2023-07-30,Japan,Asia,High,High,2.284,2.014,1.293,89.67,29.35
2023-08-06,Japan,Oceania,Upper Middle,Medium,2.047,1.833,1.384,102.44,16.44
2023-08-13,Japan,Europe,Lower Middle,Medium,1.987,1.618,1.074,73.04,26.35
2023-08-20,Japan,North America,Lower Middle,Low,1.7,1.462,0.93,52.59,34.32
2023-08-27,Japan,North America,Lower Middle,Low,2.459,2.078,1.454,102.49,25.34
2023-09-03,Japan,Europe,Upper Middle,Medium,2.096,1.677,1.117,72.68,33.55
2023-09-10,Japan,North America,Upper Middle,Medium,2.003,1.606,1.159,71.24,30.36
2023-09-17,Japan,Oceania,Lower Middle,Low,1.054,0.9,0.684,51.85,10.8
2023-09-24,Japan,Asia,Upper Middle,High,2.171,1.817,1.33,89.03,28.56
2023-10-01,Japan,North America,High,Medium,1.523,1.54,1.016,53.77,36.69
2023-10-08,Japan,Asia,Upper Middle,Low,1.988,1.655,1.36,83.17,25.15
2023-10-15,Japan,Europe,Lower Middle,Medium,2.444,2.238,1.59,105.48,30.19
2023-10-22,Japan,Europe,Lower Middle,High,2.044,1.751,1.233,81.33,24.36
2023-10-29,Japan,North America,Lower Middle,Low,1.881,1.477,1.034,78.33,18.78
2023-11-05,Japan,North America,High,Medium,2.417,2.056,1.388,109.12,17.89
2023-11-12,Japan,North America,Lower Middle,High,1.651,1.438,1.007,57.8,29.29
2023-11-19,Japan,North America,High,Low,2.325,2.159,1.577,98.94,26.96
2023-11-26,Japan,Europe,Upper Middle,Medium,2.632,2.24,1.602,109.81,30.64
2023-12-03,Japan,Europe,Upper Middle,High,2.106,1.734,1.379,101.03,6.69
2023-12-10,Japan,North America,High,High,1.472,1.335,0.873,55.8,21.32
2023-12-17,Japan,Europe,High,High,1.91,1.865,1.183,72.79,33.18
2023-12-24,Japan,Europe,High,Low,1.977,1.69,1.224,92.3,15.19
2023-12-31,Japan,Europe,Upper Middle,Low,1.819,1.521,1.174,87.85,12.39
2024-01-07,Japan,Asia,High,Low,1.933,1.596,1.13,84.35,16.75
2024-01-14,Japan,North America,Lower Middle,High,2.268,1.916,1.488,84.87,33.52
2024-01-21,Japan,Asia,High,Medium,1.754,1.613,1.1,84.0,14.51
2024-01-28,Japan,Europe,Upper Middle,Low,2.285,2.074,1.499,107.23,19.56
2024-02-04,Japan,Europe,High,Low,1.537,1.424,1.022,60.03,21.68
2024-02-11,Japan,North America,High,High,1.368,1.197,1.035,69.54,6.07
2024-02-18,Japan,Oceania,Lower Middle,High,1.619,1.443,1.058,81.04,6.06
2024-02-25,Japan,Europe,Upper Middle,Low,2.101,1.722,1.342,81.36,26.64
2024-03-03,Japan,Europe,High,Medium,2.575,2.201,1.726,109.95,31.21
2024-03-10,Japan,North America,Upper Middle,Medium,1.948,1.797,1.242,95.16,10.99
2024-03-17,Japan,Asia,Lower Middle,Low,1.944,1.891,1.253,84.63,24.06
2024-03-24,Japan,Oceania,Upper Middle,Low,2.294,2.171,1.416,96.96,28.23
2024-03-31,Japan,North America,High,High,1.72,1.608,1.13,80.85,12.29
2024-04-07,Japan,North America,Upper Middle,Medium,1.746,1.528,1.013,80.14,11.84
2024-04-14,Japan,Asia,Upper Middle,Low,1.537,1.239,0.831,65.75,13.14
2024-04-21,Japan,North America,Upper Middle,Low,2.267,1.976,1.372,87.24,31.69
2024-04-28,Japan,Oceania,High,High,1.785,1.421,1.014,69.22,21.13
2024-05-05,Japan,Asia,High,Medium,2.349,2.007,1.444,99.98,23.82
2024-05-12,Japan,Oceania,Upper Middle,High,1.866,1.788,1.347,97.68,11.4
2024-05-19,Japan,Europe,Lower Middle,Medium,1.674,1.396,1.139,79.36,10.38
2024-05-26,Japan,Oceania,Upper Middle,High,2.121,1.88,1.237,81.7,33.12
2024-06-02,Japan,North America,Upper Middle,High,1.935,1.594,1.185,84.66,17.91
2024-06-09,Japan,North America,High,Low,1.814,1.62,1.103,71.83,29.63
2024-06-16,Japan,North America,Upper Middle,Medium,1.779,1.605,1.08,71.77,26.46
2024-06-23,Japan,North America,Lower Middle,Low,1.647,1.595,1.017,52.73,36.58
2024-06-30,Japan,Asia,Upper Middle,High,2.368,2.041,1.531,108.04,20.37
2024-07-07,Japan,Asia,High,High,1.268,1.097,0.739,50.73,16.62
2024-07-14,Japan,North America,High,Medium,1.684,1.459,0.959,55.99,32.6
2024-07-21,Japan,Oceania,Upper Middle,Low,1.997,1.77,1.231,83.0,25.7
2024-07-28,Japan,Europe,Upper Middle,High,1.54,1.369,0.966,57.87,25.74
2024-08-04,Japan,Oceania,Lower Middle,Medium,1.651,1.466,0.98,54.87,31.91
2024-08-11,Japan,Asia,High,Medium,2.38,2.182,1.394,91.93,38.42
2024-08-18,Japan,Oceania,Upper Middle,Medium,2.002,1.917,1.247,73.57,36.02
2024-08-25,Japan,Europe,Lower Middle,High,2.195,2.006,1.326,90.01,28.46
2024-09-01,Japan,North America,Lower Middle,High,1.646,1.471,1.047,65.25,22.64
2024-09-08,Japan,Europe,High,Low,1.562,1.341,0.943,66.39,14.93
2024-09-15,Japan,Europe,Upper Middle,Low,2.403,2.063,1.504,99.8,29.64
2024-09-22,Japan,Asia,Lower Middle,Medium,2.127,1.673,1.308,100.82,10.95
2024-09-29,Japan,Europe,Lower Middle,High,1.86,1.779,1.328,103.86,6.33
2024-10-06,Japan,Europe,Lower Middle,Medium,1.866,1.614,1.185,79.29,20.77
2024-10-13,Japan,North America,Lower Middle,Low,2.216,2.007,1.305,78.1,36.41
2024-10-20,Japan,North America,Lower Middle,Low,1.504,1.488,0.965,53.79,32.84
2024-10-27,Japan,North America,Upper Middle,Low,1.821,1.731,1.187,76.84,26.86
2024-11-03,Japan,North America,High,High,1.768,1.51,1.053,57.21,35.46
2024-11-10,Japan,Oceania,Lower Middle,Low,1.569,1.45,1.038,78.27,10.7
2024-11-17,Japan,Europe,High,Medium,2.044,1.883,1.413,91.89,25.44
2024-11-24,Japan,Oceania,Upper Middle,Low,1.633,1.559,1.142,78.41,15.32
2024-12-01,Japan,Oceania,High,Low,1.447,1.409,1.009,52.4,33.9
2024-12-08,Japan,Oceania,Upper Middle,Medium,2.092,1.918,1.349,101.04,15.31
2024-12-15,Japan,Asia,High,Low,2.054,1.857,1.312,102.64,8.64
2024-12-22,Japan,North America,Lower Middle,Low,2.02,1.759,1.233,82.27,25.69
2024-12-29,Japan,North America,High,Medium,2.435,2.224,1.541,105.97,30.03
2025-01-05,Japan,Oceania,Lower Middle,Low,1.495,1.307,0.958,67.13,15.42
2025-01-12,Japan,North America,High,Medium,2.383,2.264,1.405,101.23,33.09
2025-01-19,Japan,Asia,Lower Middle,High,2.172,1.849,1.307,79.01,34.15
2025-01-26,Japan,North America,High,Low,1.784,1.446,1.007,61.08,31.6
2025-02-02,Japan,North America,High,Medium,1.164,1.039,0.809,62.23,6.09
2025-02-09,Japan,Asia,High,High,2.467,2.135,1.538,109.41,24.51
2025-02-16,Japan,North America,Lower Middle,High,1.985,1.721,1.294,83.71,24.11
2025-02-23,Japan,Oceania,Lower Middle,High,2.406,2.265,1.543,99.36,34.29
2025-03-02,Japan,Asia,High,Medium,1.871,1.574,1.193,88.57,8.61
2025-03-09,Japan,Asia,High,Medium,2.008,1.836,1.386,81.52,33.76
2025-03-16,Japan,Oceania,Upper Middle,High,1.496,1.333,0.984,63.88,16.69
2025-03-23,Japan,Europe,Lower Middle,Medium,2.485,2.163,1.528,93.59,36.94
2025-03-30,Japan,Europe,Upper Middle,Low,2.09,1.73,1.234,89.06,18.94
2025-04-06,Japan,Europe,Lower Middle,Low,1.693,1.409,0.948,57.2,31.28
2025-04-13,Japan,Europe,Lower Middle,Low,1.554,1.206,0.923,73.17,7.14
2025-04-20,Japan,Asia,High,Medium,1.319,1.101,0.767,53.05,15.25
2025-04-27,Japan,Europe,High,High,1.443,1.113,0.989,72.28,10.16
2025-05-04,Japan,Europe,Lower Middle,Medium,2.004,1.774,1.253,92.89,17.83
2025-05-11,Japan,Asia,Upper Middle,High,2.143,1.845,1.314,88.04,25.62
2025-05-18,Japan,Oceania,Lower Middle,Low,2.259,1.948,1.324,96.46,24.1
2025-05-25,Japan,Oceania,High,Medium,1.548,1.524,1.091,75.53,15.94
2025-06-01,Japan,North America,Lower Middle,Medium,1.812,1.627,1.173,90.81,12.75
2025-06-08,Japan,Oceania,High,High,1.605,1.475,1.009,71.15,21.0
2025-06-15,Japan,North America,Upper Middle,Medium,1.63,1.458,0.987,51.56,36.0
2025-06-22,Japan,Oceania,Lower Middle,Medium,1.828,1.812,1.196,81.43,23.01
2025-06-29,Japan,North America,High,High,1.491,1.402,0.93,72.65,9.78
2025-07-06,Japan,Oceania,High,Medium,2.345,2.222,1.539,105.39,25.87
2025-07-13,Japan,Europe,Upper Middle,High,2.033,1.804,1.242,73.87,33.37
2025-07-20,Japan,North America,High,Medium,1.933,1.587,1.068,82.13,15.94
2025-07-27,Japan,North America,Upper Middle,Low,2.075,1.877,1.28,91.92,22.2
2025-08-03,Japan,Oceania,Lower Middle,Medium,2.15,1.935,1.368,83.94,32.38
2025-08-10,Japan,Asia,Lower Middle,Medium,2.002,1.73,1.148,73.21,36.45
2025-08-17,Japan,Oceania,Lower Middle,Low,1.937,1.654,1.169,85.19,18.03
2025-08-24,Japan,Oceania,Lower Middle,Low,1.165,1.042,0.879,57.26,12.76
2025-08-31,Japan,North America,Upper Middle,Medium,1.798,1.649,1.268,87.43,13.13
2025-09-07,Japan,North America,Upper Middle,Medium,1.607,1.296,0.974,64.37,21.33
2025-09-14,Japan,Asia,Upper Middle,High,1.651,1.491,0.984,82.84,7.17
2025-09-21,Japan,Europe,Upper Middle,Low,2.027,1.702,1.169,74.81,24.86
2025-09-28,Japan,Asia,Upper Middle,High,1.369,1.254,0.842,50.21,26.47
2025-10-05,Japan,Oceania,Lower Middle,Medium,2.044,1.656,1.27,89.87,21.87
2025-10-12,Japan,Asia,Lower Middle,Medium,1.846,1.765,1.325,94.96,11.22
2025-10-19,Japan,North America,High,Low,1.529,1.532,1.039,65.4,20.55
2025-10-26,Japan,Europe,Upper Middle,Medium,1.688,1.256,0.856,60.86,23.92
2025-11-02,Japan,Asia,Upper Middle,Medium,2.317,2.164,1.418,99.12,27.03
2025-11-09,Japan,Europe,High,Medium,1.162,0.995,0.819,59.71,6.06
2025-11-16,Japan,North America,High,Low,1.549,1.256,0.878,50.43,28.86
2025-11-23,Japan,North America,Upper Middle,Low,1.793,1.588,1.272,95.31,12.73
2025-11-30,Japan,Asia,Lower Middle,Medium,1.781,1.372,1.039,61.39,30.25
2025-12-07,Japan,Europe,High,Medium,1.413,1.264,0.888,58.48,20.3
2025-12-14,Japan,Oceania,High,Medium,1.92,1.698,1.155,95.2,7.3
2025-12-21,Japan,Europe,High,Medium,2.113,1.689,1.2,86.86,23.49
2025-12-28,Japan,Europe,High,Medium,1.657,1.549,1.04,73.24,20.64
2026-01-04,Japan,North America,Upper Middle,Medium,1.813,1.526,1.006,51.58,39.65
2026-01-11,Japan,North America,High,Low,2.683,2.257,1.658,101.75,39.51
2026-01-18,Japan,Europe,High,Medium,1.922,1.706,1.129,78.77,21.85
2026-01-25,Japan,Oceania,Lower Middle,Medium,1.505,1.316,1.045,75.16,7.54
2026-02-01,Japan,Oceania,Upper Middle,High,2.266,2.015,1.437,106.8,18.69
2026-02-08,Japan,Oceania,Lower Middle,High,1.519,1.263,0.979,71.57,9.88
2026-02-15,Japan,Europe,Lower Middle,Medium,1.933,1.68,1.086,72.03,32.25
2026-02-22,Japan,Asia,Lower Middle,High,1.353,1.018,0.878,58.14,12.09
2026-03-01,Japan,Europe,High,Low,1.796,1.617,1.243,92.0,10.2
2026-03-08,Japan,Oceania,Upper Middle,High,2.58,2.134,1.711,101.03,37.61
2026-03-15,Japan,Europe,Lower Middle,Medium,2.464,2.22,1.567,99.19,35.81
2026-03-22,Japan,Asia,Lower Middle,Low,2.018,1.878,1.282,90.9,22.69
2026-03-29,Japan,Asia,Upper Middle,High,2.521,2.281,1.59,106.47,30.88
