Actual Petrol,Predicted Petrol,Actual Diesel,Predicted Diesel
2.033,1.9697547,1.826,1.8294789
2.019,2.0279438,1.891,1.8852745
2.119,2.00477,1.918,1.8420395
2.077,2.0913498,1.876,1.9209058
2.066,2.0136962,1.898,1.8579465
2.072,1.984644,1.939,1.8428357
2.114,2.050459,1.945,1.8889166
2.097,2.0789373,1.944,1.9166379
2.137,2.069684,1.927,1.8896327
2.073,2.0875335,1.877,1.9306935
2.072,2.032895,1.906,1.8768214
2.078,2.0273182,1.92,1.8608836
2.138,2.03092,1.938,1.8575659
2.091,2.1002944,1.987,1.9440881
2.151,2.1078851,2.01,1.9557356
2.212,2.137117,2.024,1.9939241
2.184,2.1824143,1.992,2.0184534
2.148,2.1119287,2.016,1.9529889
2.231,2.1132672,2.057,1.9448273
2.247,2.1989748,2.017,2.0448828
2.27,2.2217891,2.089,2.0563338
2.252,2.252036,2.052,2.0730016
2.286,2.1846433,2.097,2.020039
2.29,2.2256625,2.071,2.0731509
2.241,2.265146,2.062,2.105419
2.249,2.2462974,2.084,2.0713236
2.243,2.1996439,2.043,2.0419042
2.202,2.1908672,2.031,2.0221896
2.21,2.1725025,2.036,2.017811
2.252,2.242003,2.116,2.0614753
2.261,2.2106745,2.082,2.042831
2.256,2.2346253,2.095,2.0785582
2.306,2.2278178,2.101,2.078341
2.25,2.2887516,2.071,2.1074762
2.28,2.321713,2.111,2.155663
2.306,2.2620494,2.095,2.1042933
2.313,2.2760327,2.124,2.1052783
2.301,2.3290324,2.123,2.1541722
2.341,2.359636,2.123,2.1814752
2.348,2.2462378,2.133,2.0750918
2.343,2.3047647,2.153,2.1283686
2.355,2.2997234,2.152,2.1169612
2.291,2.3388298,2.156,2.1565387
2.28,2.2820258,2.158,2.0755966
2.303,2.3063285,2.172,2.134929
2.425,2.3010721,2.193,2.1230915
2.451,2.4081132,2.276,2.2189033
2.448,2.4786322,2.257,2.264093
2.488,2.462101,2.309,2.2780747
2.506,2.452554,2.344,2.2474682
2.574,2.5552855,2.42,2.3351722
2.635,2.643259,2.389,2.4120116
2.611,2.5560462,2.415,2.3438427
2.659,2.5617971,2.423,2.3509316
2.643,2.6424644,2.379,2.4287243
2.627,2.6109746,2.41,2.3982065
2.557,2.566499,2.407,2.3574262
2.626,2.5610228,2.41,2.3544586
2.64,2.6454165,2.41,2.4372618
2.618,2.617332,2.402,2.3926287
2.621,2.6474953,2.436,2.4176903
2.578,2.5966556,2.413,2.3942814
2.599,2.5929987,2.341,2.392791
2.576,2.5490777,2.356,2.3514724
2.535,2.5845666,2.354,2.3844314
2.508,2.4552982,2.356,2.2647183
2.496,2.4403312,2.277,2.2553735
2.448,2.3906033,2.284,2.2003047
2.452,2.4635665,2.281,2.2764597
2.41,2.328994,2.285,2.147401
2.439,2.3593972,2.219,2.1979055
2.382,2.384783,2.174,2.2232203
2.378,2.3007383,2.201,2.1280615
2.332,2.3582,2.103,2.1751387
2.329,2.2006943,2.122,2.0469418
2.245,2.1797478,2.107,2.0171876
2.203,2.2088892,2.051,2.0549514
2.205,2.1935194,2.056,2.0427594
2.183,2.1650639,1.992,2.0105333
2.151,2.1147013,1.986,1.9676192
2.168,2.1401548,1.99,1.994079
2.116,2.1499019,1.927,1.9841558
2.059,2.110545,1.914,1.9607285
2.053,2.0456629,1.894,1.8978199
2.08,2.0439918,1.903,1.8895923
2.045,2.0605876,1.883,1.9075872
2.011,2.0624552,1.859,1.8936363
1.989,1.8932693,1.857,1.7564889
1.982,2.005704,1.828,1.8515399
1.952,1.8928238,1.812,1.7609817
1.908,1.9023154,1.765,1.7650641
1.929,1.8849597,1.802,1.7303966
1.96,1.8709053,1.775,1.7276874
1.936,1.8866317,1.748,1.7431629
1.923,1.881344,1.758,1.7343032
1.947,1.9235955,1.757,1.7639536
1.951,1.8776907,1.774,1.7349992
1.922,1.8977953,1.755,1.7482531
1.891,1.8427849,1.738,1.6995856
1.921,1.7747902,1.701,1.6368395
1.914,1.887544,1.766,1.7408627
1.941,1.8933434,1.787,1.740668
1.99,1.8993227,1.864,1.7566127
2.045,1.9916217,1.9,1.8440628
2.068,2.039703,1.893,1.8825237
2.042,2.068459,1.884,1.9140464
1.989,2.0382948,1.811,1.886721
2.054,1.9647416,1.889,1.8208561
2.095,1.9836689,1.965,1.8376473
2.062,2.1521883,1.89,1.9978303
2.083,2.0054734,1.899,1.8501182
2.111,2.0882618,1.953,1.9382492
2.122,2.0985084,1.927,1.9486791
2.137,2.0322046,1.984,1.8824695
2.159,2.0824065,1.955,1.9264697
2.122,2.1748824,1.96,2.021006
2.121,2.0523338,2.001,1.9004924
2.185,2.0754924,1.974,1.919857
2.174,2.1879861,2.026,2.027836
2.193,2.1531122,2.002,2.0001466
2.118,2.12402,1.943,1.9724172
2.086,2.0930505,1.954,1.9379767
2.13,2.0314972,1.989,1.8798447
2.186,2.0937119,2.01,1.9337852
2.193,2.1243193,2.018,1.9720949
2.225,2.1377802,2.033,1.9730904
2.22,2.1308045,1.974,1.9720386
2.225,2.079645,1.959,1.9232934
2.206,2.1188242,1.93,1.9660269
2.116,2.119152,1.98,1.9702785
2.152,2.0943131,2.016,1.9403803
2.15,2.1078184,2.0,1.9515191
2.185,2.137691,2.016,1.9790072
2.201,2.168152,2.038,2.0081282
2.282,2.223653,2.127,2.053981
2.276,2.2396243,2.124,2.0848892
2.26,2.2435362,2.053,2.0909295
2.267,2.2148871,2.077,2.0545855
2.234,2.23041,2.046,2.0577996
2.211,2.1875086,2.068,2.0212202
2.217,2.1785948,2.056,2.0315886
2.22,2.1693373,2.084,2.0010312
2.247,2.2275987,2.056,2.0594819
2.279,2.151349,2.094,1.9810307
2.235,2.157871,2.082,1.9923954
2.286,2.2413576,2.086,2.07256
2.29,2.205675,2.071,2.024138
2.296,2.1895642,2.086,1.9928064
2.263,2.2379272,2.073,2.067313
2.273,2.1575043,2.064,1.991484
2.299,2.1592584,2.074,1.9917794
2.312,2.1966984,2.089,2.020408
2.3,2.3106773,2.084,2.1411655
2.331,2.2374594,2.199,2.067764
2.386,2.3488426,2.169,2.1826005
2.336,2.3133776,2.145,2.141623
2.31,2.2823389,2.162,2.109483
2.342,2.2421575,2.169,2.0633662
2.398,2.2586324,2.182,2.0874
2.457,2.3452597,2.223,2.1630201
2.372,2.3972015,2.242,2.2057877
2.433,2.345798,2.261,2.1667242
2.443,2.445202,2.274,2.2653277
2.436,2.4184198,2.238,2.2464073
2.449,2.3433228,2.292,2.1400416
2.477,2.3948524,2.267,2.221105
2.421,2.4203856,2.278,2.2390504
2.476,2.4302723,2.257,2.263633
2.532,2.4296257,2.334,2.2379706
2.508,2.4780948,2.328,2.2959435
2.523,2.4661887,2.311,2.2859485
2.55,2.5359683,2.347,2.3592982
2.515,2.4960783,2.325,2.2971153
2.519,2.5406015,2.354,2.3422194
2.462,2.440026,2.315,2.2543979
2.476,2.4102738,2.256,2.2345843
2.471,2.4317164,2.294,2.2525918
2.437,2.482848,2.292,2.3115697
2.485,2.446217,2.255,2.2746801
2.431,2.410574,2.23,2.2368965
2.343,2.416241,2.179,2.2492049
2.4,2.3247137,2.22,2.162613
2.367,2.3500497,2.191,2.1776483
2.347,2.3304613,2.176,2.1606886
2.372,2.2930813,2.154,2.124281
2.299,2.3194978,2.162,2.150776
2.359,2.3817084,2.166,2.2151809
2.353,2.342241,2.174,2.1776242
2.407,2.3479905,2.152,2.1834567
2.35,2.3413718,2.206,2.171346
2.409,2.4174752,2.155,2.2505572
2.452,2.3901947,2.251,2.2297165
2.47,2.4436066,2.283,2.275619
2.502,2.5100405,2.277,2.3409123
2.476,2.5181165,2.313,2.3390987
2.488,2.3768504,2.303,2.1829083
2.503,2.4962914,2.306,2.3081915
2.504,2.4383361,2.321,2.2518947
2.471,2.5151803,2.249,2.3298001
2.398,2.4871333,2.215,2.2983809
2.378,2.4074605,2.189,2.2298083
2.468,2.3021681,2.255,2.1197896
2.423,2.3538418,2.231,2.177928
2.417,2.4106355,2.177,2.2308402
2.425,2.3768206,2.226,2.2006907
2.391,2.3664396,2.189,2.1895466
2.409,2.3121533,2.226,2.1287436
2.392,2.393869,2.25,2.2194843
2.433,2.4240775,2.256,2.227713
2.487,2.3561983,2.265,2.173864
2.432,2.5031362,2.202,2.3274744
2.472,2.439244,2.267,2.2641835
2.46,2.3959057,2.274,2.2017486
2.386,2.4992566,2.225,2.3188248
2.408,2.4059477,2.222,2.2286026
2.455,2.3442054,2.229,2.1661668
2.446,2.4070256,2.221,2.2294862
2.437,2.362063,2.23,2.1924906
2.38,2.377228,2.158,2.210559
2.363,2.2785492,2.217,2.1171303
2.324,2.3232296,2.157,2.1488907
2.291,2.2722292,2.096,2.105468
2.317,2.2800155,2.112,2.1107364
2.335,2.35031,2.127,2.181956
2.354,2.3308666,2.18,2.1676583
2.342,2.2860787,2.1,2.096372
2.326,2.2767572,2.122,2.1110048
2.384,2.2952373,2.149,2.1224692
2.367,2.3601925,2.175,2.1936095
2.364,2.3430412,2.18,2.1768394
2.351,2.375381,2.192,2.2029858
2.399,2.379637,2.185,2.2070863
2.39,2.3586643,2.187,2.1873784
2.344,2.3305984,2.181,2.1648536
2.356,2.3299408,2.142,2.1519234
2.347,2.382364,2.215,2.2110264
2.369,2.3848922,2.191,2.2170577
2.381,2.3785076,2.187,2.2083585
2.391,2.413932,2.219,2.2406735
2.414,2.3658476,2.234,2.1844115
2.42,2.4473479,2.201,2.2750247
2.411,2.4215305,2.208,2.2438743
2.426,2.4171069,2.201,2.2464323
2.4,2.373801,2.176,2.1988053
2.431,2.384734,2.22,2.2149198
2.348,2.449666,2.195,2.2783825
2.391,2.3964574,2.206,2.225414
2.396,2.2893958,2.189,2.1105332
2.416,2.3038797,2.2,2.1297948
2.398,2.3077157,2.194,2.1308637
2.41,2.3180501,2.212,2.130965
2.426,2.3558242,2.23,2.1722174
2.403,2.3792026,2.216,2.1999197
2.403,2.3536274,2.237,2.18008
2.425,2.391864,2.21,2.212356
2.414,2.3427281,2.219,2.1664295
2.486,2.4567559,2.35,2.2706916
2.596,2.5665681,2.409,2.3763125
2.626,2.568084,2.403,2.3714144
2.611,2.6097229,2.425,2.4029036
2.598,2.5691404,2.412,2.3581984
2.601,2.6512432,2.437,2.4510949
1.049,2.2838852,0.986,2.1345012
1.035,1.051202,0.972,0.95676154
1.052,0.99321514,0.94,0.90527403
1.084,0.98017704,1.058,0.8961152
1.114,1.106783,1.018,1.0073404
1.036,1.1012489,1.033,1.0000916
1.125,1.0455682,1.0,0.94898987
1.103,1.0621775,1.03,0.9682894
1.102,1.097174,1.028,0.99789053
1.049,1.0818753,0.973,0.9812077
0.945,1.0194511,0.898,0.9219549
0.935,0.9275504,0.868,0.8393661
0.94,0.91642773,0.849,0.8344614
0.855,0.92582995,0.822,0.84622926
0.867,0.8624125,0.766,0.7875955
0.79,0.85106796,0.777,0.77654535
0.76,0.80420387,0.664,0.7366052
0.783,0.7673915,0.761,0.70556825
0.831,0.8149436,0.758,0.7456093
0.807,0.85380316,0.753,0.779184
0.838,0.80712694,0.741,0.7370069
0.866,0.82043153,0.781,0.7516947
0.852,0.884396,0.795,0.8077228
0.913,0.838257,0.819,0.7624017
0.928,0.8883303,0.848,0.8068042
0.952,0.92735094,0.894,0.8442849
0.993,0.9876957,0.886,0.9062825
0.987,1.014801,0.912,0.9273384
0.992,1.017791,0.91,0.9269483
1.034,0.9833335,0.928,0.9012255
1.051,1.0580015,0.911,0.96470153
1.043,1.0721772,0.979,0.97714126
1.069,1.0604081,1.059,0.9677488
1.149,1.1017152,1.05,1.0055532
1.21,1.1196227,1.06,1.0188229
1.173,1.2069451,1.054,1.0970939
1.188,1.1589674,1.101,1.0478227
1.177,1.2337471,1.08,1.1148766
1.257,1.178144,1.145,1.0694402
1.27,1.2487158,1.183,1.1401371
1.303,1.2536427,1.156,1.1354263
1.292,1.3308468,1.205,1.1974888
1.328,1.3552604,1.221,1.2132022
1.339,1.3406305,1.236,1.2212962
1.36,1.3595611,1.278,1.2330132
1.37,1.3708687,1.294,1.2428645
1.424,1.3800339,1.315,1.2471529
1.412,1.4947807,1.36,1.3388379
1.464,1.4538733,1.309,1.3214964
1.495,1.4326082,1.348,1.3041329
1.578,1.4352189,1.439,1.3029056
1.579,1.5801343,1.488,1.4282001
1.599,1.5930251,1.464,1.4554466
1.599,1.6108094,1.492,1.4687353
1.576,1.614064,1.459,1.4817365
1.599,1.5979434,1.449,1.4525235
1.583,1.5488424,1.456,1.4335053
1.588,1.5639323,1.432,1.4452956
1.582,1.5761225,1.418,1.4509859
1.581,1.5857172,1.456,1.4545794
1.594,1.5706211,1.483,1.4478593
1.6,1.5841985,1.462,1.4640199
1.573,1.5985563,1.492,1.470344
1.579,1.5771396,1.434,1.4470605
1.568,1.5913765,1.43,1.4498057
1.615,1.5786396,1.471,1.4476364
1.634,1.6144416,1.47,1.488172
1.647,1.6465284,1.496,1.503227
1.623,1.6633948,1.458,1.5193214
1.61,1.5955194,1.472,1.4747293
1.644,1.6109725,1.47,1.4802849
1.704,1.6303641,1.49,1.5026983
1.685,1.7059664,1.445,1.560597
1.634,1.6683341,1.49,1.516481
1.633,1.6144261,1.513,1.4945258
1.635,1.626332,1.507,1.504493
1.633,1.6139927,1.526,1.4854597
1.672,1.662865,1.524,1.516687
1.651,1.7030619,1.517,1.5623919
1.724,1.6601366,1.546,1.5216775
1.695,1.709627,1.596,1.5669473
1.707,1.745175,1.597,1.5886136
1.74,1.7513481,1.59,1.6041583
1.78,1.7630552,1.598,1.6199433
1.765,1.7627584,1.633,1.6279757
1.763,1.785277,1.609,1.6471668
1.723,1.7857983,1.597,1.6272223
1.771,1.7165345,1.628,1.5872377
1.786,1.7544447,1.635,1.618565
1.794,1.8095819,1.657,1.6514119
1.79,1.8158423,1.626,1.6516435
1.771,1.8178626,1.593,1.6725854
1.75,1.8018981,1.616,1.6559273
1.758,1.7743391,1.579,1.635499
1.821,1.7895766,1.646,1.6205322
1.798,1.8426347,1.633,1.6952361
1.808,1.8240463,1.628,1.6708369
1.788,1.8079201,1.639,1.6642313
1.803,1.8120004,1.616,1.6657289
1.821,1.8279201,1.636,1.6668528
1.809,1.842332,1.653,1.6834869
1.788,1.8370068,1.636,1.6792654
1.847,1.8493304,1.669,1.6780388
1.844,1.8897713,1.701,1.7106392
1.82,1.8583939,1.692,1.7156351
1.841,1.8329242,1.654,1.689127
1.849,1.8322908,1.673,1.6847476
1.869,1.8422657,1.641,1.6880902
1.845,1.8592049,1.649,1.6916041
1.85,1.8308233,1.699,1.6975287
1.852,1.8683009,1.722,1.7247756
1.936,1.8712182,1.723,1.715229
1.934,1.9434433,1.755,1.775672
1.951,1.9403936,1.763,1.7908417
1.996,1.960613,1.819,1.7965558
2.063,2.0408924,1.857,1.8663924
2.028,2.0952723,1.913,1.9061568
2.064,2.0666258,1.888,1.8913817
2.084,2.1116204,1.895,1.9307609
2.086,2.108824,1.914,1.9246485
2.02,2.1489298,1.841,1.95602
2.056,2.0353024,1.883,1.8687001
2.064,2.1033707,1.874,1.92714
2.071,2.0953343,1.88,1.9152982
2.073,2.0825586,1.885,1.8989106
2.08,2.1002223,1.887,1.9084495
2.063,2.0851336,1.897,1.9139639
2.04,2.0718677,1.875,1.8942798
2.03,2.0708747,1.826,1.8962775
1.966,2.094805,1.858,1.9108938
1.984,1.9914125,1.81,1.8255091
1.937,1.9588983,1.8,1.7922487
1.91,1.9248613,1.83,1.7603397
1.953,1.9409298,1.772,1.774791
1.903,1.9066261,1.736,1.7559972
1.879,1.8703068,1.729,1.7202172
1.889,1.8549815,1.685,1.7150806
1.803,1.862952,1.662,1.7216476
1.8,1.8315073,1.67,1.6792194
1.807,1.8059622,1.664,1.6660378
1.83,1.7799246,1.604,1.6481808
1.787,1.8145595,1.589,1.6735976
1.743,1.7663566,1.623,1.6246021
1.728,1.7661362,1.597,1.631251
1.697,1.7788419,1.547,1.6305727
1.683,1.761523,1.569,1.6142621
1.723,1.7118235,1.521,1.5718251
1.609,1.7314117,1.498,1.5819715
1.657,1.6630445,1.522,1.5284544
1.609,1.7283899,1.459,1.5816598
1.629,1.5882016,1.491,1.4562565
1.562,1.6804603,1.452,1.5321949
1.604,1.6523986,1.441,1.5090053
1.542,1.6655799,1.404,1.5182439
1.537,1.5483571,1.388,1.4152348
1.513,1.5411252,1.362,1.4016253
1.498,1.4755832,1.376,1.362758
1.556,1.506967,1.416,1.3843539
1.512,1.5660009,1.375,1.4394946
1.52,1.5259036,1.391,1.3957132
1.559,1.5446867,1.419,1.4059789
1.497,1.5232316,1.385,1.4054615
1.525,1.5109907,1.374,1.3851743
1.478,1.5252029,1.363,1.3961868
1.456,1.4796504,1.377,1.3498237
1.517,1.4560556,1.36,1.3366269
1.503,1.5025716,1.391,1.3764734
1.523,1.5058221,1.435,1.3818526
1.622,1.5574814,1.516,1.422445
1.652,1.6562334,1.516,1.5244628
1.596,1.6852398,1.479,1.5516696
1.559,1.6402706,1.469,1.5067208
1.619,1.6020986,1.466,1.4661039
1.638,1.6243389,1.492,1.4962745
1.643,1.6253889,1.457,1.5048423
1.661,1.6625814,1.472,1.5336642
1.678,1.6786634,1.488,1.5421336
1.672,1.6722535,1.492,1.5294203
1.706,1.6469697,1.525,1.5230606
1.71,1.6995956,1.563,1.5747054
1.65,1.725933,1.499,1.5865141
1.647,1.6707355,1.514,1.5322487
1.719,1.6534883,1.56,1.5229176
1.736,1.7305557,1.595,1.5980127
1.724,1.7729841,1.557,1.6289269
1.722,1.7568179,1.57,1.6163634
1.664,1.7486318,1.51,1.59836
1.692,1.6167514,1.547,1.4995351
1.711,1.6527233,1.611,1.5307422
1.749,1.7043594,1.549,1.5748086
1.747,1.7846565,1.608,1.6298443
1.733,1.7454401,1.57,1.6095262
1.712,1.741872,1.533,1.6039267
1.692,1.7234238,1.543,1.5799495
1.671,1.6996877,1.554,1.561439
1.695,1.683521,1.572,1.554058
1.711,1.7437549,1.568,1.5985068
1.719,1.6679314,1.581,1.5377774
1.735,1.7673293,1.621,1.622632
1.83,1.7901337,1.647,1.6383984
1.776,1.841601,1.652,1.6936159
1.782,1.8237562,1.592,1.6842053
1.798,1.7544225,1.6,1.6144503
1.746,1.8374361,1.593,1.682381
1.792,1.7671131,1.595,1.6261092
1.747,1.8002373,1.62,1.658109
1.751,1.7718011,1.587,1.6288799
1.726,1.8169214,1.588,1.6596138
1.788,1.7439281,1.629,1.6033634
1.778,1.7967004,1.579,1.656176
1.823,1.7746924,1.647,1.6344635
1.783,1.8052405,1.661,1.655178
1.811,1.8025094,1.65,1.6404829
1.814,1.7978317,1.633,1.6633922
1.776,1.7898962,1.623,1.6540202
1.803,1.7549039,1.629,1.6164185
1.798,1.8227028,1.647,1.6688894
1.824,1.7753788,1.685,1.6485893
1.819,1.8285118,1.674,1.6955173
1.853,1.8145413,1.712,1.672772
1.846,1.8741561,1.676,1.715836
1.855,1.8508822,1.667,1.7060456
1.87,1.8535979,1.716,1.7073134
1.874,1.8561685,1.697,1.7147777
1.883,1.8723644,1.769,1.7198597
1.865,1.9255118,1.727,1.7565444
1.891,1.854262,1.776,1.7102809
1.933,1.8803865,1.746,1.7316628
1.939,1.9453074,1.764,1.7916718
1.917,1.96833,1.771,1.8000374
1.941,1.908476,1.767,1.7689475
1.909,1.966324,1.767,1.8216665
1.957,1.9092768,1.791,1.7631352
1.971,1.9410536,1.802,1.7780994
2.001,1.9694551,1.804,1.8149991
2.012,2.0155647,1.836,1.8550576
2.026,2.0068722,1.858,1.8387995
1.968,2.0156956,1.849,1.8424267
1.996,2.0021048,1.816,1.8218764
2.003,1.9509791,1.808,1.7942232
1.972,1.9537189,1.773,1.7958686
1.942,1.9603921,1.779,1.8032699
1.92,1.9338117,1.738,1.7682867
1.903,1.8866273,1.763,1.7436247
1.902,1.8995882,1.754,1.7584761
1.865,1.8974253,1.692,1.7493926
1.883,1.8626441,1.719,1.711734
1.873,1.91178,1.719,1.7418884
1.863,1.9072474,1.735,1.7560716
1.818,1.8584536,1.668,1.7138122
1.856,1.8827535,1.703,1.7257556
1.835,1.926229,1.698,1.7605289
1.834,1.8510236,1.698,1.7093585
1.864,1.8731488,1.693,1.7217653
1.865,1.9003358,1.676,1.7463331
1.86,1.9020189,1.722,1.7411379
1.87,1.8634001,1.774,1.7149518
1.923,1.9062771,1.722,1.7527852
1.925,1.9253967,1.784,1.7628096
1.939,1.9902841,1.782,1.8202916
1.93,1.9365573,1.785,1.747543
2.002,1.9521581,1.781,1.7928696
1.95,1.9523312,1.777,1.7930744
1.939,1.9398507,1.784,1.7755437
1.913,1.9503146,1.779,1.7771875
1.928,1.8931454,1.701,1.7495631
1.936,1.9000361,1.748,1.7525616
1.907,1.8934363,1.717,1.7409152
1.909,1.8853375,1.76,1.7236542
1.906,1.9065313,1.749,1.7633026
1.853,1.8562292,1.705,1.7153585
1.899,1.872119,1.692,1.7214693
1.89,1.8628167,1.744,1.7029413
1.898,1.9464223,1.762,1.7666286
1.935,1.9334551,1.798,1.7759762
1.923,1.9338163,1.786,1.7771626
1.943,1.9205233,1.747,1.7562155
1.916,1.9652182,1.757,1.7917802
1.921,1.9301103,1.715,1.7821399
1.892,1.8829452,1.702,1.7333338
1.909,1.8691806,1.724,1.7178689
1.944,1.9334227,1.739,1.7641555
1.881,1.8934973,1.708,1.7493778
1.853,1.856758,1.716,1.7201747
1.862,1.8314196,1.694,1.6849657
1.813,1.8347964,1.689,1.6829615
1.794,1.8561393,1.617,1.690658
1.84,1.8238446,1.648,1.6707734
1.851,1.8045892,1.682,1.6628546
1.863,1.8732854,1.703,1.7153761
1.83,1.9264799,1.66,1.758556
1.791,1.7687819,1.645,1.6370811
1.848,1.7891134,1.716,1.6545811
1.868,1.8639499,1.694,1.716294
1.863,1.8821015,1.744,1.7218331
1.908,1.8487571,1.701,1.7095948
1.887,1.8627777,1.713,1.7189599
1.873,1.8694847,1.708,1.720765
1.858,1.8857342,1.737,1.7290496
1.84,1.9342637,1.691,1.7618148
1.853,1.9068924,1.721,1.7471993
1.833,1.9120026,1.672,1.7530831
1.868,1.8826317,1.707,1.7256645
1.866,1.970961,1.74,1.7990192
1.87,1.8664223,1.728,1.7169658
1.87,1.8715266,1.73,1.722447
1.914,1.8877944,1.72,1.7336023
1.863,1.9553201,1.699,1.7844229
1.886,1.8802477,1.708,1.7246217
1.901,1.8797729,1.7,1.7313479
1.891,1.9007392,1.723,1.7413158
1.832,1.9271039,1.722,1.7612044
1.897,1.836017,1.66,1.6492933
1.856,1.8552624,1.713,1.6964861
1.923,1.8850554,1.733,1.7245938
1.949,1.9334983,1.747,1.7640129
1.867,1.9889231,1.716,1.8090593
1.852,1.861724,1.726,1.7051699
1.927,1.8610626,1.761,1.7083026
1.882,1.9184952,1.758,1.7527361
1.901,1.9152023,1.691,1.7429459
1.97,1.883383,1.817,1.730817
2.067,2.0181491,1.921,1.8533705
2.079,2.082512,1.893,1.912136
2.068,2.085503,1.908,1.9024388
2.045,2.1651933,1.902,1.9628963
2.056,2.1118953,1.872,1.9258817
0.063,1.8336189,0.07,1.68709
0.093,0.11989637,0.08,0.09813962
0.104,0.13749528,0.045,0.11036479
0.094,0.13436715,0.081,0.107128836
0.081,0.124108315,0.054,0.10481448
0.07,0.12202622,0.062,0.10059647
0.065,0.12010684,0.053,0.09738884
0.113,0.12066665,0.086,0.09761328
0.106,0.12535316,0.093,0.105302505
0.095,0.12483603,0.07,0.10217803
0.051,0.1176372,0.065,0.093895674
0.082,0.09961667,0.043,0.07874783
0.034,0.11358995,0.055,0.08482832
0.103,0.10585247,0.089,0.0873209
0.066,0.13045977,0.042,0.10987532
0.049,0.114142224,0.094,0.08658533
0.076,0.11244478,0.071,0.083622225
0.053,0.11272493,0.069,0.09177773
0.082,0.11578123,0.059,0.09149559
0.056,0.11286241,0.049,0.08500021
0.093,0.120294385,0.081,0.088527784
0.099,0.112249136,0.036,0.090464436
0.058,0.12409383,0.054,0.097502775
0.068,0.102223516,0.086,0.078724876
0.076,0.11325343,0.053,0.08722153
0.085,0.104069,0.037,0.08169533
0.051,0.12354749,0.091,0.099101715
0.079,0.123230495,0.095,0.096600644
0.104,0.13706581,0.065,0.10649828
0.069,0.13355692,0.082,0.105911195
0.102,0.1188702,0.07,0.09580106
0.09,0.14097416,0.101,0.10933228
0.073,0.1349175,0.075,0.10436786
0.072,0.13014813,0.094,0.09820731
0.082,0.13738541,0.093,0.10248738
0.098,0.12574288,0.067,0.10208342
0.082,0.13479818,0.102,0.103077926
0.08,0.12883809,0.064,0.10002876
0.133,0.11628445,0.083,0.09064732
0.071,0.14231186,0.069,0.117247425
0.116,0.1328386,0.044,0.10331335
0.124,0.13691908,0.062,0.10449975
0.069,0.14225188,0.124,0.10712288
0.101,0.13470544,0.105,0.114429556
0.082,0.13792866,0.107,0.11451203
0.109,0.13725644,0.082,0.10831626
0.127,0.1365816,0.091,0.10712714
0.141,0.13558826,0.074,0.10910363
0.147,0.13644415,0.114,0.118462816
0.099,0.13617817,0.118,0.12103856
0.15,0.13398197,0.13,0.112625085
0.127,0.14130536,0.094,0.1203781
0.113,0.143616,0.107,0.13029084
0.118,0.15149151,0.1,0.13742077
0.134,0.14466278,0.118,0.12960073
0.113,0.14789456,0.125,0.13384578
0.138,0.13134405,0.116,0.12584345
0.132,0.13812128,0.084,0.1276499
0.112,0.14017625,0.123,0.12590104
0.135,0.1442798,0.082,0.12840644
0.117,0.13468161,0.107,0.12525988
0.152,0.13865855,0.131,0.12470901
0.108,0.14309956,0.117,0.13286692
0.125,0.13829994,0.116,0.12423979
0.157,0.13977478,0.087,0.1250729
0.101,0.15597309,0.11,0.13820869
0.162,0.14731187,0.115,0.12869148
0.145,0.15788522,0.111,0.13889419
0.11,0.1582632,0.103,0.1350083
0.142,0.14460126,0.13,0.1283273
0.108,0.15427123,0.125,0.13716634
0.176,0.14559808,0.161,0.12846285
0.126,0.16176036,0.123,0.14443013
0.13,0.15251917,0.123,0.13356833
0.161,0.14314452,0.132,0.13038988
0.164,0.15139803,0.058,0.13547638
0.144,0.14350098,0.101,0.12491569
0.149,0.15080018,0.096,0.1260848
0.14,0.15506756,0.091,0.14013535
0.146,0.1515474,0.131,0.13440001
0.15,0.15870735,0.129,0.13774692
0.096,0.16538581,0.109,0.14176987
0.13,0.14224446,0.114,0.12980981
0.131,0.15047061,0.105,0.13289452
0.161,0.14847828,0.144,0.13046616
0.15,0.16079079,0.101,0.14120635
0.131,0.1581845,0.106,0.13596356
0.141,0.14362834,0.137,0.12869194
0.139,0.15034987,0.071,0.13264692
0.142,0.14519837,0.133,0.123104855
0.191,0.15335625,0.141,0.13222787
0.148,0.16608176,0.136,0.14709783
0.163,0.15924338,0.108,0.14119801
0.12,0.15864268,0.095,0.13779338
0.149,0.15466087,0.099,0.13334987
0.131,0.14843929,0.132,0.13399728
0.153,0.15045318,0.088,0.13299039
0.127,0.14995834,0.175,0.12994967
0.164,0.15671113,0.131,0.13600187
0.109,0.16391772,0.121,0.14272206
0.172,0.1421845,0.104,0.12521558
0.154,0.14928661,0.138,0.13120931
0.15,0.15406916,0.136,0.13114622
0.14,0.15605001,0.121,0.13512617
0.143,0.15993851,0.09,0.1455663
0.175,0.16051036,0.127,0.14463758
0.168,0.16642144,0.147,0.15115944
0.149,0.16976786,0.117,0.15794432
0.128,0.15500201,0.109,0.14558111
0.163,0.14988166,0.139,0.13566762
0.142,0.15822743,0.132,0.14396498
0.154,0.15589654,0.117,0.14164653
0.159,0.15727843,0.163,0.1465859
0.154,0.15774357,0.116,0.14583403
0.168,0.15291601,0.142,0.14095964
0.177,0.15798248,0.176,0.14849508
0.149,0.16586958,0.156,0.15893999
0.154,0.17604601,0.157,0.15804358
0.178,0.1722934,0.14,0.1562874
0.186,0.17240503,0.115,0.160337
0.137,0.17211077,0.149,0.16087273
0.195,0.16897832,0.152,0.15236847
0.156,0.1743555,0.162,0.15813974
0.167,0.16707298,0.148,0.15193482
0.162,0.16445011,0.143,0.15006942
0.159,0.16842212,0.161,0.15703651
0.165,0.1625887,0.154,0.14590928
0.175,0.1625039,0.139,0.14532429
0.157,0.1630024,0.134,0.14541233
0.151,0.16168952,0.139,0.14247346
0.135,0.17508337,0.078,0.15381089
0.177,0.16183057,0.093,0.13785975
0.144,0.17449698,0.158,0.14850482
0.183,0.17666948,0.129,0.15254566
0.158,0.16570684,0.16,0.14735247
0.169,0.16613892,0.114,0.14600147
0.141,0.1638453,0.153,0.13972536
0.18,0.16549283,0.13,0.13688251
0.19,0.17018735,0.137,0.14463273
0.169,0.16199182,0.13,0.14050686
0.179,0.15941668,0.129,0.13534406
0.156,0.16234542,0.115,0.13453603
0.156,0.15551287,0.129,0.12688966
0.19,0.17103186,0.126,0.14499122
0.165,0.17385681,0.12,0.14642271
0.134,0.16758454,0.095,0.13722345
0.169,0.15768114,0.122,0.1242762
0.131,0.17206267,0.121,0.13351992
0.135,0.15553826,0.086,0.12927222
0.139,0.15209115,0.112,0.122416705
0.094,0.15475857,0.133,0.12258686
0.127,0.14576696,0.081,0.11358797
0.165,0.15162656,0.098,0.118672036
0.182,0.154679,0.113,0.12191795
0.106,0.15817371,0.128,0.12472432
0.164,0.14605431,0.088,0.11121636
0.162,0.15950426,0.123,0.13692585
0.116,0.16961163,0.081,0.14205545
0.138,0.16067812,0.13,0.1261232
0.114,0.17027138,0.113,0.13560015
0.108,0.15261474,0.11,0.12245909
0.108,0.15267393,0.082,0.124392174
0.072,0.15416738,0.105,0.11980814
0.112,0.13492334,0.095,0.10917217
0.137,0.14878571,0.112,0.11616369
0.135,0.15768905,0.095,0.12710318
0.111,0.14688346,0.091,0.1206726
0.101,0.13957167,0.104,0.11375177
0.149,0.13961813,0.097,0.11397636
0.15,0.1670402,0.127,0.14416464
0.162,0.17012009,0.1,0.14121622
0.135,0.17175132,0.134,0.13136826
0.138,0.16352978,0.077,0.1311396
0.153,0.15644732,0.127,0.13083217
0.105,0.16824637,0.121,0.13519213
0.156,0.15765327,0.092,0.12499953
0.136,0.1621849,0.136,0.12486494
0.124,0.1579278,0.108,0.1267584
0.137,0.15318927,0.135,0.12588316
0.149,0.16031083,0.12,0.12899595
0.122,0.15975809,0.097,0.12687193
0.148,0.1459456,0.161,0.11465914
0.141,0.17672503,0.121,0.14869756
0.154,0.17266527,0.124,0.13840336
0.133,0.17394409,0.134,0.13805412
0.165,0.16912472,0.117,0.1303655
0.153,0.16360922,0.118,0.12984373
0.165,0.1666143,0.129,0.13438791
0.129,0.1694738,0.14,0.13602975
0.139,0.16623926,0.123,0.12894566
0.172,0.16295439,0.089,0.12562966
0.193,0.1603078,0.158,0.13095516
0.145,0.16992897,0.151,0.14018169
0.141,0.16292265,0.132,0.12826428
0.111,0.15886311,0.127,0.1229255
0.153,0.16805574,0.119,0.13683337
0.185,0.17205387,0.073,0.1372894
0.142,0.17237484,0.139,0.13493311
0.131,0.1726805,0.083,0.13229401
0.13,0.16829494,0.111,0.12897529
0.149,0.16424903,0.109,0.1309954
0.158,0.16443032,0.09,0.12871748
0.094,0.16383055,0.093,0.12550157
0.151,0.14927238,0.147,0.111833386
0.16,0.1604171,0.133,0.13092846
0.148,0.16243547,0.105,0.12932712
0.168,0.15787782,0.13,0.12180802
0.162,0.1633115,0.132,0.12765235
0.118,0.1787825,0.112,0.1520187
0.119,0.17102125,0.122,0.14245337
0.17,0.16728926,0.111,0.13819799
0.153,0.16845429,0.116,0.14251319
0.153,0.16242611,0.117,0.1398931
0.16,0.16798164,0.116,0.1381472
0.132,0.16828457,0.132,0.13898368
0.161,0.16054347,0.174,0.13119337
0.158,0.16275182,0.11,0.13989827
0.147,0.16381574,0.163,0.13241246
0.131,0.17394973,0.15,0.14355926
0.158,0.16079524,0.147,0.13318396
0.156,0.15775123,0.105,0.13362443
0.186,0.18736537,0.132,0.15727544
0.16,0.18567815,0.149,0.15124491
0.137,0.17396355,0.09,0.13900533
0.156,0.1537937,0.176,0.12153469
0.174,0.17639303,0.119,0.14835498
0.144,0.18407395,0.139,0.14954855
0.161,0.16860086,0.151,0.13482767
0.181,0.1742191,0.145,0.14117095
0.18,0.17184314,0.086,0.143175
0.157,0.17690265,0.14,0.14170083
0.166,0.1720171,0.111,0.13680717
0.138,0.1636056,0.137,0.12979057
0.15,0.15580142,0.152,0.123865224
0.143,0.19176105,0.111,0.15800522
0.187,0.186654,0.152,0.14847377
0.191,0.18221283,0.137,0.1437042
0.178,0.18742153,0.18,0.14931512
0.198,0.19117644,0.124,0.15948083
0.145,0.19055066,0.124,0.1532771
0.176,0.17204797,0.131,0.13394976
0.219,0.16726607,0.169,0.12880164
0.175,0.18129763,0.134,0.14239879
0.15,0.1771574,0.14,0.140273
0.154,0.16961166,0.136,0.13182509
0.15,0.16821945,0.137,0.12911138
0.146,0.1645999,0.16,0.12452774
0.17,0.16238102,0.124,0.12579156
0.147,0.19022748,0.129,0.149053
0.154,0.18163094,0.15,0.13824171
0.154,0.18024352,0.103,0.13711753
0.129,0.17520174,0.12,0.13197917
0.171,0.17066887,0.157,0.13221279
0.151,0.17800853,0.162,0.13807349
0.109,0.17534736,0.093,0.13170138
0.131,0.15861057,0.088,0.1169072
0.146,0.16412865,0.117,0.12502599
0.167,0.1663696,0.16,0.12683716
0.162,0.17408863,0.116,0.13235432
0.153,0.16998294,0.138,0.1277855
0.122,0.21603677,0.131,0.16617478
0.17,0.19146976,0.13,0.15549251
0.173,0.1896556,0.135,0.15664336
0.182,0.18125667,0.094,0.1538626
0.117,0.16734576,0.121,0.1450372
0.147,0.17699057,0.126,0.14216273
0.165,0.1809371,0.141,0.14580896
0.185,0.1763658,0.143,0.1453268
0.123,0.16980553,0.119,0.14447366
0.156,0.17737192,0.122,0.14080179
0.137,0.16949156,0.128,0.13465878
0.176,0.16542602,0.126,0.13352698
0.156,0.16498277,0.173,0.13663332
0.145,0.16149764,0.148,0.13708314
0.164,0.19178307,0.158,0.1536297
0.171,0.18866932,0.109,0.15012103
0.177,0.17640966,0.132,0.13977611
0.206,0.1761029,0.133,0.14455195
0.141,0.19506669,0.13,0.15757553
0.144,0.1775477,0.162,0.13943607
0.155,0.17688814,0.154,0.13893145
0.194,0.16818374,0.147,0.13475941
0.168,0.18978626,0.15,0.15228504
0.098,0.17977539,0.131,0.14013562
0.147,0.15156506,0.125,0.115293935
0.136,0.1515289,0.132,0.119546495
0.136,0.14686067,0.145,0.114484444
0.161,0.18278241,0.137,0.14026055
0.156,0.17410688,0.134,0.1325758
0.135,0.16262428,0.113,0.1223463
0.15,0.15390256,0.126,0.11837147
0.149,0.18231514,0.142,0.14237615
0.153,0.18614183,0.137,0.14324597
0.162,0.17120439,0.129,0.1315954
0.145,0.16036361,0.108,0.124232076
0.164,0.17904001,0.148,0.13680917
0.15,0.17992446,0.13,0.13674639
0.151,0.16961327,0.121,0.12892446
0.192,0.15613173,0.141,0.11835974
0.173,0.16432303,0.148,0.126436
0.149,0.18970242,0.14,0.15091002
0.155,0.1827046,0.118,0.14196059
0.145,0.17934781,0.138,0.13835044
0.137,0.17028004,0.149,0.1332269
0.138,0.19755909,0.14,0.14983904
0.134,0.17779502,0.146,0.1319477
0.157,0.17346755,0.114,0.12827173
0.156,0.1756759,0.114,0.13043426
0.157,0.19023985,0.143,0.14103317
0.181,0.17801338,0.149,0.13194853
0.162,0.18345201,0.116,0.136056
0.172,0.16812044,0.168,0.122304134
0.181,0.21509165,0.15,0.16888845
0.129,0.1932278,0.152,0.16142783
0.158,0.18820637,0.106,0.15205634
0.196,0.1777297,0.114,0.1443417
0.152,0.17529112,0.156,0.14879814
0.152,0.18849717,0.12,0.15391055
0.154,0.18314838,0.144,0.1460253
0.119,0.181343,0.127,0.14675462
0.18,0.16152135,0.116,0.13109347
0.161,0.1902206,0.167,0.15245393
0.151,0.19640228,0.116,0.15927437
0.169,0.1792737,0.165,0.14528611
0.185,0.18068284,0.122,0.15170237
0.173,0.17256081,0.144,0.14391245
0.2,0.21925929,0.157,0.17442329
0.01,0.17808434,0.01,0.16028681
0.05,0.100963145,0.017,0.07902606
0.044,0.11935189,0.06,0.0930983
0.042,0.13095936,0.023,0.10031443
0.033,0.11216803,0.043,0.091148145
0.045,0.10397866,0.025,0.084547535
0.062,0.10975297,0.015,0.087811485
0.049,0.10827404,0.066,0.08915853
0.022,0.10246466,0.01,0.0867547
0.016,0.08362396,0.05,0.06989444
0.024,0.1048836,0.056,0.08088274
0.023,0.10122237,0.022,0.07691119
0.028,0.10918993,0.01,0.07542748
0.015,0.1064888,0.015,0.08638617
0.01,0.106465325,0.041,0.083313674
0.029,0.116310984,0.026,0.088363
0.01,0.11568607,0.021,0.084412575
0.01,0.09258741,0.01,0.07072266
0.051,0.0952694,0.01,0.06958385
0.01,0.11123537,0.01,0.08202197
0.032,0.107120655,0.024,0.07481752
0.04,0.08970034,0.01,0.07015829
0.01,0.09182782,0.044,0.06966511
0.029,0.096471496,0.01,0.07118437
0.021,0.09592311,0.02,0.07087341
0.033,0.10299986,0.04,0.072745755
0.02,0.10797869,0.033,0.086513095
0.031,0.10389374,0.031,0.08078242
0.064,0.12174642,0.023,0.090436466
0.038,0.11656071,0.053,0.09225624
0.027,0.12704647,0.056,0.09794955
0.046,0.11488156,0.039,0.087518446
0.039,0.1112161,0.023,0.08591809
0.04,0.115219906,0.014,0.08433965
0.01,0.10298632,0.043,0.07984555
0.037,0.1226311,0.036,0.090257786
0.055,0.10927359,0.045,0.08495067
0.044,0.110825226,0.02,0.0859822
0.053,0.106960654,0.012,0.08001799
0.038,0.12839784,0.016,0.09832712
0.047,0.118495315,0.04,0.09053934
0.028,0.12273108,0.074,0.092374675
0.033,0.124670684,0.021,0.091956675
0.059,0.12777662,0.054,0.098573186
0.035,0.12806872,0.01,0.10238777
0.045,0.11562511,0.054,0.0889543
0.046,0.12235037,0.019,0.09361833
0.039,0.116082266,0.021,0.08599827
0.057,0.12505075,0.061,0.098525144
0.085,0.12508796,0.057,0.10219079
0.038,0.13080642,0.089,0.10380026
0.034,0.12571377,0.034,0.0987166
0.064,0.12162412,0.042,0.10752743
0.056,0.12866049,0.045,0.114225864
0.031,0.121493004,0.06,0.10835193
0.044,0.11973071,0.01,0.106609486
0.042,0.119310856,0.042,0.10360166
0.047,0.106567696,0.047,0.09907623
0.058,0.12502833,0.034,0.10768986
0.06,0.11894086,0.046,0.10489597
0.058,0.1202858,0.026,0.109449916
0.044,0.12413747,0.069,0.10607017
0.024,0.124818854,0.054,0.10834688
0.049,0.11215625,0.074,0.10020242
0.108,0.12340625,0.058,0.10823367
0.032,0.13851729,0.035,0.12558666
0.046,0.116307914,0.072,0.10316075
0.081,0.12555592,0.056,0.10874453
0.08,0.13246006,0.041,0.110979445
0.029,0.13097292,0.029,0.117862344
0.066,0.11826855,0.104,0.10393652
0.025,0.14073816,0.01,0.120147735
0.061,0.11545652,0.047,0.09633119
0.055,0.13321376,0.053,0.11359513
0.058,0.12729979,0.04,0.11068573
0.092,0.11934215,0.059,0.104112566
0.062,0.13834375,0.06,0.11250432
0.098,0.12997001,0.048,0.10775126
0.031,0.1421395,0.01,0.12556475
0.067,0.12703797,0.054,0.10544716
0.084,0.13854994,0.02,0.11453141
0.032,0.13792868,0.01,0.11271081
0.02,0.12313647,0.069,0.1076189
0.109,0.13385594,0.048,0.11066685
0.061,0.14056048,0.035,0.11968482
0.051,0.13219883,0.027,0.10973629
0.047,0.1355268,0.038,0.1082815
0.066,0.13113594,0.059,0.11033538
0.102,0.135398,0.017,0.11278846
0.03,0.13010132,0.057,0.10979957
0.083,0.12252092,0.018,0.1016769
0.062,0.13948448,0.063,0.120236374
0.077,0.14038947,0.057,0.11754551
0.078,0.14220685,0.058,0.11681552
0.103,0.15111655,0.048,0.12366274
0.072,0.14456159,0.053,0.1219922
0.029,0.13595052,0.053,0.116248176
0.073,0.1355353,0.112,0.10677251
0.065,0.1430112,0.044,0.11924649
0.081,0.14390239,0.091,0.11521827
0.053,0.14338544,0.043,0.11930967
0.04,0.13309339,0.064,0.10853786
0.066,0.13076451,0.038,0.106700025
0.071,0.13665819,0.046,0.111118354
0.05,0.13935487,0.051,0.12730093
0.069,0.13384798,0.067,0.12021785
0.044,0.13719314,0.071,0.12301383
0.056,0.13805959,0.054,0.12030831
0.049,0.13388279,0.061,0.11984411
0.041,0.12426701,0.08,0.11206008
0.044,0.12843429,0.051,0.11578395
0.085,0.12142415,0.082,0.107620366
0.063,0.1400814,0.064,0.12800328
0.082,0.12986019,0.04,0.11683668
0.069,0.13608882,0.081,0.12127558
0.047,0.13709301,0.05,0.12612891
0.069,0.13578692,0.06,0.124946065
0.113,0.14643049,0.05,0.12899178
0.053,0.15517174,0.073,0.13826427
0.046,0.14427987,0.034,0.12804033
0.031,0.1344297,0.079,0.12019888
0.071,0.1420415,0.028,0.12232748
0.09,0.13631624,0.041,0.1176649
0.077,0.14083597,0.069,0.1231383
0.08,0.14582974,0.053,0.1285272
0.031,0.14364606,0.043,0.1270781
0.085,0.13190252,0.059,0.11485552
0.034,0.13426566,0.068,0.11546439
0.051,0.12661818,0.085,0.106856525
0.059,0.13632548,0.056,0.11607015
0.065,0.15418634,0.04,0.12985754
0.096,0.14591223,0.076,0.12156379
0.084,0.15491948,0.05,0.127972
0.065,0.15285003,0.066,0.12401212
0.042,0.14340329,0.02,0.1199677
0.054,0.12963337,0.042,0.108210646
0.082,0.13661495,0.05,0.10962736
0.056,0.1439336,0.044,0.11420954
0.078,0.1366876,0.026,0.1097287
0.038,0.1419203,0.041,0.11296611
0.046,0.13421787,0.071,0.104803815
0.1,0.13466704,0.071,0.10610829
0.022,0.13898225,0.016,0.11052014
0.048,0.1374234,0.019,0.10938686
0.058,0.14195596,0.058,0.1072292
0.088,0.13735573,0.078,0.109068714
0.071,0.15291387,0.062,0.1147857
0.06,0.15053996,0.029,0.10816659
0.088,0.13551511,0.058,0.10719591
0.059,0.13791782,0.056,0.10973665
0.026,0.1353955,0.041,0.09980795
0.101,0.117156796,0.03,0.08711883
0.048,0.14435214,0.038,0.11035353
0.07,0.12336741,0.056,0.09621561
0.047,0.13228698,0.023,0.09807377
0.022,0.10990839,0.083,0.0843971
0.085,0.13198447,0.049,0.11444399
0.039,0.14259017,0.054,0.11722033
0.027,0.14074722,0.054,0.10828405
0.055,0.14080873,0.039,0.10583123
0.074,0.13800469,0.019,0.103634216
0.062,0.1297521,0.034,0.10562728
0.018,0.123080604,0.063,0.09921689
0.056,0.13737442,0.035,0.101499
0.064,0.111274734,0.04,0.08986845
0.038,0.13248275,0.028,0.10328273
0.064,0.12585801,0.05,0.0956429
0.055,0.12388496,0.048,0.099548504
0.092,0.12767196,0.019,0.09960268
0.086,0.14610723,0.055,0.121066496
0.048,0.14529118,0.011,0.11862167
0.075,0.12546028,0.062,0.096675076
0.066,0.14762852,0.061,0.11055134
0.064,0.14130515,0.074,0.11773699
0.023,0.14124964,0.035,0.11466741
0.065,0.12334647,0.061,0.09539541
0.05,0.13580982,0.048,0.099913694
0.07,0.11610469,0.043,0.093031615
0.05,0.135075,0.053,0.10809514
0.065,0.13454299,0.068,0.10347189
0.035,0.13362041,0.074,0.1027414
0.065,0.11720203,0.084,0.09181115
0.048,0.15905508,0.029,0.12801412
0.077,0.14567848,0.073,0.10785021
0.031,0.15014777,0.063,0.11132294
0.066,0.12594801,0.04,0.095182404
0.043,0.12317404,0.022,0.09571579
0.041,0.13398908,0.03,0.10297874
0.033,0.13324606,0.024,0.100213155
0.063,0.13003772,0.049,0.09469809
0.032,0.12681356,0.038,0.09686841
0.057,0.13569766,0.057,0.10251545
0.055,0.13730767,0.045,0.10451487
0.043,0.12767455,0.054,0.09694386
0.038,0.12722918,0.011,0.094378285
0.075,0.14358252,0.01,0.1095093
0.04,0.14243944,0.074,0.109401315
0.055,0.14519504,0.039,0.105194405
0.025,0.14177655,0.045,0.10059839
0.051,0.13684532,0.038,0.101609685
0.067,0.139261,0.061,0.10764104
0.047,0.14054662,0.037,0.10750356
0.071,0.13116434,0.055,0.09753437
0.038,0.13693596,0.052,0.10187732
0.054,0.13971268,0.033,0.104596056
0.06,0.13173564,0.079,0.099292986
0.061,0.13292617,0.053,0.100897364
0.069,0.12890092,0.06,0.09693061
0.067,0.14073339,0.045,0.11850161
0.032,0.13969886,0.032,0.11627364
0.061,0.13241076,0.094,0.10841654
0.039,0.14658083,0.037,0.12054927
0.028,0.12146946,0.057,0.10213609
0.059,0.12620653,0.052,0.101358086
0.029,0.13120261,0.039,0.10623877
0.035,0.12288735,0.056,0.09947198
0.08,0.118917145,0.09,0.09819649
0.058,0.14975303,0.076,0.12060186
0.079,0.13825977,0.038,0.111158326
0.074,0.1326026,0.036,0.10694175
0.054,0.12357123,0.052,0.10087741
0.049,0.15695122,0.052,0.12798536
0.03,0.13771477,0.054,0.11007814
0.071,0.12157209,0.079,0.09511521
0.067,0.13459836,0.036,0.106122494
0.047,0.13503367,0.014,0.10786371
0.061,0.13825391,0.058,0.10921726
0.056,0.14197917,0.06,0.11287452
0.062,0.12393117,0.078,0.09844435
0.053,0.1291711,0.08,0.10267324
0.104,0.150644,0.04,0.11635476
0.086,0.14789785,0.038,0.11708311
0.068,0.13089637,0.057,0.10355916
0.042,0.12228449,0.06,0.09783043
0.081,0.1635198,0.065,0.12726599
0.06,0.1592719,0.076,0.12314796
0.07,0.13461642,0.088,0.10377054
0.062,0.13515776,0.065,0.105175674
0.085,0.15093419,0.047,0.11716835
0.085,0.15927431,0.063,0.122407824
0.074,0.15280913,0.071,0.11817061
0.07,0.13408382,0.052,0.10270237
0.055,0.1244946,0.06,0.09647111
0.057,0.14944044,0.084,0.111341394
0.052,0.14660089,0.057,0.108685456
0.064,0.1304023,0.01,0.09786757
0.085,0.12088147,0.05,0.091268264
0.052,0.1257134,0.031,0.09610883
0.089,0.15312964,0.068,0.11431834
0.051,0.15538645,0.049,0.116243936
0.054,0.14318076,0.054,0.10288184
0.073,0.14067467,0.075,0.10092352
0.04,0.15616117,0.067,0.116009936
0.083,0.13859016,0.03,0.10156018
0.076,0.13949716,0.045,0.10136776
0.043,0.14499602,0.038,0.10477864
0.07,0.1409725,0.029,0.10362614
0.07,0.14341861,0.065,0.104928166
0.038,0.13550416,0.091,0.10116116
0.074,0.13554133,0.046,0.09954844
0.081,0.19617039,0.043,0.14710155
0.068,0.17090964,0.06,0.13734932
0.041,0.15769507,0.053,0.12629962
0.05,0.14332804,0.078,0.11735352
0.093,0.13941696,0.059,0.115123324
0.077,0.16541573,0.076,0.13357586
0.071,0.15895751,0.051,0.12614493
0.066,0.1402559,0.049,0.111181475
0.055,0.13207008,0.036,0.106833234
0.086,0.14628458,0.033,0.11586856
0.088,0.13978781,0.041,0.10960151
0.052,0.13690232,0.031,0.10720378
0.086,0.11509572,0.034,0.09423371
0.056,0.12918296,0.053,0.10400224
0.089,0.162897,0.05,0.12710279
0.041,0.15347181,0.037,0.11933073
0.06,0.13155772,0.06,0.10157349
0.052,0.13485715,0.036,0.1063854
0.068,0.14942676,0.078,0.11602868
0.028,0.14962634,0.068,0.115632616
0.042,0.12619384,0.058,0.09623519
0.056,0.12035398,0.061,0.09300326
0.057,0.15237078,0.017,0.118829705
0.097,0.13258934,0.054,0.099073276
0.058,0.13631296,0.062,0.10526967
0.038,0.12429434,0.01,0.09492941
0.05,0.11580865,0.074,0.08571556
0.054,0.15640862,0.075,0.11920245
0.115,0.14345971,0.084,0.10853401
0.068,0.14597407,0.036,0.11215875
0.068,0.1255325,0.028,0.09605485
0.065,0.14879829,0.078,0.11306161
0.048,0.14795043,0.075,0.10970011
0.058,0.1303699,0.037,0.09496954
0.08,0.119637504,0.028,0.08842249
0.051,0.1557923,0.058,0.11735267
0.037,0.14309002,0.034,0.10328859
0.039,0.13423148,0.021,0.09652077
0.041,0.12081273,0.042,0.09215716
0.085,0.12019976,0.048,0.091997616
0.058,0.16734135,0.095,0.12761177
0.023,0.15351883,0.048,0.11780487
0.064,0.14005093,0.043,0.10607878
0.078,0.13069683,0.058,0.0944743
0.014,0.17293152,0.031,0.12731004
0.108,0.13320191,0.044,0.09591738
0.064,0.14760861,0.073,0.11011636
0.102,0.13846868,0.051,0.10284703
0.115,0.1584178,0.049,0.11499951
0.068,0.1542137,0.057,0.11122176
0.033,0.1425537,0.048,0.10171691
0.074,0.13376538,0.082,0.09444722
0.035,0.19459641,0.046,0.14756036
0.023,0.15244326,0.035,0.12061075
0.074,0.14157303,0.06,0.10993476
0.081,0.15156096,0.087,0.120613515
0.073,0.15355799,0.077,0.12221503
0.078,0.16314071,0.042,0.1288192
0.028,0.1561656,0.079,0.123654746
0.059,0.13858806,0.043,0.10895145
0.072,0.12692265,0.073,0.103331365
0.079,0.16547036,0.037,0.12842183
0.054,0.1600543,0.057,0.12435553
0.08,0.15019849,0.111,0.11935327
0.067,0.1593881,0.079,0.1293559
0.06,0.1499957,0.094,0.11847915
0.061,0.19398256,0.036,0.14902559
0.448,0.104630336,0.403,0.08830441
0.398,0.45076495,0.386,0.41889328
0.424,0.41092587,0.374,0.38637355
0.412,0.37246138,0.385,0.35425586
0.457,0.414433,0.405,0.39097455
0.428,0.4543003,0.368,0.42372692
0.414,0.40471625,0.395,0.3768928
0.468,0.4025821,0.389,0.3774134
0.464,0.41145003,0.399,0.38977733
0.441,0.40021968,0.36,0.37529087
0.398,0.3501524,0.353,0.32389593
0.37,0.2921422,0.358,0.26934713
0.34,0.2748249,0.314,0.25453922
0.37,0.32553878,0.306,0.30165994
0.336,0.3402654,0.313,0.30953813
0.324,0.29344675,0.262,0.26384604
0.247,0.22281024,0.273,0.20078763
0.28,0.23802921,0.317,0.21728173
0.346,0.2377154,0.273,0.21151349
0.339,0.24873051,0.29,0.21879616
0.36,0.23010057,0.304,0.20382074
0.342,0.27556485,0.327,0.25671825
0.361,0.2762279,0.295,0.2515691
0.328,0.25098652,0.312,0.22306174
0.333,0.22334796,0.337,0.19656757
0.394,0.23771954,0.332,0.21086422
0.393,0.37636137,0.323,0.35289532
0.433,0.37062448,0.337,0.3412441
0.42,0.36398765,0.375,0.33342904
0.363,0.38319588,0.37,0.35087776
0.431,0.30751035,0.353,0.29230124
0.425,0.35725537,0.38,0.33522394
0.441,0.37086165,0.399,0.34360352
0.466,0.39331526,0.376,0.362129
0.454,0.39451373,0.408,0.3631862
0.496,0.37633044,0.428,0.35642302
0.487,0.43427843,0.451,0.40516225
0.519,0.43484026,0.428,0.40172553
0.482,0.4397385,0.455,0.41036892
0.528,0.45909366,0.455,0.4435094
0.542,0.49498194,0.496,0.46745834
0.54,0.5254782,0.463,0.49306548
0.512,0.50163436,0.475,0.4687655
0.545,0.45304686,0.476,0.43882218
0.595,0.48235124,0.483,0.45962563
0.549,0.5290244,0.502,0.49875617
0.529,0.49436644,0.517,0.47196844
0.596,0.4894779,0.521,0.46882606
0.588,0.54022807,0.522,0.5106172
0.617,0.52753943,0.557,0.49897087
0.625,0.57377285,0.551,0.5410367
0.628,0.5581072,0.561,0.530885
0.62,0.6443729,0.576,0.59816426
0.644,0.6556939,0.559,0.60623014
0.652,0.65934783,0.541,0.60896516
0.669,0.6512332,0.604,0.6051895
0.615,0.6963853,0.557,0.6468648
0.613,0.6310381,0.582,0.58422434
0.657,0.6431814,0.562,0.59347653
0.671,0.65893304,0.572,0.60915554
0.628,0.6640735,0.554,0.6179202
0.621,0.6334702,0.568,0.58655447
0.623,0.6339056,0.591,0.5853631
0.62,0.6445525,0.572,0.5953787
0.593,0.6356704,0.586,0.5943942
0.65,0.6662773,0.565,0.618914
0.668,0.6916934,0.559,0.63713026
0.683,0.69416,0.598,0.6377889
0.653,0.70386875,0.591,0.65016276
0.651,0.69713813,0.566,0.64926517
0.678,0.6744891,0.599,0.6237591
0.671,0.6973744,0.562,0.6381794
0.649,0.6658766,0.568,0.6121885
0.665,0.65853316,0.568,0.6160135
0.655,0.651561,0.605,0.6060578
0.658,0.66257966,0.581,0.610101
0.64,0.6458949,0.552,0.5917382
0.686,0.6167014,0.608,0.57168597
0.653,0.72256666,0.561,0.6743381
0.687,0.6636485,0.613,0.6147156
0.714,0.69391483,0.58,0.6368755
0.694,0.7136306,0.631,0.66343504
0.695,0.6876041,0.614,0.6419229
0.706,0.68507135,0.615,0.63660204
0.715,0.6815146,0.63,0.626533
0.72,0.6942944,0.603,0.6414999
0.651,0.6877443,0.634,0.6396036
0.724,0.62406725,0.624,0.5827382
0.722,0.6649003,0.627,0.6135976
0.742,0.66917354,0.649,0.6155907
0.708,0.694021,0.602,0.6417624
0.707,0.70115185,0.617,0.6587512
0.715,0.6796364,0.617,0.6314646
0.696,0.67789954,0.599,0.6302067
0.672,0.66376746,0.658,0.62294763
0.692,0.6592708,0.617,0.6199881
0.71,0.65502226,0.629,0.6132047
0.713,0.66095626,0.595,0.6136284
0.75,0.63588077,0.637,0.59310573
0.735,0.6833588,0.65,0.63821864
0.721,0.68691593,0.672,0.6377363
0.729,0.681157,0.628,0.63007826
0.769,0.6620886,0.653,0.6132649
0.729,0.70978975,0.663,0.659819
0.706,0.7905014,0.654,0.7281686
0.749,0.7681912,0.672,0.70968884
0.72,0.8050198,0.672,0.74743
0.748,0.74549335,0.635,0.6924248
0.746,0.74415064,0.647,0.70409775
0.749,0.77214545,0.639,0.71264803
0.735,0.74454415,0.654,0.6870347
0.718,0.7418894,0.708,0.69229084
0.766,0.801629,0.698,0.76013714
0.749,0.77649367,0.651,0.7192274
0.787,0.7267402,0.707,0.67821145
0.822,0.82804674,0.723,0.78290164
0.825,0.81647533,0.745,0.77626026
0.83,0.8881043,0.741,0.8227861
0.84,0.91334194,0.73,0.85342276
0.775,0.8815284,0.72,0.82545304
0.877,0.8027296,0.72,0.75933456
0.843,0.8927091,0.721,0.826865
0.853,0.8871164,0.697,0.8244651
0.844,0.8621728,0.766,0.80420536
0.832,0.85033745,0.716,0.7993727
0.803,0.8061947,0.751,0.76510864
0.789,0.8091548,0.713,0.7497576
0.775,0.7872016,0.696,0.72903717
0.799,0.73961526,0.727,0.6860195
0.768,0.7776006,0.699,0.7308004
0.785,0.7914112,0.729,0.7371964
0.78,0.80073863,0.689,0.7423064
0.788,0.7753364,0.689,0.71870095
0.745,0.7761456,0.669,0.72358626
0.763,0.7284139,0.663,0.6785537
0.732,0.75242835,0.657,0.69691074
0.8,0.7210166,0.647,0.66434234
0.748,0.76103145,0.691,0.6986433
0.721,0.7476469,0.662,0.6906793
0.753,0.68707806,0.622,0.63798356
0.712,0.7128021,0.651,0.6567504
0.707,0.6898864,0.644,0.63139784
0.683,0.6796693,0.625,0.6238184
0.653,0.70670384,0.591,0.661689
0.636,0.6527067,0.606,0.60797036
0.656,0.65046674,0.64,0.6003659
0.669,0.66703826,0.582,0.6176111
0.672,0.6533586,0.6,0.60614777
0.654,0.6618386,0.592,0.6183043
0.647,0.64114445,0.599,0.5950753
0.638,0.6345375,0.578,0.58845645
0.645,0.6239746,0.548,0.58127576
0.614,0.5982914,0.537,0.5641977
0.637,0.56167537,0.531,0.52909964
0.614,0.58156544,0.526,0.5437997
0.59,0.568816,0.553,0.53075856
0.611,0.6421546,0.539,0.5944276
0.629,0.63414496,0.58,0.5844696
0.583,0.6521151,0.51,0.59832007
0.603,0.5769489,0.522,0.53191227
0.596,0.588539,0.558,0.54258245
0.627,0.6267248,0.529,0.5809048
0.6,0.6144225,0.549,0.56435734
0.605,0.6007713,0.55,0.55326575
0.6,0.59891224,0.536,0.55383503
0.614,0.60895723,0.558,0.5645855
0.583,0.62429494,0.542,0.57517284
0.621,0.5833631,0.568,0.5380491
0.657,0.6142664,0.634,0.56806695
0.666,0.7501222,0.605,0.6911105
0.657,0.73528427,0.56,0.6734588
0.639,0.6827197,0.545,0.6247303
0.656,0.64631325,0.533,0.5914681
0.617,0.6549944,0.556,0.6104817
0.621,0.6562553,0.577,0.60465246
0.63,0.6543616,0.575,0.59871507
0.684,0.64628965,0.566,0.58998275
0.669,0.6695383,0.583,0.6152532
0.633,0.68200064,0.592,0.63109076
0.67,0.6575836,0.585,0.6038756
0.699,0.6784361,0.568,0.6197975
0.641,0.67785764,0.618,0.62110656
0.711,0.6966879,0.601,0.646669
0.711,0.73906416,0.622,0.6783705
0.695,0.7352147,0.592,0.67103124
0.664,0.7083623,0.579,0.64592165
0.649,0.66170913,0.611,0.6112125
0.682,0.697887,0.61,0.64554644
0.67,0.6913839,0.62,0.634747
0.672,0.68811595,0.634,0.62782633
0.697,0.6887831,0.642,0.63304585
0.68,0.7015695,0.635,0.6499446
0.672,0.6772048,0.619,0.6244808
0.661,0.6692484,0.599,0.6138918
0.679,0.64593655,0.6,0.59397596
0.661,0.722256,0.65,0.67328197
0.703,0.70326585,0.59,0.6521882
0.696,0.7025235,0.648,0.6459284
0.682,0.70996565,0.65,0.65235734
0.711,0.6770323,0.613,0.62828004
0.716,0.6847213,0.661,0.6360097
0.753,0.7127975,0.634,0.65746886
0.709,0.72846836,0.605,0.66795856
0.676,0.6946711,0.588,0.6394528
0.74,0.6006123,0.653,0.56411266
0.719,0.69301593,0.622,0.6418138
0.698,0.6740567,0.625,0.6213133
0.715,0.65203094,0.627,0.6007806
0.68,0.730991,0.65,0.6722529
0.681,0.7148139,0.608,0.6556116
0.722,0.6814708,0.647,0.62340575
0.713,0.722478,0.626,0.66778183
0.759,0.69153875,0.656,0.64416355
0.708,0.7718658,0.637,0.7111942
0.705,0.7148054,0.629,0.65710795
0.741,0.7134397,0.675,0.65679514
0.712,0.74230486,0.661,0.68474936
0.714,0.7423175,0.65,0.6893099
0.742,0.7121497,0.654,0.65698075
0.728,0.73968476,0.659,0.6822935
0.743,0.7085714,0.647,0.6557363
0.721,0.7774926,0.682,0.71350133
0.721,0.78088015,0.708,0.7162028
0.751,0.7678379,0.656,0.70162106
0.762,0.7605013,0.669,0.70316356
0.751,0.75576,0.663,0.69988066
0.767,0.7724175,0.677,0.7087624
0.714,0.77954704,0.689,0.71188444
0.78,0.7388653,0.688,0.6773584
0.754,0.7672773,0.686,0.70887864
0.773,0.77099353,0.708,0.7137765
0.789,0.7818732,0.684,0.71749014
0.773,0.7890579,0.692,0.7251064
0.765,0.75723004,0.697,0.6979615
0.808,0.776293,0.694,0.7128652
0.849,0.7836823,0.676,0.71492505
0.793,0.8151893,0.693,0.7454845
0.79,0.8023957,0.676,0.7406068
0.803,0.7575903,0.683,0.704303
0.798,0.7800849,0.701,0.71584857
0.801,0.8157982,0.692,0.7473789
0.765,0.7883558,0.702,0.71990585
0.757,0.7650556,0.678,0.7030086
0.77,0.7802885,0.702,0.72258747
0.767,0.78985196,0.707,0.7271909
0.764,0.7645958,0.637,0.6986444
0.75,0.71433353,0.694,0.6514598
0.764,0.7578172,0.663,0.6970436
0.756,0.7751185,0.645,0.71131325
0.762,0.7617515,0.682,0.69770104
0.736,0.7929682,0.688,0.7241805
0.726,0.73908633,0.643,0.68173313
0.744,0.75232106,0.679,0.6931622
0.727,0.74623835,0.666,0.68560755
0.736,0.7143432,0.638,0.6553448
0.752,0.7434547,0.651,0.68182427
0.778,0.7125484,0.679,0.65873915
0.806,0.722064,0.7,0.6643657
0.76,0.8129651,0.671,0.74382037
0.823,0.74740297,0.651,0.6854721
0.755,0.7205444,0.704,0.6581214
0.769,0.77226967,0.698,0.71438026
0.744,0.78256375,0.677,0.7246772
0.734,0.7516497,0.669,0.70191777
0.741,0.71649116,0.689,0.6694526
0.762,0.74924916,0.661,0.6929815
0.8,0.742188,0.673,0.68333626
0.754,0.7807352,0.696,0.7182096
0.717,0.75267893,0.688,0.696453
0.759,0.74199474,0.683,0.69028383
0.747,0.75605476,0.679,0.6988616
0.739,0.7446694,0.672,0.68613005
0.77,0.72633505,0.7,0.67220336
0.76,0.74302787,0.638,0.6918594
0.789,0.7446484,0.69,0.6817347
0.774,0.78441423,0.702,0.71664137
0.805,0.7857058,0.689,0.72297734
0.758,0.7867711,0.66,0.7266077
0.777,0.78764135,0.702,0.72405237
0.757,0.8154983,0.676,0.74626017
0.764,0.7648348,0.674,0.7006467
0.748,0.7560733,0.678,0.6960736
0.764,0.77435297,0.693,0.717476
0.756,0.7797086,0.693,0.71787906
0.767,0.7595302,0.67,0.6971225
0.687,0.772138,0.683,0.7074138
0.746,0.70766217,0.642,0.64822334
0.738,0.7595121,0.646,0.69606966
0.75,0.76884705,0.635,0.70031273
0.716,0.7427402,0.651,0.6755456
0.726,0.7113151,0.61,0.65090513
0.75,0.77338547,0.655,0.71327096
0.724,0.7746905,0.65,0.709637
0.742,0.76938343,0.649,0.7016327
0.734,0.7609424,0.689,0.6939267
0.751,0.7463142,0.672,0.6898632
0.761,0.776067,0.676,0.71364766
0.765,0.74533254,0.659,0.6813511
0.763,0.7534589,0.66,0.6858203
0.714,0.76133984,0.64,0.69493365
0.74,0.7765188,0.674,0.7110534
0.754,0.78716344,0.71,0.7178554
0.734,0.765505,0.692,0.6967416
0.779,0.78368133,0.7,0.71569693
0.78,0.8357304,0.66,0.7653152
0.741,0.80591154,0.727,0.7357884
0.74,0.7895234,0.636,0.7191392
0.747,0.7668192,0.636,0.69869125
0.734,0.73457175,0.69,0.67738384
0.79,0.7180485,0.638,0.65872765
0.77,0.7304358,0.682,0.6676629
0.71,0.79373914,0.687,0.7225184
0.734,0.6243595,0.652,0.57090914
0.747,0.7300178,0.685,0.67614937
0.769,0.75723755,0.662,0.6982938
0.752,0.76366186,0.68,0.7058672
0.773,0.7593669,0.65,0.7094274
0.738,0.74796706,0.616,0.69233257
0.762,0.69345194,0.697,0.64193046
0.8,0.75628716,0.677,0.6950178
0.752,0.7942546,0.71,0.73405206
0.776,0.75529665,0.709,0.70055896
0.836,0.7923321,0.721,0.7339257
0.848,0.8127619,0.737,0.74950033
0.876,0.8258391,0.76,0.7675561
0.799,0.8520153,0.739,0.7947197
0.803,0.864662,0.735,0.790975
0.311,0.84316087,0.291,0.772014
0.334,0.28524432,0.28,0.2610139
0.318,0.2701069,0.287,0.25341272
0.308,0.24946615,0.278,0.23508269
0.336,0.26193753,0.277,0.24365896
0.343,0.2996334,0.272,0.27283275
0.318,0.29347298,0.297,0.26649973
0.355,0.2708347,0.334,0.24942726
0.339,0.3039172,0.317,0.2874343
0.317,0.28153548,0.275,0.25906482
0.305,0.22522005,0.266,0.20016697
0.295,0.20314439,0.265,0.17801867
0.271,0.18979774,0.257,0.1665951
0.334,0.24210101,0.246,0.22060746
0.243,0.27570406,0.259,0.24655092
0.227,0.22437698,0.215,0.19958335
0.228,0.16837354,0.224,0.14563766
0.256,0.19672781,0.191,0.18014976
0.259,0.1986981,0.248,0.17795482
0.268,0.18631417,0.225,0.16300671
0.236,0.18187064,0.199,0.15734467
0.258,0.1701878,0.236,0.15455717
0.324,0.17754176,0.227,0.15650843
0.305,0.19445857,0.288,0.17066894
0.263,0.21446753,0.268,0.18648028
0.255,0.1777574,0.282,0.15232141
0.311,0.256813,0.254,0.2368092
0.257,0.2327843,0.279,0.20925656
0.308,0.22758597,0.275,0.20168161
0.32,0.25145274,0.3,0.22090745
0.308,0.2555669,0.261,0.24026838
0.353,0.21517882,0.279,0.19386235
0.359,0.23490372,0.289,0.21361342
0.351,0.2641511,0.333,0.23677406
0.399,0.26619953,0.329,0.24124318
0.305,0.2848096,0.326,0.27165696
0.401,0.22134244,0.354,0.20144345
0.385,0.296575,0.342,0.27157763
0.364,0.2770233,0.366,0.25141075
0.388,0.2858443,0.331,0.27585593
0.382,0.29561535,0.346,0.28148288
0.423,0.28838336,0.358,0.2678225
0.385,0.3311504,0.369,0.31067774
0.427,0.27858058,0.389,0.27147907
0.395,0.32478896,0.383,0.31215405
0.439,0.28541702,0.412,0.26531467
0.429,0.3343711,0.364,0.31376442
0.44,0.2979538,0.368,0.2745679
0.443,0.29394576,0.394,0.2793121
0.453,0.2981387,0.41,0.28066579
0.5,0.3076563,0.433,0.2873275
0.489,0.36335242,0.431,0.34025994
0.49,0.47763282,0.448,0.44890192
0.491,0.4808044,0.449,0.4515341
0.499,0.51100874,0.461,0.47969168
0.49,0.50886476,0.484,0.48091352
0.493,0.49073774,0.471,0.46439642
0.504,0.49973273,0.449,0.46752334
0.48,0.49302793,0.4,0.46076766
0.503,0.4407223,0.452,0.41682237
0.504,0.46897876,0.391,0.44679612
0.509,0.4494468,0.411,0.42392004
0.504,0.46157455,0.438,0.43298712
0.5,0.4737272,0.497,0.44311616
0.487,0.48093724,0.475,0.45380408
0.488,0.51337165,0.434,0.48285186
0.473,0.48678267,0.446,0.45338005
0.46,0.46775162,0.465,0.4349329
0.493,0.47395772,0.437,0.4477656
0.504,0.4756418,0.449,0.4526228
0.471,0.49084562,0.414,0.4602955
0.504,0.4316477,0.421,0.40078932
0.485,0.45069307,0.459,0.42057696
0.539,0.4509639,0.472,0.42920157
0.509,0.4963671,0.419,0.4686483
0.489,0.44863805,0.438,0.42014548
0.501,0.426605,0.436,0.39409754
0.49,0.42660075,0.503,0.40005404
0.518,0.50036657,0.457,0.47513473
0.501,0.49350518,0.505,0.4637241
0.461,0.49683326,0.495,0.46130532
0.562,0.4698696,0.512,0.44506818
0.518,0.5406114,0.421,0.5135427
0.556,0.4429602,0.486,0.4219712
0.528,0.5038327,0.455,0.46948588
0.571,0.46898437,0.49,0.43796664
0.54,0.5215692,0.507,0.49180532
0.547,0.49973416,0.462,0.47412091
0.566,0.4679138,0.503,0.43933702
0.548,0.49805012,0.456,0.4623231
0.546,0.45023614,0.496,0.4237945
0.555,0.50365806,0.478,0.4826762
0.557,0.49446422,0.487,0.4685528
0.582,0.5030076,0.483,0.47398725
0.556,0.5291815,0.481,0.50346607
0.554,0.46476334,0.512,0.44850838
0.532,0.4775982,0.521,0.4557916
0.53,0.44490004,0.529,0.42141327
0.571,0.4792741,0.472,0.451407
0.572,0.4927412,0.488,0.46570912
0.572,0.49802053,0.494,0.46990874
0.543,0.46700683,0.502,0.4357984
0.55,0.43378764,0.504,0.40460664
0.529,0.454643,0.521,0.42693675
0.566,0.5659982,0.497,0.5316931
0.582,0.5589759,0.515,0.5208177
0.546,0.60187787,0.521,0.5640657
0.547,0.5414729,0.548,0.50846255
0.568,0.5618195,0.578,0.5310044
0.591,0.60696495,0.516,0.5670597
0.59,0.5735737,0.536,0.53741276
0.592,0.57608765,0.529,0.5393078
0.614,0.567969,0.535,0.53466547
0.621,0.59636825,0.555,0.55684453
0.616,0.59235626,0.59,0.55407405
0.649,0.6064287,0.61,0.57023287
0.648,0.70199436,0.573,0.67269593
0.614,0.69881296,0.576,0.6536091
0.641,0.66241133,0.571,0.6250717
0.641,0.68107384,0.544,0.6459165
0.656,0.6247434,0.571,0.59042037
0.641,0.6909043,0.605,0.64647514
0.584,0.6767115,0.569,0.6332479
0.648,0.5849036,0.58,0.5499115
0.639,0.63321954,0.574,0.5956668
0.65,0.637302,0.556,0.6030104
0.614,0.61608666,0.631,0.5732136
0.619,0.5982912,0.587,0.555145
0.623,0.5842782,0.564,0.54404414
0.61,0.58267224,0.574,0.54630435
0.64,0.6197294,0.55,0.5821404
0.592,0.62673026,0.534,0.5843297
0.612,0.57789785,0.57,0.53782743
0.62,0.6181213,0.557,0.5811123
0.596,0.5965398,0.483,0.5622479
0.606,0.54239833,0.514,0.5100553
0.597,0.56493956,0.546,0.52470183
0.566,0.5690056,0.516,0.5242447
0.608,0.53144246,0.544,0.496567
0.568,0.54669577,0.505,0.51244605
0.527,0.50879335,0.47,0.47514868
0.547,0.4410879,0.507,0.40715802
0.505,0.48248577,0.498,0.44445258
0.51,0.47723997,0.467,0.45838994
0.502,0.45005643,0.48,0.4283659
0.503,0.44464454,0.472,0.41722903
0.5,0.45277667,0.457,0.42068675
0.522,0.45083123,0.455,0.426512
0.542,0.45683408,0.453,0.4326743
0.493,0.44795507,0.475,0.4226449
0.496,0.42729545,0.453,0.39674595
0.469,0.41681576,0.417,0.38990837
0.487,0.34959236,0.447,0.3302291
0.456,0.38579214,0.447,0.36626613
0.476,0.36840284,0.409,0.3448911
0.475,0.3636436,0.443,0.33565557
0.485,0.49224526,0.415,0.45922834
0.444,0.46404094,0.425,0.43199664
0.428,0.4274509,0.437,0.39934763
0.477,0.41049123,0.418,0.384198
0.5,0.4251492,0.433,0.3973367
0.451,0.483035,0.446,0.44952974
0.461,0.44322148,0.402,0.41573197
0.497,0.41462407,0.414,0.38678434
0.498,0.4407428,0.414,0.41335902
0.484,0.45173323,0.422,0.41740182
0.463,0.4459897,0.418,0.4104314
0.472,0.4196309,0.412,0.3875916
0.505,0.40382522,0.45,0.3729969
0.538,0.5081492,0.487,0.47518945
0.453,0.5636089,0.463,0.51937175
0.493,0.45872676,0.44,0.4242435
0.485,0.45991182,0.444,0.425187
0.482,0.46474192,0.468,0.439212
0.494,0.4904893,0.456,0.4534099
0.512,0.47700074,0.417,0.43736717
0.534,0.45554608,0.456,0.4152554
0.545,0.47958505,0.419,0.44518286
0.528,0.46540302,0.452,0.43550357
0.529,0.46860272,0.5,0.4329178
0.492,0.5116864,0.436,0.47108483
0.505,0.4304015,0.484,0.3933158
0.523,0.50517243,0.491,0.47730234
0.567,0.52032566,0.497,0.48352534
0.464,0.54655486,0.49,0.5023605
0.526,0.45817444,0.464,0.4157269
0.521,0.48799902,0.468,0.45757413
0.521,0.4786982,0.455,0.45039392
0.52,0.47115418,0.451,0.43441546
0.503,0.46689463,0.508,0.42264783
0.543,0.48212016,0.451,0.44374415
0.538,0.45026684,0.484,0.42498386
0.553,0.47414738,0.475,0.43896538
0.52,0.4766373,0.459,0.43964875
0.516,0.44643193,0.472,0.40679628
0.549,0.49386647,0.498,0.4714922
0.535,0.5265923,0.494,0.494487
0.526,0.50299853,0.49,0.46590927
0.515,0.4790314,0.451,0.4423171
0.55,0.4523188,0.493,0.4253831
0.531,0.4629135,0.509,0.43909848
0.563,0.4568262,0.483,0.42715347
0.568,0.48146188,0.466,0.44126302
0.511,0.49100676,0.496,0.4508412
0.554,0.40675414,0.494,0.38383672
0.559,0.46880385,0.49,0.43556178
0.561,0.4779287,0.472,0.43655357
0.53,0.45116153,0.522,0.41393176
0.552,0.5510642,0.517,0.5126029
0.533,0.55986756,0.504,0.51979655
0.568,0.50725925,0.511,0.4665432
0.555,0.52698886,0.517,0.48729506
0.543,0.5253884,0.476,0.4905501
0.547,0.50361043,0.482,0.4668162
0.511,0.51927406,0.483,0.48224014
0.572,0.4706778,0.495,0.4357152
0.588,0.51890975,0.493,0.482484
0.562,0.55888736,0.518,0.52037746
0.593,0.5243232,0.538,0.48661345
0.559,0.5704527,0.522,0.52925044
0.571,0.50807935,0.487,0.47340882
0.58,0.56027347,0.554,0.5210612
0.606,0.5925678,0.543,0.54397804
0.567,0.6073057,0.517,0.5600445
0.57,0.54559124,0.52,0.5081502
0.567,0.54157054,0.499,0.50539714
0.568,0.52689636,0.549,0.48734295
0.596,0.56805325,0.527,0.52445745
0.564,0.5536543,0.538,0.50916237
0.629,0.5178638,0.551,0.48314396
0.612,0.62552106,0.536,0.58472085
0.587,0.5892183,0.518,0.54395616
0.588,0.54493994,0.519,0.4993083
0.624,0.516871,0.584,0.47684038
0.609,0.6679953,0.576,0.62254304
0.576,0.620478,0.59,0.5737643
0.613,0.5759195,0.597,0.52815735
0.643,0.63895124,0.561,0.5939858
0.62,0.60745996,0.527,0.567996
0.63,0.59530306,0.587,0.5546008
0.601,0.61184686,0.526,0.5616419
0.603,0.54388684,0.553,0.49616233
0.61,0.5899746,0.565,0.5438666
0.576,0.6238999,0.529,0.5829614
0.561,0.52948684,0.535,0.48972684
0.592,0.4941009,0.525,0.45150435
0.6,0.5377654,0.557,0.48593444
0.589,0.56738126,0.525,0.52327555
0.574,0.54590803,0.512,0.5097692
0.615,0.53176385,0.518,0.49163803
0.516,0.5832959,0.547,0.5350898
0.555,0.5298699,0.508,0.49146333
0.56,0.512351,0.538,0.4793021
0.539,0.49461767,0.52,0.46038485
0.569,0.47796673,0.534,0.43724093
0.568,0.55225194,0.534,0.50711614
0.598,0.5521751,0.524,0.51195055
0.583,0.5479402,0.54,0.50676006
0.567,0.5559717,0.549,0.50980777
0.62,0.5088857,0.589,0.46285027
0.622,0.5683815,0.57,0.5154676
0.621,0.615139,0.524,0.57138985
0.59,0.5971891,0.55,0.5572786
0.586,0.5781972,0.553,0.53914213
0.587,0.5690525,0.502,0.53265786
0.54,0.5446027,0.525,0.51065123
0.587,0.51373965,0.534,0.4783528
0.592,0.559775,0.535,0.5193646
0.581,0.53903794,0.561,0.50122786
0.583,0.5706063,0.545,0.5348564
0.591,0.5618774,0.517,0.52529913
0.577,0.5374029,0.542,0.4980207
0.595,0.5427513,0.555,0.5033599
0.559,0.5474839,0.541,0.5101314
0.582,0.582405,0.504,0.5409204
0.597,0.535101,0.569,0.49161273
0.594,0.6100075,0.599,0.5668507
0.575,0.582396,0.533,0.54181534
0.596,0.55905026,0.531,0.51983255
0.563,0.574623,0.536,0.53100604
0.56,0.5266379,0.561,0.4846574
0.578,0.5292102,0.525,0.4906054
0.562,0.5812904,0.502,0.5415096
0.54,0.50407386,0.506,0.46469116
0.552,0.48712212,0.539,0.44526166
0.559,0.51228815,0.489,0.4688763
0.528,0.47319365,0.465,0.43577182
0.601,0.48430425,0.503,0.44697115
0.569,0.5938147,0.508,0.5437558
0.567,0.5428071,0.503,0.4948959
0.585,0.5149514,0.528,0.47399506
0.555,0.5997928,0.518,0.55639976
0.539,0.5561633,0.548,0.5094118
0.596,0.5497745,0.498,0.50039035
0.586,0.5349451,0.531,0.48766926
0.57,0.56209934,0.508,0.5249616
0.553,0.5180639,0.5,0.47772115
0.591,0.5246419,0.529,0.47697052
0.591,0.5182555,0.515,0.4698191
0.608,0.50529444,0.481,0.45812133
0.59,0.6151185,0.513,0.5677544
0.598,0.5380604,0.471,0.49466082
0.581,0.5256947,0.525,0.47972244
0.576,0.59449005,0.506,0.5458192
0.599,0.57772255,0.541,0.5351799
0.557,0.5644935,0.515,0.52016747
0.608,0.5080801,0.538,0.46228385
0.588,0.6112706,0.527,0.55687195
0.594,0.5196573,0.537,0.48316556
0.602,0.5715054,0.523,0.5257213
0.574,0.57080865,0.562,0.5201256
0.603,0.5181287,0.497,0.46891713
0.587,0.5045479,0.529,0.45821744
0.614,0.61002725,0.528,0.5729201
0.58,0.56930035,0.522,0.52858245
0.55,0.55912167,0.545,0.5191881
0.525,0.52249724,0.503,0.48620915
0.61,0.48106694,0.547,0.45154294
0.583,0.60143006,0.552,0.563062
0.594,0.5676338,0.547,0.5272713
0.563,0.58371913,0.547,0.5407259
0.621,0.55827695,0.529,0.52063024
0.627,0.5824871,0.595,0.53936505
0.657,0.6058709,0.579,0.5599182
0.659,0.6445644,0.582,0.59747016
0.645,0.65054893,0.591,0.60703933
0.668,0.6644773,0.578,0.61293894
1.472,0.8439879,1.387,0.79197615
1.47,1.4822869,1.38,1.3763293
1.495,1.3947873,1.365,1.2723315
1.596,1.417517,1.441,1.2868124
1.539,1.471262,1.469,1.3488184
1.537,1.4770595,1.433,1.36175
1.588,1.4435598,1.457,1.3139629
1.635,1.5598392,1.5,1.4413708
1.585,1.5355566,1.479,1.4114598
1.453,1.5819067,1.365,1.4765214
1.4,1.3697445,1.302,1.2468716
1.314,1.4465593,1.182,1.3364047
1.295,1.2917737,1.236,1.1760656
1.267,1.3072478,1.177,1.2048178
1.234,1.2144616,1.127,1.1102238
1.163,1.1738588,1.082,1.0704266
1.073,1.1399649,1.034,1.0361798
1.101,1.1965045,1.029,1.1156846
1.148,1.1413088,1.092,1.0379117
1.151,1.1823246,1.075,1.073899
1.155,1.1802448,1.108,1.0686768
1.2,1.2666613,1.157,1.1730373
1.254,1.2355293,1.17,1.1211463
1.326,1.2602834,1.2,1.1455201
1.339,1.3206017,1.225,1.20715
1.368,1.319436,1.237,1.1984588
1.368,1.3371266,1.287,1.2245069
1.413,1.3960648,1.296,1.2864517
1.414,1.3703294,1.347,1.2503481
1.466,1.4435468,1.376,1.3330121
1.414,1.4972042,1.364,1.3817182
1.566,1.3997927,1.42,1.2805964
1.57,1.5361031,1.477,1.4215043
1.611,1.5676055,1.501,1.4482924
1.665,1.6025143,1.556,1.4820198
1.676,1.6718645,1.536,1.5466585
1.731,1.6497257,1.581,1.532698
1.752,1.6951654,1.631,1.5794771
1.793,1.7200837,1.64,1.6031917
1.823,1.7954785,1.675,1.6592679
1.821,1.7803973,1.708,1.6499952
1.838,1.8512796,1.735,1.7070662
1.888,1.8968573,1.79,1.738998
1.94,1.8641984,1.772,1.7282089
1.947,1.8926978,1.809,1.7625674
1.986,1.9084591,1.863,1.780789
1.995,1.9592296,1.904,1.8296058
2.063,2.0687044,1.905,1.8964375
2.109,1.9740535,1.936,1.8351691
2.15,2.027817,1.99,1.8918324
2.165,2.1154754,2.053,1.977447
2.228,2.2265463,2.11,2.0711908
2.286,2.229416,2.114,2.07197
2.269,2.2602298,2.11,2.103345
2.277,2.2414935,2.143,2.0848382
2.264,2.3030183,2.112,2.132322
2.252,2.1336834,2.074,1.9638487
2.256,2.2703996,2.08,2.1108568
2.281,2.242388,2.091,2.0845246
2.294,2.2829633,2.1,2.1122036
2.29,2.2001822,2.124,2.03697
2.221,2.282102,2.126,2.1188269
2.249,2.2306209,2.087,2.0689597
2.263,2.2512124,2.082,2.0905116
2.262,2.2864847,2.043,2.1154287
2.298,2.1782749,2.098,2.0259743
2.314,2.3252113,2.162,2.1727152
2.336,2.3263297,2.149,2.1686766
2.337,2.3463576,2.203,2.1870666
2.338,2.253271,2.142,2.0991087
2.323,2.2503197,2.164,2.0985866
2.35,2.2607384,2.185,2.1042762
2.363,2.357262,2.179,2.1954288
2.387,2.3704302,2.194,2.1979496
2.346,2.293723,2.16,2.1327832
2.287,2.3187068,2.129,2.1649442
2.317,2.2878582,2.175,2.130025
2.379,2.3605177,2.22,2.192961
2.375,2.2858863,2.217,2.1351328
2.427,2.2637594,2.251,2.1077137
2.441,2.400777,2.281,2.2444458
2.413,2.438358,2.289,2.2701044
2.482,2.3010347,2.285,2.1367853
2.473,2.3828712,2.325,2.225265
2.501,2.4380314,2.285,2.2799144
2.533,2.4773123,2.383,2.302034
2.468,2.5051627,2.306,2.321552
2.543,2.3748856,2.355,2.2093954
2.526,2.471221,2.338,2.3114522
2.491,2.473721,2.371,2.298448
2.515,2.5395143,2.334,2.3697522
2.483,2.4516456,2.29,2.2891924
2.506,2.4058805,2.328,2.239718
2.518,2.5320137,2.327,2.373462
2.573,2.513452,2.346,2.3323264
2.508,2.480849,2.366,2.3131542
2.554,2.4548664,2.343,2.2954085
2.526,2.5250375,2.354,2.3678477
2.527,2.5606263,2.373,2.3905475
2.581,2.5766616,2.365,2.396791
2.597,2.5031803,2.377,2.3435385
2.564,2.5178897,2.423,2.3429925
2.594,2.5483544,2.41,2.3621662
2.627,2.658547,2.413,2.4717295
2.591,2.5430887,2.425,2.3618855
2.59,2.538135,2.433,2.345959
2.618,2.5403097,2.43,2.3430126
2.59,2.5893626,2.404,2.3957458
2.59,2.5465043,2.417,2.3280017
2.62,2.5487523,2.414,2.3638203
2.636,2.5402794,2.455,2.3517811
2.708,2.5798857,2.563,2.390536
2.8,2.6888018,2.588,2.4948993
2.797,2.747238,2.592,2.5425715
2.852,2.7638342,2.667,2.5724761
2.919,2.8563936,2.71,2.627702
2.954,2.8448412,2.717,2.6333997
2.944,2.8428543,2.725,2.6274507
2.93,2.884943,2.74,2.6676912
2.954,2.8561432,2.71,2.6346135
2.954,2.9047868,2.7,2.6754198
2.93,2.845513,2.736,2.6328497
2.934,2.823207,2.701,2.6105578
2.94,2.903815,2.732,2.6823728
2.906,2.923812,2.708,2.7025275
2.943,2.8759139,2.732,2.6332316
2.947,2.909779,2.714,2.6976676
2.898,2.899777,2.663,2.6925106
2.855,2.8149073,2.634,2.6089387
2.84,2.7885234,2.655,2.5892901
2.821,2.7375352,2.613,2.5400114
2.799,2.7464488,2.576,2.5439715
2.77,2.7120094,2.601,2.5067592
2.747,2.7687304,2.548,2.574849
2.728,2.6299002,2.526,2.441834
2.685,2.5837517,2.492,2.4120412
2.653,2.5978832,2.467,2.4141262
2.621,2.589891,2.456,2.4085495
2.589,2.5742311,2.396,2.4023962
2.599,2.4663155,2.381,2.3106189
2.537,2.4707427,2.334,2.3091514
2.507,2.4645016,2.324,2.3016632
2.496,2.4507532,2.281,2.2838979
2.434,2.388371,2.255,2.2334304
2.375,2.3668683,2.222,2.205328
2.43,2.317816,2.229,2.1594405
2.327,2.4507868,2.179,2.2960181
2.329,2.30527,2.192,2.1472485
2.313,2.2611346,2.206,2.1036773
2.326,2.311402,2.132,2.1582558
2.287,2.2351797,2.084,2.077601
2.24,2.2914875,2.061,2.1417408
2.252,2.1962993,2.051,2.041989
2.202,2.1872883,2.046,2.0400293
2.214,2.160628,2.037,2.0179226
2.154,2.1923997,1.985,2.0494707
2.167,2.0647643,2.005,1.9057066
2.17,2.1000264,2.029,1.945375
2.12,2.1402025,2.043,1.9751614
2.165,2.1167052,2.031,1.965
2.162,2.126229,2.014,1.9639344
2.124,2.1026778,2.015,1.9447235
2.098,2.1012828,2.002,1.9562831
2.095,2.0465333,1.959,1.8915303
2.156,2.063735,1.993,1.9056389
2.168,2.2251797,1.994,2.0698445
2.222,2.103655,2.016,1.9546646
2.228,2.1968539,2.09,2.046842
2.291,2.2431304,2.153,2.0845647
2.285,2.2059145,2.147,2.0481622
2.274,2.2796724,2.116,2.1251998
2.232,2.3025289,2.102,2.141691
2.281,2.195351,2.094,2.0404243
2.338,2.1774228,2.169,2.0204287
2.246,2.2276795,2.14,2.0619535
2.329,2.309209,2.153,2.1514354
2.337,2.3184993,2.167,2.1638641
2.379,2.264329,2.16,2.106931
2.43,2.329221,2.249,2.1659
2.402,2.40319,2.262,2.2382948
2.379,2.3851902,2.202,2.219451
2.411,2.3364375,2.212,2.178534
2.487,2.3317192,2.279,2.1594067
2.474,2.4654863,2.313,2.3032963
2.452,2.5304499,2.277,2.3702261
2.442,2.4650118,2.247,2.312238
2.366,2.3820822,2.202,2.220044
2.406,2.2785864,2.209,2.1121607
2.45,2.3873892,2.265,2.2187388
2.469,2.4668844,2.263,2.3098114
2.498,2.370665,2.301,2.2002316
2.468,2.3554463,2.282,2.198747
2.485,2.3620753,2.312,2.2029762
2.41,2.462695,2.268,2.2995818
2.408,2.3918931,2.225,2.2400954
2.456,2.3431563,2.214,2.178807
2.434,2.463537,2.244,2.2946076
2.469,2.4041557,2.289,2.237535
2.49,2.4071403,2.295,2.2436445
2.569,2.488485,2.379,2.3197272
2.578,2.5464754,2.405,2.382551
2.531,2.5802217,2.331,2.4123752
2.499,2.432013,2.328,2.2648046
2.497,2.4518979,2.286,2.2775364
2.551,2.4287422,2.334,2.2703722
2.513,2.4978578,2.354,2.3359857
2.52,2.5146987,2.369,2.353262
2.536,2.4749415,2.375,2.301736
2.538,2.3494895,2.402,2.173205
2.529,2.4803865,2.383,2.3085058
2.591,2.4433358,2.35,2.2648935
2.588,2.541061,2.424,2.3597806
2.59,2.5544612,2.401,2.3708224
2.583,2.4825537,2.331,2.3097973
2.568,2.5258894,2.357,2.3583276
2.53,2.5268822,2.342,2.3564503
2.579,2.4792473,2.356,2.2954278
2.587,2.5366917,2.391,2.3651185
2.633,2.5602355,2.449,2.3792486
2.679,2.5674639,2.44,2.3876562
2.611,2.6088507,2.441,2.4329321
2.606,2.4374404,2.48,2.2628207
2.66,2.586294,2.442,2.407996
2.681,2.5766463,2.494,2.3995137
2.707,2.6430337,2.516,2.4635448
2.641,2.623051,2.489,2.4078152
2.682,2.5472195,2.485,2.3714402
2.771,2.5688202,2.553,2.3792756
2.751,2.7158806,2.553,2.5358357
2.721,2.682979,2.559,2.4979303
2.761,2.6888256,2.579,2.5109882
2.768,2.70688,2.538,2.528394
2.755,2.6974273,2.559,2.5228124
2.825,2.6408389,2.603,2.430607
2.811,2.7136648,2.625,2.5216694
2.829,2.7186515,2.613,2.533137
2.808,2.768429,2.682,2.5761323
2.824,2.8019125,2.657,2.5915444
2.867,2.836294,2.643,2.6318333
2.847,2.7419572,2.653,2.5558414
2.776,2.7789774,2.616,2.5991986
2.759,2.75623,2.569,2.5770853
2.758,2.7220833,2.566,2.533195
2.724,2.679572,2.532,2.4979012
2.705,2.6481457,2.526,2.4720635
2.677,2.6728833,2.5,2.5039973
2.667,2.639389,2.491,2.474277
2.663,2.626376,2.464,2.4524236
2.671,2.59962,2.485,2.4231582
2.629,2.6272237,2.434,2.4540906
2.616,2.665804,2.46,2.496829
2.659,2.633149,2.442,2.455975
2.695,2.5560658,2.437,2.3822837
2.686,2.6405473,2.48,2.4687848
2.61,2.6306827,2.449,2.459931
2.67,2.573981,2.486,2.3917546
2.694,2.622493,2.509,2.454303
2.746,2.697512,2.58,2.5254033
2.762,2.7538056,2.559,2.578374
2.811,2.7670138,2.559,2.5871065
2.743,2.6372447,2.583,2.443602
2.807,2.6552343,2.568,2.456353
2.804,2.6951244,2.601,2.494835
2.795,2.7641642,2.541,2.5646482
2.724,2.7201238,2.553,2.5246646
2.696,2.6070616,2.492,2.4171326
2.712,2.6034918,2.559,2.414306
2.735,2.6563122,2.544,2.4770863
2.724,2.6543798,2.518,2.4639823
2.711,2.6180549,2.517,2.4335625
2.656,2.64937,2.485,2.4720368
2.698,2.5824459,2.486,2.405568
2.737,2.6239479,2.537,2.438008
2.719,2.679498,2.529,2.4705467
2.754,2.6202037,2.582,2.4309413
2.738,2.6989605,2.522,2.5171607
2.748,2.713268,2.549,2.5238485
2.725,2.7109654,2.544,2.5150516
2.693,2.698347,2.511,2.516846
2.693,2.6453536,2.494,2.467258
2.741,2.639969,2.567,2.4629586
2.748,2.661823,2.489,2.457861
2.673,2.630096,2.507,2.4466033
2.66,2.6499987,2.5,2.4777544
2.658,2.5400507,2.486,2.3581805
2.585,2.5047019,2.44,2.310639
2.56,2.5198584,2.375,2.345296
2.602,2.5808036,2.42,2.4042335
2.622,2.5975862,2.465,2.4238768
2.63,2.615551,2.442,2.4468877
2.628,2.5602927,2.392,2.382584
2.586,2.6168942,2.395,2.4369545
2.689,2.5970361,2.465,2.4224951
2.652,2.66437,2.469,2.493747
2.684,2.5571258,2.484,2.3598194
2.651,2.631564,2.475,2.452899
2.651,2.596933,2.506,2.4263108
2.68,2.6382508,2.47,2.4670339
2.741,2.613694,2.484,2.4380991
2.624,2.6442657,2.436,2.4646332
2.667,2.5874012,2.448,2.4140265
2.639,2.665726,2.444,2.4915483
2.701,2.64164,2.501,2.4705453
2.685,2.712233,2.483,2.5341635
2.672,2.6216438,2.494,2.4374251
2.707,2.6334496,2.558,2.4577663
2.703,2.6873586,2.504,2.5149925
2.701,2.6750023,2.489,2.501989
2.669,2.6954937,2.491,2.5141182
2.678,2.6218193,2.537,2.4424715
2.703,2.6743047,2.492,2.5012271
2.609,2.6673963,2.458,2.4936643
2.653,2.50263,2.503,2.307675
2.641,2.531666,2.499,2.342506
2.665,2.5310493,2.494,2.345739
2.699,2.5900207,2.506,2.4007113
2.722,2.6024325,2.519,2.4064288
2.745,2.5899854,2.496,2.395518
2.693,2.5951095,2.518,2.4086335
2.71,2.6010506,2.557,2.417402
2.689,2.6475623,2.51,2.4572506
2.828,2.6693559,2.635,2.4764683
2.977,2.790406,2.744,2.5945184
2.931,2.9123995,2.727,2.7076082
2.958,2.8909957,2.743,2.6832225
2.945,2.8931282,2.723,2.6787338
2.992,2.8895502,2.753,2.6789136
1.547,2.6081045,1.458,2.4503725
1.504,1.4454948,1.436,1.3282839
1.573,1.4113401,1.423,1.2845323
1.597,1.4929215,1.507,1.3458253
1.633,1.5906543,1.494,1.4761658
1.576,1.496503,1.527,1.3810343
1.66,1.5607945,1.564,1.4466244
1.694,1.6234937,1.597,1.5061221
1.657,1.6404179,1.521,1.5191623
1.494,1.5635482,1.429,1.449897
1.445,1.5128553,1.323,1.4096366
1.398,1.4785169,1.306,1.3698264
1.336,1.3723933,1.26,1.2482754
1.316,1.3002733,1.216,1.1903329
1.279,1.2455784,1.2,1.1396192
1.204,1.2680923,1.098,1.1600682
1.106,1.2513807,1.022,1.1547807
1.166,1.2038304,1.056,1.1189413
1.206,1.2350376,1.095,1.142785
1.22,1.2057966,1.138,1.0977379
1.218,1.2313118,1.132,1.1186963
1.236,1.3012394,1.161,1.2024118
1.305,1.2800671,1.219,1.1662114
1.332,1.2997125,1.242,1.1820754
1.345,1.335458,1.263,1.2131797
1.4,1.3487499,1.274,1.2304327
1.424,1.361822,1.339,1.2439091
1.463,1.4172187,1.39,1.2961053
1.489,1.4633927,1.403,1.3551301
1.489,1.4692947,1.395,1.3537208
1.511,1.4832835,1.393,1.362002
1.561,1.4776338,1.454,1.359719
1.654,1.5547355,1.571,1.4300946
1.701,1.715051,1.587,1.5713602
1.722,1.6838368,1.605,1.5626031
1.735,1.7143097,1.616,1.591124
1.756,1.702909,1.681,1.5851718
1.806,1.7227821,1.681,1.6063778
1.812,1.7752217,1.687,1.6519569
1.862,1.7978678,1.731,1.662687
1.89,1.8295497,1.734,1.698111
1.943,1.8632655,1.802,1.7342339
1.943,1.9776855,1.832,1.8250928
1.987,1.8786024,1.87,1.7384967
2.015,1.9767467,1.891,1.8451649
2.061,2.0054972,1.901,1.8729863
2.089,2.058955,1.934,1.922062
2.08,2.110884,1.99,1.9699566
2.179,2.0819488,2.05,1.9284999
2.192,2.1690729,2.074,2.005072
2.285,2.1864622,2.128,2.0466099
2.343,2.2992833,2.2,2.145027
2.339,2.2858362,2.153,2.125136
2.413,2.2146556,2.234,2.0363803
2.376,2.4183877,2.255,2.2508368
2.368,2.402395,2.203,2.2242522
2.38,2.2399487,2.15,2.0717256
2.365,2.2367575,2.185,2.079808
2.304,2.3140635,2.141,2.1527536
2.34,2.2808843,2.191,2.1175244
2.387,2.277226,2.247,2.1149113
2.34,2.347617,2.189,2.184429
2.333,2.3508356,2.167,2.173334
2.381,2.356958,2.171,2.1829429
2.338,2.3882499,2.137,2.2080836
2.341,2.2135623,2.148,2.0559099
2.362,2.3203018,2.191,2.1697142
2.416,2.3341432,2.287,2.175101
2.424,2.4393601,2.263,2.2645621
2.403,2.2766585,2.243,2.1263204
2.408,2.325895,2.273,2.1717055
2.472,2.416853,2.285,2.2571554
2.432,2.3893921,2.276,2.213741
2.462,2.44566,2.264,2.2771034
2.398,2.3026664,2.275,2.1436367
2.424,2.3824751,2.195,2.214191
2.447,2.3982136,2.238,2.2332895
2.513,2.398299,2.266,2.2236464
2.489,2.3983877,2.294,2.2495494
2.504,2.4180126,2.377,2.2702978
2.529,2.491726,2.378,2.3324513
2.488,2.5243514,2.39,2.3634677
2.556,2.4047766,2.33,2.248822
2.609,2.4308739,2.429,2.2686765
2.593,2.5678914,2.417,2.4084585
2.639,2.5846088,2.438,2.413443
2.583,2.5899532,2.426,2.4178813
2.601,2.4817135,2.436,2.3105226
2.624,2.5243154,2.415,2.3493323
2.614,2.5627596,2.451,2.3831918
2.666,2.5997152,2.458,2.419152
2.548,2.5459898,2.383,2.3761969
2.517,2.494016,2.406,2.332543
2.64,2.5717022,2.42,2.4120698
2.65,2.5807872,2.453,2.3966215
2.632,2.5594687,2.433,2.3913095
2.615,2.5562265,2.441,2.3838356
2.64,2.5617716,2.436,2.3823457
2.634,2.609057,2.468,2.4337177
2.659,2.6746974,2.479,2.4954426
2.633,2.5776854,2.454,2.4151733
2.666,2.6079216,2.504,2.4422374
2.663,2.7073677,2.508,2.5295846
2.741,2.6991663,2.545,2.506107
2.697,2.6140118,2.542,2.4328582
2.716,2.6212666,2.553,2.4381707
2.71,2.6902463,2.487,2.500739
2.62,2.6689122,2.469,2.490071
2.691,2.5837715,2.484,2.3940008
2.718,2.597957,2.533,2.4141548
2.783,2.690719,2.572,2.5084426
2.822,2.7196434,2.646,2.535489
2.838,2.74207,2.676,2.5436544
2.886,2.7579572,2.706,2.5671606
2.945,2.808486,2.747,2.6051517
3.039,2.9285886,2.808,2.6964025
3.082,2.9332511,2.863,2.7212272
3.042,2.9235847,2.783,2.704449
3.077,2.9527209,2.855,2.7336705
3.054,2.9801445,2.845,2.7674556
3.046,2.9563715,2.77,2.7404299
3.042,2.9617276,2.885,2.7427304
3.041,2.9945168,2.825,2.7839053
3.016,2.958828,2.864,2.7467947
3.036,2.979125,2.82,2.7672637
3.043,2.9748628,2.827,2.7532685
3.036,2.993235,2.791,2.7702024
3.0,2.9542756,2.798,2.7517993
2.96,2.901046,2.789,2.6978536
2.971,2.9147682,2.738,2.681979
2.898,2.8851538,2.745,2.685049
2.857,2.8469064,2.719,2.6397097
2.874,2.8075655,2.629,2.6155806
2.861,2.8006904,2.663,2.608171
2.822,2.7597153,2.63,2.5657291
2.785,2.6804624,2.57,2.501993
2.735,2.6776216,2.554,2.503606
2.704,2.7071798,2.537,2.5342515
2.658,2.6318169,2.5,2.4404318
2.651,2.5423167,2.504,2.3846564
2.601,2.6034753,2.435,2.4389503
2.6,2.5745783,2.414,2.4119549
2.565,2.5395532,2.368,2.379456
2.526,2.4920816,2.363,2.336332
2.497,2.4621847,2.303,2.3094645
2.51,2.4187117,2.323,2.2565556
2.438,2.5254285,2.268,2.3661115
2.425,2.4060156,2.257,2.2474165
2.371,2.3755682,2.234,2.2233288
2.404,2.3629553,2.236,2.2069669
2.384,2.3980358,2.211,2.2395687
2.348,2.324885,2.153,2.1656857
2.308,2.2596304,2.173,2.1141808
2.274,2.2731116,2.099,2.1236877
2.243,2.246788,2.097,2.0966809
2.218,2.2272563,2.094,2.0798316
2.286,2.1168382,2.075,1.961137
2.241,2.212532,2.126,2.0587034
2.27,2.2185915,2.074,2.0661922
2.273,2.2091472,2.1,2.048013
2.238,2.2377493,2.094,2.0737731
2.262,2.1770804,2.107,2.0200267
2.197,2.2560961,2.054,2.1067607
2.166,2.130139,2.055,1.9713514
2.166,2.0852067,2.04,1.9230039
2.231,2.0830257,2.079,1.9353887
2.247,2.2148807,2.118,2.0557346
2.312,2.2852054,2.189,2.1291738
2.409,2.2593105,2.241,2.0935788
2.365,2.3307078,2.235,2.1738045
2.379,2.2803423,2.24,2.112709
2.341,2.4438088,2.169,2.2908998
2.372,2.324037,2.203,2.166545
2.405,2.3593519,2.295,2.2022758
2.388,2.4753225,2.201,2.317742
2.359,2.4229305,2.232,2.2635238
2.433,2.3600676,2.275,2.1982539
2.443,2.38953,2.287,2.234104
2.486,2.3998353,2.277,2.2357411
2.486,2.3775132,2.333,2.2087903
2.427,2.5138738,2.311,2.3559358
2.478,2.33578,2.299,2.1654122
2.512,2.479874,2.351,2.315283
2.557,2.5372927,2.369,2.3729439
2.52,2.5742784,2.358,2.4095068
2.485,2.5366077,2.325,2.3789616
2.474,2.4225762,2.309,2.2541833
2.476,2.3989336,2.308,2.238383
2.533,2.4761488,2.337,2.3129604
2.549,2.4871829,2.363,2.3259723
2.601,2.4493601,2.422,2.2845476
2.562,2.4886272,2.338,2.3260367
2.57,2.434695,2.358,2.2632287
2.479,2.5037954,2.344,2.339076
2.433,2.4331837,2.313,2.2776792
2.472,2.4423125,2.367,2.2792194
2.521,2.4372559,2.317,2.2762973
2.571,2.4708211,2.307,2.3055077
2.585,2.5786123,2.348,2.414211
2.653,2.4814432,2.474,2.296129
2.648,2.5473173,2.469,2.3767896
2.589,2.610606,2.44,2.4405622
2.593,2.616894,2.436,2.4522007
2.581,2.5831735,2.364,2.424215
2.599,2.5056298,2.455,2.3441005
2.6,2.5143034,2.419,2.3467155
2.578,2.5437045,2.418,2.3787208
2.638,2.5564096,2.45,2.3927786
2.62,2.5256364,2.437,2.3430092
2.617,2.5528302,2.391,2.3745403
2.66,2.4931724,2.446,2.3075247
2.649,2.609916,2.509,2.4331691
2.669,2.6221588,2.477,2.4325507
2.616,2.5759714,2.45,2.3972776
2.601,2.4968855,2.444,2.316103
2.668,2.5913658,2.503,2.4136515
2.675,2.6024013,2.491,2.420561
2.66,2.5744166,2.486,2.3949385
2.714,2.6295907,2.549,2.4596648
2.748,2.6598406,2.539,2.4812849
2.69,2.7049632,2.523,2.5337017
2.748,2.5248976,2.558,2.3485687
2.722,2.6478887,2.581,2.4691424
2.777,2.6436152,2.59,2.4555106
2.819,2.7383845,2.63,2.5409358
2.778,2.7722316,2.571,2.5810049
2.829,2.6656275,2.613,2.4839725
2.889,2.762638,2.661,2.5785685
2.846,2.7733335,2.634,2.5720687
2.843,2.786466,2.668,2.5831428
2.853,2.8014967,2.69,2.619443
2.873,2.817616,2.664,2.6404443
2.856,2.7837758,2.65,2.5972831
2.915,2.7701862,2.707,2.579878
2.858,2.8162587,2.685,2.6319115
2.894,2.7878032,2.695,2.6030042
2.956,2.8421698,2.755,2.6534612
2.959,2.920026,2.78,2.7218056
2.947,2.9358547,2.731,2.7310143
2.922,2.8593388,2.718,2.6756592
2.89,2.8337538,2.643,2.640723
2.901,2.813281,2.658,2.6191714
2.848,2.830014,2.636,2.6467388
2.865,2.7817385,2.657,2.6019435
2.778,2.7680438,2.6,2.5885057
2.779,2.7398374,2.572,2.5620747
2.762,2.7225857,2.58,2.5486963
2.777,2.6276612,2.54,2.429785
2.755,2.7503486,2.581,2.574251
2.678,2.755312,2.519,2.5813785
2.704,2.6723583,2.536,2.502858
2.803,2.71845,2.563,2.5443
2.785,2.6828868,2.59,2.505078
2.724,2.7322958,2.548,2.5595398
2.7,2.6813333,2.557,2.511241
2.748,2.7192533,2.567,2.5460153
2.818,2.6375415,2.607,2.4584467
2.846,2.7359772,2.691,2.5543885
2.868,2.839782,2.641,2.6602464
2.887,2.8383062,2.659,2.6559503
2.89,2.7245812,2.707,2.5299747
2.923,2.8038745,2.721,2.609734
2.903,2.8003523,2.676,2.601347
2.872,2.8352225,2.637,2.6351914
2.812,2.80543,2.638,2.5949714
2.778,2.7301729,2.593,2.547835
2.792,2.689493,2.638,2.5057697
2.794,2.758307,2.598,2.5746553
2.756,2.741806,2.622,2.5510101
2.79,2.7258723,2.634,2.542992
2.753,2.7600424,2.557,2.5730584
2.79,2.6902077,2.57,2.514002
2.811,2.728657,2.622,2.5459774
2.805,2.716831,2.621,2.4934623
2.857,2.7066147,2.677,2.5160534
2.813,2.7976644,2.612,2.6078494
2.858,2.7711966,2.656,2.5800836
2.866,2.8115473,2.646,2.607647
2.806,2.7686372,2.608,2.5841265
2.786,2.74277,2.62,2.567699
2.847,2.768015,2.611,2.5869148
2.787,2.7712195,2.618,2.5813978
2.813,2.73163,2.633,2.5475833
2.772,2.7521453,2.572,2.5793467
2.754,2.7302816,2.554,2.559222
2.713,2.625814,2.526,2.4415312
2.648,2.5929596,2.466,2.4136655
2.687,2.6530168,2.488,2.4756544
2.701,2.6735747,2.566,2.4982002
2.722,2.6836069,2.555,2.5035667
2.702,2.6949875,2.511,2.5161495
2.723,2.6396658,2.523,2.4643877
2.771,2.6801832,2.572,2.5070236
2.768,2.723065,2.579,2.5517168
2.807,2.7064552,2.599,2.522547
2.743,2.7010484,2.567,2.5224936
2.762,2.6971138,2.547,2.5209277
2.786,2.652094,2.586,2.474615
2.719,2.6980684,2.566,2.5195353
2.723,2.625879,2.56,2.442422
2.735,2.6672192,2.584,2.4857607
2.709,2.7742376,2.492,2.6003704
2.799,2.6785553,2.597,2.5003543
2.829,2.7428272,2.579,2.5538797
2.796,2.7655823,2.589,2.5848615
2.818,2.7907372,2.604,2.6105037
2.827,2.7634594,2.597,2.5834718
2.789,2.7890751,2.57,2.6145277
2.765,2.7374213,2.594,2.5569034
2.767,2.7301028,2.596,2.5548906
2.756,2.7144854,2.607,2.541376
2.741,2.7304065,2.538,2.5552447
2.763,2.6048892,2.555,2.4092035
2.779,2.6032484,2.557,2.4112546
2.82,2.690705,2.617,2.5065646
2.81,2.7300684,2.616,2.535964
2.82,2.7296932,2.643,2.5316756
2.804,2.6984012,2.583,2.4996161
2.807,2.6757858,2.597,2.488031
2.808,2.7085445,2.623,2.5205734
2.804,2.7253585,2.609,2.532401
2.913,2.7495358,2.698,2.5527625
3.027,2.8494322,2.858,2.6463115
3.094,2.9781663,2.834,2.7737646
3.03,2.9692183,2.808,2.7423084
3.048,2.9399402,2.845,2.7261384
3.046,2.9864252,2.803,2.7693512
1.581,2.164459,1.501,2.0642738
1.579,1.4498943,1.476,1.3314636
1.631,1.4641747,1.5,1.3357781
1.675,1.5305367,1.582,1.3940363
1.655,1.5983416,1.569,1.4817085
1.625,1.6174264,1.536,1.504922
1.713,1.5449727,1.6,1.4103268
1.726,1.644953,1.605,1.524883
1.687,1.6869771,1.633,1.5713764
1.586,1.6272261,1.468,1.5081196
1.481,1.5629095,1.375,1.4611026
1.429,1.4209021,1.351,1.29173
1.387,1.4294668,1.326,1.3020338
1.351,1.3254117,1.281,1.213951
1.298,1.2862492,1.237,1.1785719
1.239,1.2914053,1.134,1.1831391
1.175,1.2452871,1.106,1.1391977
1.199,1.1883677,1.115,1.0854713
1.219,1.2074679,1.11,1.1002742
1.245,1.2142521,1.15,1.1055914
1.279,1.2779907,1.187,1.1680673
1.303,1.3476583,1.199,1.2440989
1.351,1.3601128,1.247,1.2529333
1.385,1.3510821,1.283,1.2387694
1.432,1.4192212,1.32,1.3117054
1.454,1.4026773,1.354,1.2782041
1.512,1.4235564,1.375,1.3030246
1.544,1.4646013,1.378,1.3499328
1.558,1.4791754,1.421,1.3598572
1.58,1.5030173,1.458,1.380562
1.561,1.568563,1.491,1.4419749
1.675,1.5822915,1.524,1.4505486
1.732,1.6366309,1.594,1.5215815
1.736,1.69481,1.631,1.5757424
1.768,1.7687811,1.681,1.6313487
1.777,1.753109,1.652,1.62863
1.815,1.7529433,1.718,1.6338702
1.895,1.8350309,1.734,1.7081006
1.885,1.8278176,1.768,1.7068086
1.924,1.9057928,1.785,1.7661028
1.932,1.9340781,1.854,1.7967725
1.982,1.9253317,1.886,1.7958797
2.005,1.9914699,1.894,1.8623667
2.039,2.0066142,1.917,1.8630648
2.094,2.029755,1.954,1.8962388
2.109,2.1155539,1.983,1.96284
2.149,2.1284378,2.055,1.986909
2.188,2.2012837,2.032,2.0574682
2.237,2.1510313,2.101,1.9947264
2.278,2.1759913,2.153,2.0371897
2.356,2.271014,2.192,2.127867
2.456,2.3676353,2.221,2.199755
2.404,2.304495,2.3,2.1428392
2.436,2.3383517,2.282,2.176475
2.455,2.4504554,2.317,2.2784061
2.437,2.4596777,2.27,2.2728145
2.402,2.3339453,2.266,2.177453
2.42,2.2918913,2.253,2.1328757
2.416,2.410908,2.22,2.2491367
2.431,2.4474275,2.267,2.2770717
2.463,2.3262298,2.325,2.163642
2.418,2.35447,2.241,2.1900377
2.424,2.4203317,2.283,2.2531636
2.441,2.508695,2.257,2.3356667
2.394,2.4844458,2.239,2.3037422
2.46,2.3069932,2.263,2.1565957
2.47,2.4202826,2.319,2.2591283
2.47,2.3621051,2.349,2.193809
2.489,2.502247,2.3,2.3298554
2.497,2.37733,2.311,2.2125065
2.504,2.349189,2.264,2.1859705
2.547,2.3823829,2.406,2.212657
2.548,2.5893614,2.359,2.4171999
2.538,2.5210478,2.355,2.3337882
2.511,2.443986,2.333,2.2832055
2.507,2.4321792,2.321,2.2628992
2.52,2.5102181,2.371,2.3420472
2.513,2.5272806,2.384,2.3377795
2.565,2.4029272,2.398,2.2424715
2.612,2.488452,2.406,2.3270504
2.604,2.5657647,2.422,2.39932
2.633,2.5650842,2.403,2.3935711
2.627,2.4848936,2.451,2.3242085
2.653,2.5267665,2.499,2.370151
2.68,2.5751207,2.502,2.39448
2.751,2.6577344,2.486,2.4773257
2.663,2.640302,2.471,2.447263
2.681,2.5430255,2.511,2.3825846
2.714,2.6173158,2.512,2.4472117
2.715,2.6749012,2.544,2.498557
2.709,2.6891022,2.542,2.5055106
2.699,2.611397,2.472,2.439429
2.671,2.6479156,2.487,2.4774666
2.718,2.6788194,2.521,2.5126615
2.728,2.7294686,2.553,2.5549865
2.731,2.6126478,2.567,2.4415035
2.724,2.6665084,2.562,2.4987543
2.709,2.7256436,2.511,2.561414
2.73,2.725266,2.536,2.5543573
2.701,2.7254725,2.566,2.5393782
2.728,2.6553757,2.531,2.4874508
2.763,2.6725447,2.579,2.50098
2.785,2.773434,2.568,2.5948124
2.828,2.7744625,2.608,2.5766191
2.793,2.767044,2.629,2.5688016
2.803,2.7654,2.598,2.5726538
2.8,2.6940012,2.623,2.4831183
2.77,2.7215447,2.548,2.5336814
2.761,2.6757448,2.587,2.4866807
2.813,2.6911173,2.602,2.5096927
2.887,2.747197,2.677,2.5456984
2.897,2.8274093,2.762,2.6155572
2.982,2.8252754,2.737,2.6226363
2.946,2.8618975,2.734,2.670947
3.055,2.8847175,2.835,2.6914299
3.152,2.9935899,2.928,2.7814057
3.177,3.0544832,2.914,2.8409357
3.121,3.0533946,2.935,2.8334715
3.129,3.0405734,2.991,2.8028314
3.142,3.0812016,2.964,2.8617058
3.173,3.046371,2.943,2.8270702
3.125,3.0302167,2.954,2.8132498
3.132,3.0134451,2.963,2.799587
3.151,3.072162,2.925,2.8599603
3.162,3.0446398,2.975,2.8277643
3.161,3.1128337,2.945,2.884848
3.144,3.0129073,2.86,2.7981443
3.084,3.0545156,2.897,2.8364491
3.069,3.0479743,2.87,2.836056
3.071,2.9561136,2.877,2.7510862
3.025,2.9535787,2.867,2.7450216
2.959,2.9349823,2.787,2.735111
2.986,2.9401848,2.751,2.7375956
2.984,2.9567094,2.734,2.753333
2.918,2.815657,2.719,2.6279962
2.885,2.784605,2.648,2.5996642
2.849,2.7784479,2.666,2.600325
2.855,2.7859464,2.626,2.6102092
2.751,2.747237,2.612,2.5511134
2.761,2.636429,2.542,2.4734015
2.713,2.6153345,2.534,2.4404027
2.702,2.6082973,2.495,2.4389412
2.672,2.57636,2.476,2.3962982
2.583,2.5926561,2.469,2.425731
2.588,2.5886154,2.425,2.4319992
2.574,2.616903,2.435,2.4562018
2.53,2.6022675,2.362,2.442154
2.489,2.4776251,2.341,2.3146598
2.448,2.4532843,2.342,2.2993193
2.502,2.4379056,2.341,2.2859993
2.477,2.4973862,2.286,2.3415105
2.389,2.4005878,2.23,2.244526
2.386,2.3135865,2.259,2.1651201
2.333,2.3677359,2.218,2.212189
2.316,2.2891817,2.22,2.1362715
2.346,2.3301022,2.161,2.17739
2.293,2.2458236,2.171,2.0931494
2.347,2.2110085,2.171,2.0575006
2.297,2.3146062,2.17,2.1624055
2.317,2.2701805,2.191,2.1013412
2.342,2.272535,2.191,2.110657
2.297,2.3380435,2.187,2.187604
2.266,2.3103244,2.117,2.1558158
2.234,2.2525432,2.116,2.1051981
2.297,2.1761715,2.15,2.0163288
2.33,2.2584538,2.169,2.1053362
2.344,2.3311863,2.172,2.17555
2.344,2.387025,2.234,2.2264862
2.459,2.356996,2.326,2.1905606
2.49,2.441087,2.282,2.271024
2.464,2.5293791,2.287,2.3732514
2.411,2.4946086,2.246,2.3369043
2.445,2.3760073,2.285,2.2179255
2.504,2.3558152,2.357,2.194501
2.47,2.5347033,2.306,2.3774936
2.491,2.3787856,2.356,2.2071626
2.53,2.5016186,2.386,2.3412554
2.526,2.4693956,2.366,2.3079646
2.551,2.4865813,2.414,2.3194523
2.548,2.4660964,2.431,2.2953331
2.549,2.5023901,2.375,2.3348973
2.557,2.500613,2.365,2.3285165
2.644,2.5559723,2.453,2.3922286
2.627,2.6308236,2.486,2.4666097
2.653,2.6600876,2.427,2.4969413
2.611,2.5882564,2.381,2.421049
2.54,2.484391,2.364,2.3067467
2.582,2.5311332,2.371,2.3646164
2.611,2.552557,2.45,2.3864112
2.673,2.5814812,2.47,2.4150467
2.663,2.618756,2.508,2.460584
2.647,2.560327,2.45,2.3958755
2.62,2.5700047,2.426,2.4022057
2.605,2.4939325,2.427,2.324961
2.585,2.5170636,2.349,2.355835
2.583,2.4664917,2.391,2.3036194
2.616,2.5685804,2.429,2.3957367
2.651,2.5274704,2.487,2.357112
2.665,2.6006846,2.439,2.430368
2.77,2.645457,2.556,2.4741197
2.741,2.7333567,2.566,2.5642858
2.673,2.6965373,2.539,2.525061
2.681,2.6233594,2.525,2.4556603
2.656,2.6124172,2.479,2.442897
2.716,2.5272434,2.529,2.360147
2.738,2.6328266,2.535,2.4683566
2.718,2.6525793,2.52,2.4862916
2.693,2.6150408,2.501,2.4400198
2.757,2.6268313,2.568,2.4471962
2.722,2.681896,2.561,2.5072484
2.773,2.6345115,2.568,2.4472158
2.784,2.6714203,2.569,2.491725
2.766,2.7067657,2.563,2.5214365
2.704,2.6400769,2.512,2.459203
2.689,2.650583,2.503,2.483077
2.755,2.663806,2.542,2.4930587
2.715,2.6584017,2.554,2.485634
2.736,2.674616,2.562,2.5018342
2.823,2.645372,2.639,2.4636507
2.834,2.7818353,2.634,2.600518
2.825,2.7681854,2.648,2.585003
2.825,2.7244165,2.669,2.537778
2.864,2.7412086,2.652,2.5648665
2.9,2.7681458,2.693,2.5854318
2.935,2.8088706,2.736,2.6226
2.866,2.838163,2.708,2.6459563
2.935,2.8080156,2.745,2.6287303
2.968,2.8416574,2.806,2.6559856
2.866,2.9184082,2.759,2.7237868
2.917,2.8322463,2.761,2.6476536
2.941,2.8294253,2.772,2.6492677
2.966,2.8699791,2.763,2.687919
2.917,2.901818,2.778,2.7182102
3.036,2.849302,2.844,2.6608312
3.005,2.9019246,2.782,2.712243
3.035,2.8845844,2.854,2.6907806
3.058,2.972318,2.825,2.776805
3.056,2.9885576,2.852,2.772019
3.053,3.0123935,2.854,2.7955158
2.985,2.9477198,2.831,2.7635348
3.008,2.9216518,2.792,2.7411075
2.948,2.9335816,2.815,2.7518075
2.929,2.9237032,2.769,2.7385588
2.93,2.8593285,2.741,2.6803694
2.914,2.8626654,2.726,2.6849189
2.867,2.860049,2.647,2.6852636
2.849,2.7956164,2.683,2.6236777
2.836,2.7807243,2.686,2.5946193
2.841,2.793031,2.685,2.6150405
2.794,2.8349097,2.61,2.6613848
2.816,2.7935717,2.636,2.625083
2.846,2.8124366,2.662,2.63409
2.83,2.7593596,2.626,2.5778112
2.883,2.805471,2.673,2.6300244
2.791,2.8182476,2.576,2.6414585
2.892,2.767418,2.716,2.5929637
2.92,2.8401272,2.718,2.6626463
2.934,2.8781044,2.709,2.70221
2.996,2.8964193,2.762,2.7067614
2.963,2.94947,2.748,2.7604
2.964,2.821471,2.799,2.6266193
2.986,2.8685133,2.815,2.6693802
2.958,2.904474,2.748,2.7032049
2.944,2.8723357,2.771,2.6714377
2.897,2.8610823,2.696,2.6591406
2.89,2.77269,2.669,2.577343
2.936,2.7734072,2.741,2.5833046
2.941,2.8294356,2.713,2.6457853
2.897,2.8295262,2.731,2.6406357
2.864,2.8198717,2.742,2.6298223
2.87,2.797315,2.679,2.618595
2.832,2.7866862,2.673,2.6032956
2.917,2.7721875,2.719,2.5922556
2.889,2.839342,2.69,2.624692
2.941,2.7948546,2.758,2.6025636
2.912,2.8692145,2.729,2.6751802
2.963,2.8510907,2.745,2.6570907
2.95,2.8861856,2.734,2.6840742
2.88,2.8328192,2.709,2.6528714
2.869,2.834048,2.648,2.648389
2.929,2.8170147,2.745,2.6296797
2.917,2.8606858,2.729,2.6694217
2.884,2.779564,2.722,2.5937557
2.826,2.7633622,2.663,2.5795884
2.834,2.791029,2.654,2.6194596
2.764,2.7666066,2.631,2.5876079
2.786,2.702792,2.568,2.5245914
2.802,2.6959918,2.613,2.515841
2.826,2.7660062,2.618,2.5875905
2.806,2.7922637,2.572,2.6164167
2.804,2.7136257,2.57,2.5342224
2.766,2.730995,2.598,2.5513341
2.883,2.717928,2.633,2.5426927
2.847,2.808117,2.646,2.6322017
2.906,2.8001711,2.675,2.6206586
2.86,2.805602,2.704,2.619363
2.885,2.801179,2.651,2.622251
2.835,2.82408,2.658,2.6474257
2.834,2.7764857,2.676,2.5990558
2.835,2.7512558,2.605,2.5719419
2.835,2.8304057,2.645,2.650224
2.78,2.7973907,2.612,2.6215715
2.884,2.76476,2.672,2.585918
2.935,2.8317978,2.7,2.6465685
2.861,2.8338137,2.66,2.6457427
2.864,2.785336,2.723,2.603919
2.908,2.8736544,2.665,2.6970232
2.841,2.8328135,2.671,2.6464465
2.876,2.7588253,2.691,2.5826216
2.903,2.7996871,2.714,2.6221883
2.881,2.8359933,2.652,2.6580439
2.895,2.8007076,2.658,2.613472
2.853,2.7355835,2.629,2.5557818
2.862,2.6974614,2.653,2.5057995
2.886,2.7339666,2.668,2.5375044
2.901,2.7826314,2.707,2.5838046
2.904,2.825535,2.732,2.6256387
2.91,2.7898283,2.682,2.588801
2.888,2.7961571,2.725,2.5954902
2.886,2.7948973,2.739,2.6028156
2.884,2.8067539,2.696,2.6120014
3.046,2.8220146,2.806,2.6212933
3.14,2.9431741,2.953,2.7356007
3.171,3.0468843,2.909,2.8338478
3.142,3.03392,2.901,2.8192537
3.138,3.017916,2.924,2.8035123
3.151,3.0617619,2.973,2.8441632
1.407,2.7680142,1.344,2.6069982
1.447,1.4256498,1.334,1.3175962
1.451,1.3931211,1.362,1.2734537
1.48,1.3936775,1.398,1.2564718
1.496,1.4034935,1.364,1.2786517
1.507,1.3715763,1.409,1.2542825
1.52,1.5344414,1.454,1.4243308
1.572,1.4659483,1.471,1.333012
1.521,1.4957732,1.413,1.3742275
1.476,1.5194043,1.329,1.4106104
1.36,1.4513615,1.213,1.3451034
1.313,1.2737252,1.197,1.1512175
1.233,1.2571781,1.168,1.1415249
1.217,1.222249,1.121,1.1179947
1.178,1.2102612,1.1,1.1068032
1.113,1.1500115,1.025,1.0471191
1.03,1.1115004,0.961,1.0085503
1.066,1.1609172,0.964,1.0831921
1.123,1.1349126,0.995,1.0367888
1.111,1.1225109,1.03,1.0157481
1.161,1.1967549,1.044,1.0980725
1.18,1.2060245,1.083,1.1032609
1.2,1.2444392,1.101,1.1363213
1.248,1.2148038,1.166,1.1002227
1.277,1.2598351,1.19,1.1429831
1.34,1.2704536,1.193,1.1485174
1.359,1.2953951,1.241,1.1853969
1.367,1.3237953,1.235,1.2062625
1.401,1.3101579,1.286,1.1921098
1.415,1.3922701,1.334,1.2676553
1.432,1.4403487,1.284,1.3223348
1.511,1.3801435,1.402,1.256726
1.523,1.4830712,1.413,1.3623998
1.577,1.5682052,1.477,1.4315631
1.584,1.5786275,1.478,1.4636831
1.608,1.577763,1.475,1.459634
1.661,1.5911778,1.515,1.4760045
1.699,1.6207819,1.54,1.5060527
1.736,1.6773752,1.595,1.5619373
1.748,1.7571943,1.591,1.6128069
1.744,1.7440267,1.6,1.611418
1.828,1.7608601,1.653,1.6178788
1.834,1.8472036,1.656,1.6984513
1.864,1.8474922,1.693,1.7042178
1.882,1.8745457,1.717,1.7320592
1.919,1.8304105,1.783,1.70264
1.972,1.8959936,1.791,1.7672112
1.988,1.995973,1.8,1.8347815
1.995,1.9148873,1.882,1.7797225
2.08,1.96006,1.923,1.8274608
2.143,2.0781093,1.924,1.9172227
2.151,2.1472247,2.023,1.9604572
2.178,2.1018593,2.015,1.9415457
2.211,2.1719806,2.005,2.0117385
2.246,2.1713965,2.062,2.016876
2.2,2.1903028,2.029,2.0206528
2.177,2.0759308,2.066,1.9116406
2.132,2.2369015,2.024,2.0778866
2.167,2.0955334,1.986,1.9454293
2.219,2.1608627,2.066,1.9923929
2.235,2.200086,2.056,2.0393205
2.181,2.186869,1.989,2.0298035
2.177,2.1471043,2.031,1.9672028
2.176,2.179109,2.042,2.0027108
2.146,2.23667,2.029,2.074599
2.212,2.1614404,2.026,2.0105646
2.205,2.1401904,2.036,1.977358
2.255,2.120752,2.08,1.9685366
2.214,2.1808045,2.096,2.0160358
2.197,2.161956,2.062,2.0073004
2.27,2.1493955,2.067,1.9848984
2.301,2.2326806,2.08,2.0793488
2.302,2.276442,2.136,2.1151025
2.295,2.3419926,2.138,2.176122
2.251,2.1805272,2.075,2.0309393
2.239,2.143433,2.045,1.9932137
2.284,2.157707,2.099,1.9986008
2.33,2.2469113,2.147,2.0646086
2.334,2.214458,2.135,2.0635862
2.326,2.275213,2.185,2.1285908
2.37,2.265859,2.161,2.1098256
2.358,2.3107812,2.176,2.147035
2.381,2.2426918,2.184,2.0797107
2.375,2.3090763,2.2,2.1532993
2.4,2.3341184,2.208,2.180489
2.465,2.3918521,2.268,2.2197177
2.412,2.4521704,2.228,2.2757556
2.401,2.3159485,2.261,2.1597812
2.415,2.3563116,2.258,2.2013023
2.493,2.3982024,2.24,2.2359266
2.424,2.432604,2.247,2.2520247
2.425,2.371446,2.195,2.2103531
2.378,2.3676493,2.259,2.2138264
2.427,2.3480914,2.228,2.1829789
2.484,2.4292786,2.271,2.251963
2.444,2.3771672,2.289,2.2079391
2.43,2.4010916,2.258,2.2454615
2.462,2.3795812,2.217,2.2133255
2.475,2.450374,2.279,2.2831504
2.476,2.5357997,2.278,2.3601503
2.481,2.3828304,2.298,2.2114275
2.492,2.4604924,2.294,2.2950492
2.518,2.519581,2.332,2.3519044
2.528,2.5386872,2.33,2.3443596
2.512,2.4699922,2.348,2.2908857
2.493,2.487072,2.347,2.304443
2.493,2.4498205,2.332,2.2707527
2.474,2.4359374,2.323,2.2493596
2.503,2.436833,2.303,2.2200878
2.537,2.454914,2.329,2.2788568
2.553,2.4995153,2.368,2.3106437
2.614,2.531859,2.45,2.3282113
2.643,2.5900404,2.459,2.3657691
2.697,2.624157,2.539,2.4373515
2.703,2.7089276,2.537,2.5185943
2.829,2.740755,2.607,2.5325065
2.841,2.76673,2.627,2.554632
2.841,2.809601,2.598,2.5869215
2.853,2.743828,2.642,2.5312295
2.827,2.8362648,2.635,2.614539
2.851,2.8146217,2.621,2.5959425
2.835,2.729229,2.648,2.5153458
2.815,2.7408063,2.626,2.5283966
2.882,2.8109744,2.581,2.5981677
2.827,2.822976,2.651,2.6082191
2.843,2.7764068,2.586,2.5630987
2.818,2.76921,2.582,2.5649188
2.816,2.7646616,2.565,2.5657513
2.825,2.7575345,2.583,2.561321
2.758,2.7470496,2.539,2.5470672
2.731,2.634386,2.533,2.428898
2.664,2.6900597,2.485,2.5030682
2.677,2.615566,2.458,2.4243963
2.686,2.6514611,2.469,2.4527414
2.633,2.5295851,2.461,2.3492868
2.627,2.5841253,2.404,2.4123693
2.575,2.5077682,2.398,2.3336935
2.525,2.479039,2.321,2.2950306
2.505,2.4644551,2.309,2.2777152
2.499,2.404814,2.305,2.2484598
2.464,2.4002724,2.25,2.2456124
2.406,2.3973682,2.208,2.2373796
2.368,2.319501,2.182,2.1540377
2.354,2.2912235,2.198,2.140113
2.324,2.3052735,2.115,2.1491818
2.304,2.2502134,2.162,2.0995874
2.278,2.2637546,2.092,2.100367
2.251,2.2574236,2.066,2.1019135
2.235,2.154812,2.032,2.009897
2.245,2.1524034,2.04,1.9981879
2.207,2.1666362,2.035,2.0171518
2.154,2.181831,1.976,2.026177
2.16,2.1263165,2.011,1.9711956
2.141,2.1156478,1.986,1.9720817
2.122,2.1011329,1.926,1.9511887
2.126,2.0579617,1.93,1.917175
2.072,2.04272,1.938,1.8832314
2.088,2.0481868,1.923,1.8909502
2.055,2.0172317,1.921,1.8688152
2.126,1.9911662,1.935,1.8358108
2.094,2.0714808,1.969,1.9124494
2.049,2.082666,1.952,1.9295238
2.058,2.0522184,1.891,1.9062389
2.003,1.9846636,1.897,1.8390368
2.043,1.9225438,1.879,1.7720306
2.067,2.0399876,1.946,1.8866007
2.117,2.0087047,1.928,1.8623301
2.182,2.0643215,2.017,1.9157798
2.257,2.1261692,2.063,1.9615862
2.23,2.1677644,2.077,2.0070393
2.208,2.185706,2.043,2.028423
2.161,2.1712797,2.016,2.0083668
2.199,2.1141732,2.056,1.9576863
2.245,2.1781862,2.092,2.021145
2.21,2.213052,2.056,2.0519886
2.264,2.2010033,2.079,2.0397344
2.308,2.2248266,2.076,2.0613146
2.288,2.2879088,2.129,2.1296072
2.321,2.2959323,2.137,2.131475
2.322,2.3163188,2.113,2.1527371
2.289,2.2922843,2.098,2.1318204
2.312,2.2471285,2.173,2.0905719
2.382,2.2554986,2.177,2.0888064
2.365,2.2788734,2.183,2.118665
2.335,2.42524,2.199,2.2656364
2.316,2.27987,2.155,2.1117253
2.279,2.2570808,2.129,2.095193
2.313,2.2177377,2.154,2.0565164
2.338,2.3369052,2.182,2.1773183
2.406,2.2382066,2.186,2.0715196
2.396,2.3221185,2.183,2.1666992
2.371,2.2869718,2.195,2.127745
2.405,2.314791,2.193,2.1543634
2.332,2.369003,2.185,2.209514
2.319,2.2727711,2.11,2.113326
2.375,2.2569165,2.162,2.0934405
2.316,2.3099225,2.17,2.1426423
2.345,2.2878478,2.184,2.1272922
2.384,2.343316,2.208,2.1824596
2.496,2.396622,2.252,2.2295604
2.432,2.3694098,2.3,2.208627
2.416,2.4769006,2.219,2.3133056
2.463,2.3843875,2.238,2.2203386
2.424,2.3867836,2.219,2.2183676
2.449,2.3118827,2.23,2.1473575
2.441,2.3493273,2.297,2.19326
2.429,2.4103715,2.252,2.2445407
2.453,2.3847911,2.233,2.2127392
2.44,2.41231,2.276,2.2344897
2.449,2.4234772,2.266,2.2508519
2.481,2.372214,2.314,2.1946914
2.504,2.456538,2.295,2.2766173
2.468,2.4948437,2.303,2.3163762
2.455,2.353109,2.281,2.1798263
2.431,2.3897374,2.229,2.2152855
2.461,2.3258817,2.303,2.1548111
2.461,2.3533037,2.301,2.1561353
2.475,2.46301,2.288,2.292369
2.512,2.4309785,2.363,2.2583404
2.528,2.5058353,2.371,2.3381362
2.565,2.4690187,2.336,2.2843041
2.535,2.543288,2.368,2.3619654
2.579,2.4404123,2.338,2.2574568
2.588,2.5090997,2.387,2.336875
2.604,2.539531,2.441,2.3558304
2.61,2.5748208,2.366,2.3853514
2.64,2.5760992,2.417,2.398765
2.627,2.5753965,2.444,2.3943348
2.668,2.574821,2.419,2.3953226
2.66,2.5773528,2.466,2.3710835
2.643,2.5874135,2.468,2.4131393
2.67,2.5938714,2.45,2.416229
2.626,2.6052392,2.486,2.4302435
2.687,2.6149004,2.525,2.427735
2.699,2.5750487,2.496,2.3893902
2.739,2.630334,2.544,2.4440432
2.74,2.711532,2.563,2.5272543
2.758,2.7293856,2.507,2.5325298
2.774,2.7282274,2.529,2.5188537
2.708,2.7220805,2.525,2.5390604
2.689,2.6558867,2.464,2.478992
2.676,2.6505067,2.489,2.4778802
2.635,2.6119869,2.449,2.41689
2.617,2.5219233,2.466,2.3517058
2.592,2.581033,2.442,2.4078884
2.581,2.5829992,2.4,2.415879
2.585,2.5475664,2.394,2.3842278
2.568,2.5012953,2.373,2.327887
2.537,2.5583766,2.359,2.385868
2.564,2.5085523,2.332,2.3400576
2.541,2.5812497,2.311,2.412976
2.541,2.555903,2.341,2.3836622
2.546,2.455162,2.385,2.28268
2.577,2.497277,2.38,2.3274074
2.525,2.5468817,2.365,2.3788116
2.564,2.5214143,2.399,2.3454535
2.616,2.509111,2.403,2.3403556
2.647,2.609443,2.47,2.4386024
2.683,2.6649716,2.475,2.4895236
2.679,2.667703,2.459,2.483587
2.701,2.5602717,2.492,2.3517063
2.704,2.6396449,2.493,2.4468691
2.696,2.6297529,2.468,2.4419303
2.691,2.6242602,2.463,2.4303331
2.619,2.583651,2.429,2.369192
2.557,2.5733247,2.403,2.3925936
2.633,2.5011637,2.422,2.314749
2.6,2.5485985,2.424,2.3603048
2.606,2.566205,2.431,2.3842738
2.615,2.5848,2.418,2.4001803
2.59,2.5852401,2.383,2.399338
2.554,2.4275439,2.42,2.2393794
2.6,2.4496996,2.411,2.2423475
2.64,2.5483835,2.412,2.3565555
2.645,2.6281607,2.466,2.4448295
2.618,2.5680864,2.431,2.3843477
2.674,2.610348,2.471,2.4218771
2.661,2.6183116,2.489,2.4188776
2.585,2.6372104,2.39,2.454298
2.591,2.5091503,2.382,2.335704
2.606,2.5011747,2.438,2.3214989
2.655,2.580569,2.427,2.398607
2.591,2.5785534,2.378,2.396425
2.563,2.5838356,2.365,2.4099452
2.54,2.528032,2.347,2.3597796
2.514,2.4701135,2.295,2.2999563
2.468,2.407705,2.271,2.2345378
2.519,2.4569771,2.276,2.2830787
2.557,2.546572,2.374,2.3745358
2.508,2.550416,2.329,2.3828502
2.535,2.4398997,2.325,2.2472415
2.516,2.534488,2.312,2.3560398
2.536,2.504984,2.391,2.333209
2.54,2.5178835,2.358,2.3515885
2.607,2.4689243,2.395,2.2765942
2.549,2.5017226,2.396,2.3272831
2.575,2.4948926,2.362,2.329136
2.586,2.521162,2.383,2.3528888
2.581,2.5174944,2.409,2.3506973
2.521,2.4953692,2.331,2.3150027
2.523,2.4984024,2.369,2.3257594
2.557,2.513455,2.341,2.3429465
2.586,2.5592716,2.398,2.387434
2.592,2.5624886,2.406,2.3834703
2.587,2.5808501,2.414,2.4052927
2.584,2.5668337,2.45,2.3891919
2.601,2.608327,2.41,2.4368556
2.56,2.5733123,2.393,2.3948867
2.548,2.5137715,2.408,2.340809
2.606,2.5936973,2.441,2.4184775
2.584,2.6033895,2.411,2.4316175
2.601,2.5692427,2.372,2.3960798
2.55,2.451318,2.367,2.270831
2.594,2.46363,2.402,2.2858024
2.6,2.5052793,2.418,2.3229816
2.619,2.4975424,2.401,2.302833
2.617,2.5277379,2.42,2.3381622
2.578,2.5489547,2.409,2.3626556
2.599,2.506715,2.465,2.3276339
2.636,2.5301945,2.415,2.3392334
2.601,2.5004613,2.421,2.2932198
2.715,2.5501015,2.506,2.3633614
2.865,2.7139504,2.646,2.5168355
2.862,2.8038836,2.615,2.5935369
2.87,2.7966437,2.626,2.585665
2.849,2.7959094,2.613,2.585413
2.839,2.8067348,2.625,2.594215
0.838,2.0327106,0.82,1.9052104
0.821,0.8894027,0.754,0.81190306
0.846,0.8764989,0.773,0.8054596
0.854,0.82072407,0.79,0.75581884
0.85,0.8576945,0.787,0.78308433
0.848,0.9113395,0.763,0.8333332
0.895,0.88143784,0.83,0.8028715
0.88,0.9249347,0.829,0.84464353
0.921,0.87925243,0.83,0.80274683
0.781,0.89523816,0.724,0.81283975
0.772,0.78832316,0.717,0.71972656
0.74,0.7411942,0.693,0.6755637
0.734,0.71112365,0.686,0.6527371
0.695,0.7798374,0.64,0.7181904
0.712,0.7446963,0.639,0.6864628
0.637,0.72298115,0.607,0.663538
0.641,0.6459054,0.55,0.59399563
0.611,0.59974116,0.564,0.5553205
0.658,0.61092466,0.584,0.56579864
0.656,0.62425953,0.618,0.5735899
0.714,0.64635223,0.609,0.59260684
0.672,0.67005605,0.622,0.61791277
0.686,0.64831656,0.692,0.59685385
0.734,0.7070697,0.666,0.6485089
0.74,0.710508,0.689,0.6503277
0.781,0.73680556,0.733,0.67543817
0.793,0.83803886,0.724,0.7713593
0.808,0.8636479,0.751,0.7944245
0.75,0.83505374,0.727,0.7649292
0.816,0.8255037,0.745,0.7585947
0.842,0.86227345,0.783,0.7939258
0.845,0.9153505,0.811,0.840005
0.868,0.9025453,0.828,0.8251134
0.902,0.9100895,0.809,0.833274
0.918,0.90345615,0.841,0.8289069
0.924,0.9469848,0.84,0.86829686
0.986,0.9574684,0.868,0.87284714
0.956,0.9982323,0.878,0.90950733
0.999,0.9761375,0.916,0.89122146
1.006,1.0281521,0.934,0.9454888
0.977,1.0274045,0.951,0.94124705
1.024,0.9925177,0.956,0.90874106
1.063,1.0096853,0.937,0.92625797
1.057,1.0815974,1.009,0.9907321
1.105,1.0776823,0.988,0.98158
1.11,1.1076673,1.023,1.0061879
1.127,1.0912765,1.033,0.99054384
1.15,1.115717,1.031,1.0137932
1.139,1.1715237,1.096,1.059742
1.192,1.1453509,1.067,1.0378878
1.213,1.1680284,1.124,1.0546585
1.23,1.1597147,1.159,1.0526556
1.276,1.206948,1.207,1.1020991
1.23,1.2699454,1.189,1.1623913
1.299,1.2365619,1.134,1.1241467
1.237,1.2448144,1.146,1.1326993
1.292,1.2222816,1.155,1.1180893
1.24,1.280002,1.185,1.180199
1.257,1.2704904,1.14,1.1576645
1.26,1.2610255,1.17,1.1432774
1.282,1.2442746,1.171,1.1448517
1.236,1.2827529,1.131,1.1735567
1.271,1.2030932,1.163,1.1003752
1.289,1.2465727,1.167,1.1422089
1.223,1.2926601,1.182,1.1768295
1.259,1.2386372,1.181,1.1244377
1.275,1.2571368,1.176,1.143121
1.283,1.2603897,1.205,1.1527576
1.302,1.2777456,1.199,1.1579646
1.281,1.2916856,1.196,1.1868199
1.32,1.2912344,1.164,1.179392
1.316,1.274187,1.187,1.1716063
1.354,1.293889,1.183,1.1808304
1.316,1.3230588,1.167,1.1993601
1.3,1.2716116,1.202,1.1667283
1.288,1.3474998,1.175,1.224309
1.237,1.2872403,1.188,1.1727108
1.365,1.2124856,1.226,1.1092087
1.325,1.3482687,1.247,1.2442439
1.369,1.3036289,1.234,1.1976281
1.34,1.3292068,1.241,1.223608
1.355,1.3246864,1.254,1.2070642
1.359,1.3777267,1.28,1.2641665
1.361,1.3443917,1.31,1.2320651
1.387,1.3996276,1.302,1.2721044
1.467,1.3706502,1.304,1.2553972
1.382,1.4434271,1.281,1.3191015
1.405,1.36173,1.282,1.25055
1.399,1.3536434,1.272,1.2442297
1.373,1.3322185,1.288,1.220478
1.432,1.3292973,1.29,1.2123439
1.39,1.47437,1.259,1.3419445
1.401,1.3559984,1.269,1.2398117
1.401,1.4056216,1.264,1.271568
1.382,1.3934388,1.3,1.2565894
1.386,1.4303426,1.296,1.3105263
1.415,1.3893344,1.309,1.2764821
1.431,1.3895351,1.296,1.2777423
1.454,1.455636,1.308,1.3166885
1.404,1.4860498,1.302,1.336081
1.448,1.4070171,1.321,1.2879161
1.436,1.3980314,1.327,1.2784116
1.443,1.4629961,1.335,1.323547
1.463,1.4169782,1.353,1.2844893
1.474,1.4725721,1.348,1.3523642
1.416,1.4516747,1.343,1.3398235
1.435,1.4070445,1.327,1.2925522
1.412,1.415398,1.315,1.2975332
1.459,1.4034351,1.316,1.2792189
1.455,1.4306507,1.316,1.329033
1.502,1.4431819,1.375,1.3406824
1.535,1.5216302,1.404,1.3976009
1.54,1.566971,1.426,1.4405912
1.549,1.5551897,1.413,1.4469293
1.582,1.5846227,1.501,1.4657764
1.603,1.6691202,1.466,1.5354398
1.669,1.6992961,1.49,1.5588311
1.628,1.6970071,1.487,1.5562437
1.61,1.6420194,1.457,1.5042986
1.642,1.6395233,1.5,1.5045334
1.635,1.6749457,1.469,1.5337977
1.658,1.6281245,1.484,1.4996595
1.66,1.6520727,1.514,1.515948
1.608,1.6930655,1.522,1.5522207
1.672,1.6815532,1.492,1.5415324
1.634,1.7014066,1.54,1.5534828
1.622,1.6517618,1.495,1.5251534
1.604,1.6399204,1.478,1.5065076
1.594,1.631957,1.463,1.501411
1.583,1.6205136,1.477,1.4876888
1.582,1.5732298,1.437,1.4411261
1.551,1.5532954,1.408,1.4250793
1.54,1.5373701,1.412,1.4098214
1.563,1.5419325,1.417,1.4143565
1.498,1.550115,1.433,1.4258347
1.474,1.499856,1.385,1.3811802
1.515,1.4961513,1.369,1.3700475
1.476,1.5114409,1.328,1.3866167
1.42,1.5026423,1.338,1.3664593
1.423,1.40654,1.313,1.2978473
1.415,1.3955781,1.297,1.2817658
1.408,1.3812457,1.28,1.2658793
1.392,1.3498722,1.273,1.2385703
1.366,1.3784016,1.22,1.2739435
1.386,1.3116184,1.214,1.2088436
1.341,1.3330306,1.269,1.2191516
1.316,1.3325589,1.229,1.2184238
1.299,1.3880947,1.169,1.2474959
1.284,1.2887865,1.181,1.1828479
1.292,1.2459692,1.127,1.1400785
1.284,1.3183541,1.158,1.1864561
1.23,1.3434297,1.174,1.2030687
1.262,1.2600445,1.149,1.1506063
1.205,1.2846435,1.12,1.1595206
1.206,1.1758059,1.118,1.0664812
1.208,1.1770946,1.117,1.0672503
1.217,1.2114041,1.12,1.0983816
1.242,1.2016135,1.087,1.0957094
1.2,1.211709,1.1,1.0930963
1.2,1.1674001,1.121,1.0540612
1.201,1.1587131,1.149,1.0457959
1.185,1.2241148,1.085,1.1123353
1.166,1.1631798,1.108,1.0559182
1.197,1.1547514,1.029,1.0538491
1.181,1.1137539,1.079,1.0063369
1.171,1.1785653,1.13,1.0706458
1.216,1.1802834,1.134,1.0761302
1.236,1.1689452,1.124,1.0746385
1.301,1.2031349,1.205,1.0919042
1.301,1.3163348,1.181,1.2099276
1.269,1.3376006,1.174,1.2184839
1.224,1.255964,1.119,1.1557999
1.231,1.1972942,1.154,1.0929923
1.287,1.2477375,1.18,1.1550999
1.271,1.2804458,1.182,1.1844989
1.292,1.3003176,1.179,1.1895956
1.34,1.3001744,1.226,1.1837193
1.323,1.3611792,1.184,1.237431
1.34,1.2735895,1.192,1.182288
1.323,1.2959845,1.194,1.1950049
1.316,1.2809275,1.193,1.1760346
1.34,1.3166152,1.27,1.1989794
1.33,1.3323373,1.272,1.2348344
1.383,1.3129452,1.323,1.2168121
1.347,1.3897958,1.229,1.2806509
1.345,1.3567032,1.218,1.2413198
1.309,1.3703014,1.159,1.2408841
1.342,1.259565,1.215,1.1642354
1.34,1.304586,1.272,1.2018657
1.383,1.3931878,1.251,1.2749139
1.376,1.409075,1.299,1.2877012
1.364,1.3914796,1.244,1.2864771
1.391,1.3329452,1.282,1.2254556
1.37,1.424353,1.209,1.2988113
1.33,1.3506238,1.27,1.2313248
1.367,1.3576425,1.23,1.2501708
1.329,1.4126852,1.24,1.2901572
1.361,1.3772614,1.258,1.2556447
1.385,1.4179044,1.28,1.2896928
1.428,1.408357,1.338,1.284823
1.419,1.4439758,1.312,1.333417
1.419,1.4723774,1.264,1.3491611
1.391,1.4093615,1.32,1.2870008
1.418,1.4621552,1.267,1.3309373
1.423,1.4167577,1.291,1.304867
1.397,1.3962454,1.272,1.2834176
1.41,1.4263963,1.3,1.2983011
1.396,1.413695,1.288,1.2881546
1.397,1.4574744,1.302,1.3391653
1.424,1.3801903,1.289,1.2786927
1.382,1.4076165,1.323,1.302111
1.437,1.4299575,1.324,1.3130081
1.433,1.457313,1.335,1.3335156
1.394,1.4034473,1.287,1.3034312
1.44,1.430194,1.286,1.3150071
1.417,1.4290516,1.318,1.3167702
1.449,1.4467909,1.286,1.3256888
1.441,1.3762243,1.34,1.2826216
1.458,1.41842,1.355,1.3117405
1.474,1.4397674,1.33,1.3296535
1.449,1.4618518,1.33,1.340541
1.477,1.4888161,1.336,1.3699657
1.481,1.453051,1.379,1.3436854
1.469,1.466947,1.38,1.3577313
1.537,1.494792,1.386,1.3739628
1.486,1.561075,1.42,1.4236209
1.495,1.5290263,1.37,1.4130249
1.522,1.4563614,1.404,1.3511331
1.585,1.4871302,1.409,1.373339
1.554,1.6083865,1.418,1.4720908
1.542,1.5197263,1.415,1.4098023
1.527,1.528654,1.41,1.4119048
1.561,1.5011772,1.404,1.3894548
1.589,1.5260878,1.472,1.4035535
1.543,1.6661165,1.447,1.5365323
1.541,1.6236507,1.449,1.4947846
1.592,1.5652488,1.446,1.4438696
1.641,1.6309208,1.411,1.5007026
1.613,1.6629156,1.462,1.5225551
1.572,1.6536921,1.441,1.5264361
1.552,1.6369344,1.451,1.5062699
1.554,1.5398875,1.383,1.4211907
1.539,1.608244,1.399,1.4741277
1.533,1.5271164,1.349,1.4165887
1.484,1.4974699,1.405,1.382086
1.477,1.4573712,1.364,1.3469415
1.502,1.5159017,1.354,1.3858088
1.44,1.4924332,1.381,1.3660846
1.526,1.4635922,1.384,1.3465002
1.465,1.5620582,1.346,1.4326773
1.431,1.5514983,1.344,1.4119405
1.514,1.4406894,1.351,1.3218318
1.434,1.4903395,1.376,1.3761487
1.501,1.5243566,1.349,1.397806
1.478,1.4675496,1.322,1.3462489
1.5,1.5037018,1.392,1.3718818
1.515,1.5135105,1.402,1.3950138
1.559,1.520728,1.421,1.4014609
1.551,1.5977837,1.412,1.4598434
1.554,1.5913907,1.4,1.445828
1.533,1.4719764,1.427,1.3203337
1.57,1.6358349,1.416,1.5060372
1.522,1.6012429,1.445,1.47377
1.55,1.5617675,1.423,1.4312398
1.541,1.6111218,1.41,1.46715
1.499,1.5874391,1.372,1.4612631
1.549,1.5576328,1.442,1.4355036
1.517,1.6151468,1.377,1.4823883
1.541,1.5700057,1.384,1.4357307
1.503,1.4948169,1.366,1.389311
1.483,1.5255744,1.343,1.407286
1.511,1.4146367,1.344,1.3034947
1.497,1.5297854,1.364,1.400284
1.475,1.4788328,1.389,1.342014
1.543,1.4816475,1.402,1.366394
1.538,1.6020683,1.334,1.4698755
1.546,1.559131,1.405,1.426164
1.544,1.6022787,1.413,1.4593891
1.522,1.5747224,1.399,1.4536324
1.494,1.5476202,1.39,1.4261444
1.549,1.5727857,1.388,1.4405931
1.525,1.6022743,1.417,1.4620807
1.484,1.542426,1.359,1.4252248
1.469,1.4692796,1.335,1.3579627
1.499,1.4560543,1.365,1.3408359
1.477,1.521461,1.354,1.3937627
1.435,1.5088215,1.33,1.3728508
1.457,1.3742216,1.308,1.2658539
1.477,1.432469,1.333,1.3128654
1.464,1.5217935,1.363,1.3869791
1.47,1.5321918,1.329,1.3958461
1.458,1.4493676,1.37,1.3350455
1.514,1.5063574,1.408,1.3836647
1.455,1.5956016,1.398,1.4581823
1.515,1.5590553,1.367,1.4208003
1.507,1.4850997,1.375,1.3759345
1.499,1.530238,1.347,1.4079529
1.491,1.5031171,1.383,1.3774408
1.52,1.5231851,1.367,1.3932803
1.448,1.5491314,1.402,1.4157325
1.469,1.5122257,1.302,1.3860135
1.455,1.5229245,1.327,1.3844609
1.506,1.5062661,1.344,1.3707229
1.507,1.5449662,1.345,1.4084051
1.5,1.4602741,1.349,1.345494
1.477,1.4236928,1.367,1.3094946
1.509,1.4619815,1.398,1.339456
1.494,1.5546399,1.377,1.4199953
1.519,1.551124,1.399,1.4271065
1.477,1.5551018,1.375,1.4285444
1.491,1.4880201,1.414,1.3633618
1.472,1.5432377,1.347,1.408632
1.48,1.4001324,1.334,1.2524415
1.484,1.5315129,1.37,1.3991104
1.517,1.518803,1.359,1.3903815
1.501,1.5752509,1.37,1.433914
1.491,1.5557443,1.429,1.4115838
1.52,1.4673816,1.361,1.3522879
1.549,1.5780104,1.429,1.447057
1.522,1.6205467,1.406,1.4824812
1.528,1.6092068,1.391,1.4636203
1.542,1.5686573,1.459,1.4449586
1.642,1.5949193,1.545,1.4698254
1.653,1.718258,1.472,1.5753493
1.616,1.7042004,1.506,1.5549939
1.656,1.700612,1.504,1.543402
1.615,1.7224475,1.498,1.5773928
0.917,1.5062765,0.86,1.3763117
0.906,0.9240342,0.789,0.8412483
0.932,0.8932795,0.817,0.8163722
0.947,0.86225903,0.871,0.79365766
0.964,0.95839125,0.845,0.87390155
0.963,0.94370484,0.884,0.8562516
0.967,0.9854533,0.88,0.8960761
0.988,0.9414975,0.899,0.85879505
0.967,1.0048757,0.931,0.91763145
0.914,0.9622459,0.83,0.8728179
0.824,0.9151922,0.764,0.8304668
0.806,0.8010839,0.736,0.7272249
0.79,0.77558035,0.722,0.7095482
0.784,0.83189994,0.715,0.76403755
0.718,0.8245881,0.681,0.75595486
0.708,0.73637336,0.615,0.675334
0.653,0.6818327,0.578,0.62499076
0.665,0.66958916,0.647,0.6206687
0.71,0.6565762,0.662,0.6039376
0.704,0.7094387,0.613,0.6510384
0.712,0.66786796,0.652,0.6110171
0.73,0.68255126,0.697,0.6273319
0.779,0.725242,0.696,0.6645661
0.786,0.8005282,0.729,0.73139524
0.826,0.7687051,0.734,0.70179623
0.799,0.80992085,0.773,0.7392521
0.863,0.8567717,0.804,0.78744143
0.836,0.89968777,0.817,0.8240135
0.884,0.87189984,0.801,0.79809815
0.897,0.88458234,0.822,0.81020117
0.912,0.92351073,0.818,0.844337
0.933,0.9284468,0.837,0.848242
0.951,0.9402415,0.913,0.86007226
1.005,0.97989243,0.911,0.8988023
1.002,1.0037261,0.932,0.9212883
1.009,1.0355864,0.942,0.94477886
1.037,1.0349703,0.931,0.9428301
1.092,1.0500426,0.96,0.952893
1.077,1.0974481,0.985,1.0005893
1.104,1.1013696,1.031,1.0111337
1.115,1.1159507,0.975,1.0186917
1.132,1.0963812,1.041,0.9999116
1.163,1.0950849,1.085,0.9960381
1.155,1.1900305,1.091,1.086126
1.183,1.1720506,1.072,1.0652534
1.2,1.2213664,1.104,1.1029191
1.24,1.1707296,1.163,1.0581284
1.282,1.2755297,1.141,1.1463442
1.312,1.2911416,1.199,1.1681868
1.308,1.285774,1.218,1.1635818
1.329,1.2572122,1.232,1.1368312
1.402,1.2896458,1.243,1.1626053
1.413,1.3274121,1.266,1.2113409
1.423,1.37876,1.268,1.2594893
1.375,1.4035187,1.296,1.2886745
1.399,1.3808851,1.31,1.2646201
1.362,1.3833863,1.278,1.2802607
1.352,1.358507,1.233,1.255461
1.39,1.3414645,1.214,1.2290583
1.433,1.3554653,1.244,1.2461861
1.392,1.3795607,1.278,1.267721
1.358,1.356263,1.265,1.2475033
1.401,1.4016205,1.243,1.2828094
1.354,1.4328924,1.25,1.3063091
1.41,1.3910735,1.273,1.264982
1.408,1.3832211,1.285,1.2661607
1.4,1.3820543,1.298,1.2687666
1.419,1.4124384,1.338,1.283036
1.422,1.437792,1.261,1.3035733
1.423,1.390953,1.311,1.2782925
1.447,1.4526265,1.329,1.3258456
1.438,1.4316407,1.3,1.315215
1.468,1.4370322,1.305,1.314899
1.45,1.4652681,1.334,1.3288047
1.439,1.4224328,1.331,1.3094689
1.429,1.4834541,1.298,1.3507284
1.444,1.3872359,1.309,1.2737404
1.469,1.4333168,1.318,1.3126131
1.467,1.408729,1.36,1.298111
1.498,1.441083,1.326,1.3182348
1.501,1.4672128,1.37,1.3361156
1.51,1.4945551,1.341,1.370166
1.534,1.4908696,1.377,1.3736572
1.531,1.5308018,1.374,1.4021677
1.542,1.4928446,1.377,1.3718411
1.548,1.5290451,1.431,1.393135
1.507,1.5790216,1.405,1.4333254
1.491,1.4936136,1.393,1.3761059
1.539,1.5162588,1.417,1.381281
1.576,1.5479752,1.4,1.4138149
1.563,1.5329779,1.43,1.4021069
1.527,1.5707477,1.42,1.4497609
1.52,1.5848622,1.379,1.4442241
1.547,1.5040357,1.406,1.3792714
1.584,1.5259935,1.391,1.3972958
1.562,1.6182252,1.441,1.479528
1.524,1.5781032,1.415,1.447915
1.546,1.5919479,1.372,1.4488007
1.556,1.5392755,1.428,1.4029
1.563,1.5651854,1.432,1.4270434
1.574,1.5675315,1.41,1.4397829
1.562,1.5815334,1.412,1.4422965
1.596,1.5832528,1.46,1.4378033
1.616,1.6526772,1.46,1.4883548
1.543,1.5903685,1.45,1.4744039
1.61,1.5411016,1.452,1.4253584
1.593,1.6025519,1.495,1.479633
1.574,1.6175399,1.422,1.4789377
1.653,1.5739623,1.421,1.4361674
1.602,1.6017177,1.426,1.4903126
1.619,1.5987552,1.458,1.4806952
1.637,1.6530617,1.527,1.524626
1.677,1.6982831,1.554,1.5569249
1.696,1.7053952,1.513,1.5823113
1.77,1.7209588,1.564,1.5884554
1.798,1.8296958,1.638,1.6787289
1.861,1.9017149,1.666,1.73536
1.799,1.9056634,1.653,1.746395
1.771,1.8546513,1.659,1.6966369
1.795,1.8402565,1.676,1.6854008
1.829,1.8362528,1.623,1.6800877
1.809,1.8313426,1.646,1.6829257
1.779,1.8496681,1.644,1.6971037
1.774,1.8283478,1.674,1.6761302
1.783,1.8396244,1.65,1.6856508
1.802,1.8605199,1.637,1.6981106
1.787,1.7932686,1.612,1.6493134
1.795,1.8063806,1.614,1.6612624
1.736,1.8167702,1.572,1.6680897
1.75,1.7705468,1.585,1.6217027
1.734,1.7436033,1.559,1.5942614
1.706,1.7062458,1.539,1.5670552
1.693,1.6783528,1.579,1.5393916
1.68,1.7108339,1.553,1.5692316
1.688,1.6830844,1.521,1.5508744
1.652,1.6540875,1.517,1.5259572
1.65,1.6302373,1.468,1.5063187
1.623,1.6611496,1.443,1.5189954
1.598,1.6436824,1.452,1.5006998
1.577,1.565558,1.451,1.4516643
1.525,1.59451,1.404,1.4623523
1.532,1.5124062,1.383,1.3890328
1.55,1.5609326,1.395,1.425255
1.512,1.5873693,1.361,1.4581709
1.479,1.4675981,1.355,1.356667
1.506,1.4494488,1.333,1.3317738
1.412,1.5688909,1.327,1.4236016
1.439,1.5125958,1.255,1.3668691
1.405,1.5052521,1.301,1.3725266
1.45,1.4547081,1.293,1.3276412
1.407,1.4741255,1.289,1.3405548
1.364,1.3891348,1.247,1.2644622
1.36,1.3895864,1.252,1.2734104
1.334,1.376921,1.234,1.2528974
1.369,1.3589692,1.217,1.2280834
1.362,1.3206295,1.223,1.198854
1.324,1.3669155,1.195,1.2465683
1.347,1.33921,1.225,1.2204038
1.313,1.3595983,1.196,1.2403581
1.321,1.296419,1.205,1.1829255
1.306,1.2922397,1.202,1.1779319
1.32,1.2920347,1.201,1.1947787
1.296,1.3059072,1.149,1.1960496
1.271,1.2590545,1.161,1.142924
1.299,1.2198077,1.183,1.1097592
1.318,1.272081,1.179,1.1678761
1.351,1.2531793,1.197,1.1532344
1.383,1.3102869,1.219,1.1977687
1.435,1.3646317,1.265,1.2458247
1.4,1.4484371,1.292,1.3310118
1.446,1.423154,1.299,1.3093407
1.39,1.4695718,1.218,1.3456557
1.405,1.3613472,1.279,1.2463815
1.437,1.3748347,1.313,1.2763039
1.412,1.458701,1.308,1.3469055
1.425,1.4699801,1.273,1.3463717
1.473,1.4225836,1.332,1.305736
1.492,1.5048895,1.32,1.3695507
1.455,1.4943074,1.301,1.3795681
1.453,1.3933035,1.354,1.2903833
1.466,1.4224209,1.314,1.3138748
1.47,1.4888031,1.375,1.3600184
1.48,1.5143751,1.33,1.3913405
1.5,1.4616865,1.377,1.3502479
1.523,1.5371672,1.346,1.4127675
1.455,1.5591471,1.335,1.4273105
1.442,1.5220833,1.319,1.3805951
1.478,1.4228668,1.323,1.3177068
1.479,1.4596637,1.376,1.3452411
1.492,1.5694386,1.389,1.4346647
1.498,1.57996,1.383,1.4380956
1.496,1.5284128,1.392,1.4111246
1.493,1.4567829,1.38,1.348175
1.46,1.5064986,1.363,1.3814464
1.507,1.5256326,1.325,1.3891848
1.477,1.5342883,1.384,1.4040369
1.444,1.4415153,1.366,1.3297058
1.504,1.4148511,1.344,1.3005345
1.514,1.5828813,1.411,1.440572
1.604,1.5393559,1.45,1.4111834
1.611,1.6316137,1.464,1.5061475
1.539,1.6648185,1.392,1.5301641
1.554,1.6173885,1.402,1.4776653
1.541,1.5416256,1.394,1.4107496
1.559,1.6008737,1.41,1.4700102
1.54,1.5763658,1.383,1.4490998
1.552,1.5202497,1.436,1.3932647
1.538,1.6458343,1.438,1.4924873
1.567,1.5689536,1.409,1.4440615
1.547,1.5387863,1.414,1.4260275
1.556,1.5788674,1.406,1.449214
1.606,1.5765072,1.438,1.4483799
1.578,1.6358631,1.417,1.4921204
1.604,1.5651588,1.444,1.4490608
1.54,1.6162091,1.417,1.4935801
1.557,1.5807843,1.396,1.4555671
1.567,1.5753351,1.448,1.4395975
1.55,1.5532781,1.407,1.4397792
1.594,1.4883072,1.452,1.3834622
1.609,1.615629,1.498,1.4869184
1.579,1.6374714,1.423,1.499549
1.624,1.5736392,1.478,1.4537812
1.628,1.6626223,1.502,1.5355048
1.669,1.6684531,1.522,1.5308623
1.642,1.6747986,1.507,1.5397829
1.663,1.6812063,1.472,1.537305
1.667,1.6382699,1.546,1.5211247
1.693,1.716459,1.532,1.5819608
1.673,1.712406,1.529,1.5786778
1.706,1.7150115,1.526,1.5719966
1.672,1.6647494,1.529,1.5487863
1.657,1.667988,1.543,1.5457113
1.716,1.6776136,1.555,1.5485567
1.698,1.7362744,1.546,1.5935138
1.717,1.6807257,1.521,1.5548835
1.732,1.7138695,1.579,1.5821978
1.738,1.7383361,1.568,1.6008586
1.748,1.7684741,1.575,1.6245137
1.73,1.8050188,1.561,1.6460432
1.714,1.7592264,1.549,1.6267588
1.728,1.7320193,1.567,1.6021527
1.712,1.7169791,1.548,1.5815378
1.707,1.7691975,1.557,1.6220177
1.697,1.6795524,1.533,1.5591753
1.689,1.6811465,1.506,1.5585717
1.644,1.7021428,1.466,1.5661868
1.649,1.6134392,1.492,1.4840682
1.626,1.6961449,1.471,1.5508795
1.66,1.5721761,1.516,1.4530796
1.595,1.6402947,1.446,1.5132287
1.61,1.6330051,1.447,1.4965146
1.647,1.6727043,1.478,1.527936
1.613,1.6351614,1.453,1.512008
1.632,1.6426674,1.486,1.5139571
1.607,1.7044235,1.456,1.5597849
1.633,1.6828923,1.495,1.5344625
1.681,1.6738137,1.515,1.5419832
1.687,1.706401,1.527,1.5706421
1.713,1.7044135,1.523,1.5657035
1.662,1.7466131,1.528,1.5948538
1.678,1.6215891,1.551,1.4529604
1.719,1.6648023,1.561,1.5339389
1.737,1.7699326,1.57,1.6263076
1.702,1.7759558,1.522,1.6257678
1.672,1.7457525,1.504,1.5889606
1.663,1.6637827,1.484,1.5379565
1.682,1.7000283,1.544,1.5661976
1.641,1.6601799,1.499,1.524033
1.629,1.6717826,1.537,1.5282608
1.625,1.6185414,1.516,1.5022438
1.621,1.6625943,1.493,1.5338755
1.634,1.6554626,1.51,1.5210259
1.68,1.6345972,1.522,1.4919966
1.673,1.7222418,1.481,1.5650889
1.707,1.7444142,1.567,1.6003082
1.692,1.6860915,1.489,1.5507953
1.668,1.7233521,1.553,1.5766245
1.655,1.7391993,1.527,1.582319
1.615,1.6338931,1.513,1.5129346
1.666,1.6310865,1.51,1.5069507
1.673,1.7017334,1.476,1.5622785
1.68,1.6776773,1.521,1.5327958
1.653,1.6535636,1.508,1.5352226
1.611,1.6282572,1.486,1.5097871
1.63,1.6367478,1.453,1.508182
1.568,1.6319778,1.411,1.4921733
1.562,1.5839684,1.436,1.43993
1.553,1.6195555,1.504,1.4845698
1.643,1.5659801,1.448,1.4407818
1.576,1.6291361,1.461,1.4962025
1.594,1.6561625,1.433,1.507441
1.61,1.5931406,1.404,1.4697604
1.608,1.6199511,1.509,1.4906476
1.631,1.6620814,1.492,1.5279452
1.632,1.6846775,1.497,1.5417489
1.638,1.6352003,1.498,1.5117469
1.669,1.6563252,1.5,1.5266933
1.612,1.6660141,1.482,1.5346283
1.66,1.6047577,1.508,1.4745218
1.633,1.715982,1.428,1.5633001
1.601,1.6572317,1.501,1.5189447
1.629,1.6331377,1.467,1.499354
1.647,1.6633723,1.483,1.5223589
1.651,1.738721,1.512,1.5805475
1.625,1.6592815,1.495,1.5301492
1.658,1.6556985,1.505,1.5235088
1.672,1.6479236,1.526,1.5135704
1.669,1.7387276,1.528,1.589507
1.648,1.7125174,1.514,1.5759158
1.636,1.6827638,1.497,1.5489925
1.663,1.6391724,1.505,1.506232
1.653,1.7141379,1.506,1.5653607
1.609,1.5864569,1.463,1.418494
1.647,1.5668596,1.485,1.4350475
1.638,1.6414858,1.533,1.4998584
1.658,1.7146068,1.519,1.5622771
1.672,1.7555645,1.528,1.5925831
1.635,1.6176059,1.527,1.4869416
1.678,1.6623341,1.53,1.525317
1.674,1.7373284,1.503,1.5887041
1.671,1.7385837,1.487,1.5825154
1.729,1.6941338,1.597,1.562383
1.779,1.7957755,1.598,1.6516005
1.797,1.822349,1.608,1.6686362
1.805,1.8561524,1.677,1.6914264
1.826,1.8774341,1.65,1.7051805
1.762,1.879156,1.639,1.7175692
0.863,1.6303018,0.788,1.4955057
0.849,0.88547087,0.784,0.80750114
0.882,0.9076579,0.818,0.83406436
0.919,0.8523161,0.808,0.78394973
0.926,0.9036968,0.82,0.8235045
0.928,0.91065913,0.847,0.8269202
0.937,0.9390113,0.831,0.8532839
0.911,0.90347123,0.855,0.82522786
0.925,0.928841,0.816,0.8477016
0.857,0.91584253,0.808,0.8325858
0.769,0.85432494,0.724,0.77602375
0.803,0.7427551,0.7,0.6770552
0.753,0.7498481,0.685,0.6873714
0.725,0.8415107,0.65,0.7756396
0.696,0.7573647,0.611,0.696949
0.659,0.66117585,0.605,0.60643005
0.623,0.66693383,0.589,0.6117863
0.643,0.6645603,0.627,0.61738807
0.686,0.6890392,0.611,0.6363396
0.665,0.6539035,0.631,0.6000541
0.723,0.6449625,0.656,0.5907142
0.739,0.7502106,0.674,0.6930808
0.697,0.7452249,0.67,0.68446887
0.731,0.70314294,0.656,0.64472556
0.744,0.6888402,0.676,0.6320824
0.779,0.7336935,0.714,0.6725118
0.811,0.82372624,0.739,0.75710434
0.842,0.89524966,0.716,0.8233541
0.874,0.85986334,0.758,0.7870134
0.839,0.8579106,0.833,0.7885977
0.855,0.9396688,0.837,0.8651045
0.875,0.9069333,0.791,0.8298367
0.944,0.89582837,0.871,0.82064795
0.941,0.9660859,0.889,0.88010377
0.957,0.9539914,0.858,0.8735727
0.981,0.97857636,0.897,0.8960592
1.013,1.0165793,0.891,0.92845273
1.01,1.0198362,0.94,0.9297192
1.01,1.0346085,0.917,0.94381493
1.087,1.0112946,0.965,0.931921
1.086,1.0914452,0.955,0.9974666
1.088,1.0601274,0.98,0.96827215
1.094,1.0822082,0.994,0.9834623
1.108,1.1048216,1.038,1.0097296
1.171,1.1493367,1.031,1.0453545
1.169,1.1872897,1.07,1.0737718
1.169,1.1677456,1.046,1.0569062
1.17,1.1331644,1.107,1.0280713
1.21,1.2002642,1.107,1.0876102
1.241,1.1983558,1.137,1.084414
1.287,1.2378136,1.12,1.1136584
1.307,1.2808604,1.179,1.1470336
1.339,1.2584726,1.235,1.1529537
1.311,1.3270108,1.188,1.2224767
1.327,1.2884563,1.196,1.1768553
1.378,1.2936631,1.199,1.1754988
1.317,1.3146561,1.213,1.2110132
1.303,1.3147832,1.204,1.2013255
1.313,1.2928461,1.175,1.1900972
1.347,1.2818218,1.208,1.1795884
1.341,1.3194616,1.212,1.2088872
1.316,1.3091236,1.191,1.2007067
1.301,1.3020352,1.225,1.1922733
1.321,1.3624403,1.173,1.2396605
1.325,1.2981299,1.216,1.186842
1.339,1.3144329,1.192,1.212432
1.363,1.3109267,1.216,1.1942089
1.332,1.3594471,1.229,1.2316059
1.371,1.3405982,1.209,1.2094419
1.314,1.3309536,1.199,1.2268224
1.391,1.2854605,1.237,1.1786225
1.351,1.3671045,1.249,1.2506795
1.412,1.3383247,1.269,1.2302443
1.391,1.4194094,1.257,1.2839637
1.386,1.3444134,1.248,1.2376753
1.37,1.3922964,1.225,1.27055
1.382,1.3912166,1.221,1.2651619
1.368,1.3464262,1.324,1.2301704
1.414,1.3817639,1.302,1.2760965
1.442,1.3835907,1.287,1.276558
1.413,1.4053186,1.295,1.2907634
1.441,1.4161469,1.255,1.2791063
1.454,1.4207374,1.308,1.3066969
1.408,1.4250277,1.315,1.3069414
1.466,1.4230839,1.31,1.2958678
1.504,1.4299017,1.359,1.3131684
1.44,1.5240184,1.288,1.3789512
1.467,1.4042791,1.313,1.289588
1.498,1.3932456,1.352,1.2800028
1.48,1.4334031,1.346,1.3188025
1.494,1.450338,1.359,1.3211155
1.436,1.4825064,1.344,1.3578379
1.44,1.4198309,1.348,1.2988988
1.461,1.42846,1.341,1.3107704
1.481,1.4793282,1.352,1.3366255
1.496,1.5343516,1.322,1.402084
1.498,1.4758023,1.368,1.3541856
1.439,1.4790121,1.359,1.3579609
1.477,1.433079,1.341,1.3102704
1.496,1.5332998,1.349,1.3767384
1.526,1.4877892,1.348,1.364327
1.489,1.5437714,1.377,1.4022869
1.485,1.50378,1.4,1.3666075
1.548,1.4952781,1.416,1.3530428
1.526,1.5279828,1.401,1.4191295
1.511,1.5161128,1.37,1.3973889
1.524,1.5007538,1.403,1.3862363
1.527,1.5234858,1.364,1.3975865
1.499,1.5150548,1.371,1.3829266
1.542,1.4765294,1.368,1.373784
1.568,1.5351263,1.385,1.4219887
1.564,1.585309,1.418,1.463533
1.628,1.5906849,1.452,1.4575217
1.644,1.6508617,1.481,1.5268767
1.688,1.6756045,1.502,1.5486175
1.72,1.7570177,1.549,1.6148483
1.735,1.7813911,1.561,1.6257954
1.677,1.7582567,1.547,1.6142403
1.714,1.6922015,1.536,1.5506831
1.724,1.728723,1.563,1.5858045
1.725,1.7602953,1.572,1.6117383
1.685,1.7599262,1.565,1.6180851
1.689,1.7135034,1.616,1.5713128
1.712,1.7418109,1.547,1.6005182
1.739,1.7582494,1.537,1.6115122
1.698,1.7743913,1.566,1.6215124
1.734,1.6977557,1.558,1.5621717
1.677,1.7395481,1.514,1.6043198
1.673,1.6983804,1.521,1.5628031
1.672,1.7098924,1.508,1.5685908
1.695,1.6584928,1.488,1.5214322
1.627,1.6612014,1.453,1.519435
1.596,1.5992445,1.468,1.4660982
1.615,1.6169375,1.453,1.4777919
1.556,1.5891508,1.443,1.464578
1.594,1.5668267,1.423,1.4366704
1.542,1.5914211,1.405,1.4593414
1.541,1.5618693,1.386,1.4273822
1.504,1.5543873,1.329,1.4218508
1.504,1.4868534,1.369,1.3662829
1.484,1.4804176,1.322,1.3622764
1.468,1.4231104,1.31,1.3071481
1.426,1.4845992,1.28,1.3520697
1.418,1.4133412,1.292,1.3065776
1.381,1.4806489,1.29,1.351546
1.402,1.4276136,1.303,1.3035288
1.408,1.4227103,1.274,1.297414
1.326,1.4233469,1.264,1.2941014
1.372,1.3342407,1.221,1.2278149
1.387,1.3315388,1.17,1.2189167
1.318,1.4235924,1.221,1.2816199
1.28,1.3180642,1.21,1.1959482
1.3,1.3272619,1.207,1.2113389
1.312,1.3017522,1.122,1.1883138
1.251,1.2464836,1.185,1.1317952
1.262,1.2806427,1.123,1.152394
1.258,1.214847,1.206,1.1121321
1.276,1.3022692,1.162,1.1830946
1.267,1.2628475,1.149,1.1579386
1.265,1.238358,1.122,1.1262861
1.273,1.2078385,1.154,1.0861189
1.237,1.2523366,1.149,1.1516396
1.217,1.228799,1.122,1.1291515
1.195,1.1937907,1.113,1.0893755
1.227,1.1465431,1.143,1.039801
1.282,1.2297261,1.144,1.121386
1.274,1.238996,1.152,1.1334199
1.295,1.2386181,1.203,1.1289887
1.36,1.249747,1.214,1.1449869
1.358,1.3290267,1.21,1.2308261
1.337,1.346136,1.185,1.238802
1.325,1.3648999,1.21,1.2428887
1.331,1.3349801,1.217,1.2183709
1.375,1.3393928,1.239,1.2377431
1.337,1.4185919,1.226,1.2985779
1.352,1.3534657,1.248,1.2432519
1.37,1.3752036,1.297,1.2575612
1.377,1.40212,1.228,1.2837927
1.368,1.3814279,1.282,1.2735941
1.455,1.3133788,1.275,1.2172053
1.389,1.4365131,1.247,1.3191019
1.398,1.393845,1.271,1.272764
1.444,1.3801477,1.3,1.2775409
1.435,1.4935923,1.307,1.3698866
1.415,1.4684178,1.301,1.3472363
1.423,1.4678481,1.275,1.3405151
1.408,1.4561807,1.255,1.3238585
1.386,1.4436457,1.247,1.3290435
1.441,1.3464113,1.29,1.2408259
1.431,1.4480699,1.303,1.3286687
1.476,1.5031445,1.357,1.3659142
1.423,1.5141512,1.323,1.3940028
1.441,1.3821471,1.295,1.276556
1.434,1.3770455,1.274,1.26645
1.398,1.3987178,1.302,1.2810135
1.38,1.4213263,1.288,1.3081423
1.409,1.4581958,1.287,1.3327252
1.439,1.40412,1.278,1.2859405
1.414,1.512566,1.299,1.3714482
1.507,1.4658278,1.367,1.3355752
1.487,1.4899906,1.375,1.377315
1.472,1.4376563,1.397,1.323001
1.463,1.590968,1.345,1.4515046
1.444,1.5520753,1.302,1.4114548
1.479,1.490271,1.363,1.36993
1.522,1.5241525,1.335,1.3970337
1.471,1.496947,1.349,1.369477
1.491,1.525958,1.325,1.3861437
1.514,1.4570748,1.327,1.3463235
1.486,1.535766,1.34,1.409675
1.507,1.5200968,1.335,1.3954321
1.515,1.509833,1.381,1.3886813
1.515,1.5404936,1.337,1.4051523
1.462,1.5142072,1.338,1.3985842
1.44,1.4664432,1.348,1.353478
1.471,1.4924101,1.368,1.3724693
1.511,1.4846601,1.375,1.3609172
1.506,1.516111,1.395,1.4024063
1.543,1.4556803,1.41,1.3530058
1.532,1.5601867,1.389,1.4376101
1.525,1.548721,1.392,1.4182886
1.541,1.4964145,1.4,1.3901707
1.539,1.5974096,1.402,1.4710804
1.565,1.5585109,1.406,1.4359742
1.617,1.5517489,1.409,1.4286476
1.554,1.6190382,1.442,1.4806443
1.586,1.5484468,1.444,1.4356288
1.592,1.5989342,1.461,1.4785705
1.605,1.5654176,1.446,1.4433558
1.581,1.6323993,1.432,1.49334
1.57,1.5306977,1.446,1.4262204
1.605,1.5261316,1.434,1.4158474
1.623,1.5685185,1.484,1.4501235
1.636,1.6475018,1.435,1.5133363
1.626,1.6751779,1.492,1.545882
1.623,1.6621752,1.496,1.532931
1.664,1.6329807,1.507,1.5060263
1.674,1.7324206,1.512,1.5897684
1.673,1.7511181,1.49,1.6002717
1.638,1.6952235,1.481,1.566917
1.648,1.5960716,1.485,1.4768102
1.62,1.6933666,1.486,1.5545533
1.624,1.6940526,1.456,1.5538405
1.579,1.5929586,1.458,1.479306
1.569,1.5925481,1.438,1.4682479
1.555,1.5369216,1.392,1.4198662
1.584,1.5699943,1.406,1.4389627
1.573,1.6305751,1.421,1.4888914
1.548,1.6386595,1.427,1.5037359
1.524,1.5328119,1.39,1.4111428
1.476,1.6110858,1.404,1.4670476
1.562,1.531191,1.376,1.4019618
1.561,1.5276284,1.404,1.4116641
1.567,1.6132318,1.431,1.4818994
1.549,1.5598367,1.372,1.4333707
1.584,1.6035862,1.422,1.4619724
1.615,1.5811057,1.444,1.4573889
1.623,1.5911036,1.456,1.4655368
1.599,1.6507552,1.495,1.5099196
1.598,1.6363534,1.518,1.4959813
1.624,1.5506991,1.474,1.3900396
1.632,1.7110559,1.516,1.5705607
1.637,1.6834575,1.462,1.5482312
1.603,1.6651988,1.472,1.5252303
1.59,1.6535819,1.446,1.5066948
1.557,1.5713499,1.412,1.4548523
1.583,1.617912,1.457,1.4889199
1.588,1.6383039,1.447,1.5052757
1.594,1.6421325,1.437,1.5012883
1.594,1.563011,1.454,1.4490454
1.568,1.5859896,1.419,1.4662379
1.554,1.5291735,1.456,1.4070084
1.573,1.598341,1.425,1.4626126
1.561,1.6084992,1.455,1.462813
1.588,1.5742842,1.443,1.4521939
1.578,1.6086408,1.467,1.4805753
1.625,1.6463604,1.431,1.5064026
1.605,1.6599201,1.46,1.509589
1.566,1.6328714,1.42,1.5082422
1.583,1.576625,1.382,1.4547912
1.596,1.5829215,1.451,1.4547096
1.567,1.649274,1.43,1.5064582
1.589,1.5672888,1.443,1.4504961
1.585,1.6159803,1.421,1.4890865
1.531,1.6037307,1.399,1.4755517
1.515,1.5418118,1.347,1.413767
1.499,1.5347266,1.406,1.3964746
1.537,1.5658392,1.355,1.4350151
1.578,1.5940107,1.382,1.4570601
1.543,1.6184615,1.376,1.4775262
1.514,1.5983399,1.373,1.4509734
1.533,1.5198749,1.353,1.4008812
1.578,1.561843,1.368,1.433712
1.551,1.5233945,1.439,1.4021648
1.591,1.5799497,1.38,1.4484564
1.553,1.5839958,1.4,1.4610049
1.558,1.5243258,1.419,1.4105589
1.565,1.5794761,1.395,1.4476349
1.635,1.5810281,1.41,1.4504182
1.525,1.6544445,1.374,1.5066744
1.529,1.5719013,1.389,1.439292
1.509,1.5704849,1.384,1.435502
1.551,1.6062999,1.451,1.4605954
1.577,1.664418,1.474,1.5100673
1.557,1.608802,1.42,1.4828373
1.599,1.5060976,1.436,1.3873053
1.584,1.554267,1.454,1.4252061
1.571,1.6220232,1.409,1.4835273
1.572,1.5386527,1.439,1.4156516
1.607,1.5818466,1.436,1.457206
1.56,1.638239,1.385,1.4981333
1.553,1.5973134,1.372,1.4513834
1.577,1.4641933,1.403,1.313354
1.536,1.54111,1.418,1.4124681
1.573,1.618004,1.402,1.47642
1.612,1.6291897,1.383,1.4836634
1.595,1.653531,1.414,1.4992152
1.607,1.5318197,1.401,1.409256
1.616,1.6268861,1.451,1.493341
1.597,1.654915,1.425,1.5131145
1.563,1.6683382,1.451,1.5179312
1.663,1.5538312,1.475,1.4332495
1.725,1.6480564,1.586,1.5149763
1.693,1.7714151,1.565,1.6221443
1.74,1.7583548,1.554,1.6046103
1.711,1.8148787,1.541,1.6463987
1.733,1.7934866,1.528,1.6417513
0.354,1.5640146,0.283,1.438419
0.322,0.30480048,0.353,0.28110957
0.348,0.30483627,0.32,0.28776667
0.351,0.290348,0.31,0.2781482
0.365,0.31646624,0.322,0.2963672
0.345,0.3246824,0.33,0.30121726
0.355,0.29812568,0.365,0.27756035
0.382,0.31975123,0.377,0.30139792
0.395,0.34467086,0.371,0.32839465
0.359,0.34785762,0.314,0.32480952
0.355,0.30249313,0.31,0.27296084
0.294,0.26321498,0.277,0.23671377
0.275,0.17697012,0.279,0.15718773
0.301,0.24966192,0.246,0.22851229
0.31,0.23709339,0.257,0.21129438
0.294,0.26378983,0.284,0.23194546
0.265,0.23540404,0.246,0.21128118
0.274,0.25336498,0.241,0.22977692
0.3,0.21083075,0.237,0.18834005
0.261,0.2288844,0.266,0.1991319
0.304,0.2123176,0.261,0.1854163
0.31,0.2110923,0.273,0.19371037
0.3,0.24210134,0.278,0.21742561
0.305,0.21312198,0.271,0.18601441
0.309,0.19653931,0.275,0.17228773
0.357,0.20789608,0.312,0.17870232
0.339,0.31421965,0.289,0.2933313
0.347,0.28107595,0.317,0.25466672
0.355,0.2955758,0.319,0.2652283
0.331,0.28982767,0.338,0.26238316
0.339,0.25659174,0.329,0.24219367
0.349,0.26605454,0.338,0.24774647
0.412,0.29091403,0.33,0.26576817
0.395,0.32341483,0.318,0.29572085
0.364,0.2868277,0.34,0.26278114
0.412,0.26117194,0.327,0.24816477
0.401,0.29581317,0.4,0.27603576
0.414,0.3190612,0.366,0.29279533
0.393,0.3155634,0.372,0.28950652
0.416,0.31718996,0.412,0.3070325
0.438,0.36690015,0.391,0.34908155
0.429,0.37183815,0.418,0.35149565
0.451,0.37053734,0.439,0.34708393
0.44,0.39511594,0.404,0.38768977
0.476,0.34730345,0.422,0.3319039
0.471,0.38173413,0.431,0.36022952
0.488,0.38260764,0.433,0.36109054
0.485,0.3954137,0.433,0.3721632
0.485,0.37596372,0.452,0.3573725
0.517,0.37885988,0.463,0.3596743
0.521,0.41161618,0.468,0.3892476
0.548,0.4114067,0.482,0.392109
0.541,0.5504684,0.502,0.51389635
0.533,0.56460005,0.503,0.5250592
0.533,0.54996735,0.49,0.51124513
0.534,0.53137213,0.485,0.4983727
0.562,0.5267151,0.478,0.49578393
0.499,0.55749977,0.501,0.51842993
0.563,0.52425677,0.511,0.49035633
0.535,0.55872667,0.489,0.51855975
0.531,0.51657164,0.462,0.4886406
0.525,0.5147486,0.452,0.4813727
0.524,0.50067216,0.468,0.46695948
0.534,0.5038825,0.465,0.46963695
0.538,0.49016523,0.501,0.46155158
0.568,0.5664554,0.47,0.5310566
0.543,0.57118094,0.48,0.5275195
0.504,0.55120206,0.484,0.5100815
0.541,0.5083454,0.504,0.47443083
0.559,0.5505389,0.486,0.5177705
0.566,0.5552536,0.543,0.51648074
0.541,0.5803222,0.511,0.534243
0.547,0.5358303,0.456,0.49580854
0.53,0.5030098,0.512,0.4753346
0.558,0.52287143,0.514,0.49189723
0.534,0.541077,0.5,0.5029216
0.558,0.5106425,0.517,0.4711027
0.53,0.5244069,0.53,0.48829627
0.518,0.54607296,0.519,0.5141137
0.551,0.53099215,0.513,0.4968139
0.581,0.5591875,0.542,0.5197623
0.591,0.6000573,0.554,0.560577
0.551,0.57736516,0.51,0.544601
0.572,0.5082098,0.545,0.4778842
0.59,0.56083864,0.563,0.52106225
0.611,0.5758992,0.552,0.53445905
0.577,0.5998253,0.526,0.56301737
0.6,0.5129541,0.546,0.48424137
0.582,0.5559349,0.531,0.51857185
0.623,0.5189934,0.564,0.48075825
0.611,0.5684282,0.562,0.5292704
0.577,0.5879096,0.566,0.55548763
0.56,0.5613131,0.552,0.52696085
0.591,0.54281056,0.54,0.50887674
0.63,0.5647102,0.527,0.53252757
0.582,0.5841899,0.539,0.5550611
0.598,0.5283095,0.539,0.501027
0.615,0.5166287,0.56,0.48457038
0.617,0.54248124,0.562,0.5099877
0.583,0.5589564,0.544,0.5287006
0.601,0.51418793,0.546,0.48529857
0.621,0.53547907,0.552,0.5012531
0.656,0.5380558,0.555,0.50237983
0.626,0.57548654,0.56,0.5393375
0.588,0.6552374,0.567,0.60810685
0.648,0.6187556,0.562,0.57488126
0.58,0.6578792,0.584,0.61379975
0.633,0.6258977,0.557,0.5875285
0.628,0.6362072,0.584,0.60391587
0.627,0.6557738,0.574,0.6097264
0.607,0.63542366,0.577,0.5927937
0.581,0.6078428,0.618,0.56989527
0.658,0.61592954,0.625,0.58267105
0.699,0.66848725,0.585,0.6205943
0.682,0.67374253,0.604,0.6314896
0.714,0.69735414,0.655,0.6616438
0.717,0.7525894,0.639,0.71966064
0.686,0.792798,0.629,0.73817205
0.693,0.7239465,0.624,0.67695224
0.698,0.7640738,0.65,0.72299945
0.69,0.7229591,0.632,0.6858675
0.686,0.7218236,0.658,0.67443305
0.681,0.7205773,0.622,0.67147136
0.682,0.6873744,0.642,0.64329827
0.711,0.7349036,0.643,0.6960624
0.698,0.7339558,0.639,0.70112824
0.676,0.6751087,0.626,0.6290351
0.674,0.64016545,0.604,0.5943272
0.646,0.63197,0.592,0.58893454
0.708,0.6130727,0.602,0.57556015
0.624,0.7061097,0.603,0.6591945
0.653,0.64054435,0.598,0.5968805
0.668,0.65410846,0.6,0.6069328
0.658,0.6590169,0.59,0.61538625
0.639,0.6456619,0.583,0.60640526
0.651,0.61327296,0.602,0.57129276
0.635,0.62080306,0.57,0.5714932
0.616,0.604927,0.533,0.5569958
0.621,0.5907521,0.6,0.5494307
0.58,0.59519243,0.541,0.5562127
0.589,0.518981,0.512,0.48391968
0.587,0.512737,0.542,0.4742738
0.599,0.54488933,0.537,0.5010191
0.599,0.57950836,0.548,0.5482225
0.567,0.57784855,0.507,0.54169416
0.571,0.5162931,0.561,0.4825557
0.537,0.5684175,0.52,0.5258309
0.538,0.5260442,0.497,0.49367642
0.565,0.4987289,0.496,0.4721123
0.54,0.5041614,0.515,0.47116885
0.525,0.49593747,0.479,0.46270886
0.539,0.46319395,0.502,0.4325713
0.535,0.47756633,0.495,0.4521011
0.527,0.46759662,0.467,0.43964145
0.495,0.4425062,0.468,0.41399986
0.514,0.41772845,0.459,0.3884714
0.519,0.5372414,0.468,0.50112915
0.499,0.52736247,0.483,0.48834187
0.52,0.5136883,0.474,0.47792387
0.524,0.50410813,0.456,0.46733057
0.502,0.4873409,0.476,0.45288417
0.504,0.51173466,0.449,0.47444946
0.528,0.48844993,0.439,0.45508325
0.479,0.4964444,0.43,0.46264872
0.495,0.4369794,0.449,0.41110379
0.481,0.47545314,0.426,0.44059375
0.494,0.43889058,0.473,0.4104196
0.533,0.479082,0.504,0.4442541
0.509,0.5091102,0.502,0.47363147
0.528,0.54728097,0.503,0.51022005
0.555,0.56102514,0.512,0.5162651
0.54,0.5759593,0.497,0.5270669
0.474,0.5364517,0.509,0.4917241
0.565,0.50725055,0.552,0.47856462
0.553,0.6118439,0.498,0.5645889
0.545,0.554974,0.499,0.508678
0.517,0.52685004,0.498,0.48616517
0.542,0.49864054,0.518,0.46109152
0.57,0.5414348,0.503,0.50548744
0.571,0.54050463,0.539,0.49922878
0.588,0.5690674,0.529,0.5207272
0.545,0.5594273,0.52,0.5171758
0.567,0.5718284,0.505,0.53739196
0.574,0.5588813,0.555,0.5182414
0.602,0.60791004,0.53,0.5553561
0.567,0.60064846,0.526,0.54827225
0.55,0.56021535,0.546,0.5193098
0.526,0.5645127,0.518,0.526483
0.578,0.52911407,0.477,0.48769087
0.556,0.53160053,0.504,0.484418
0.572,0.51971364,0.548,0.48083705
0.579,0.54841214,0.555,0.5143422
0.601,0.5513249,0.542,0.5119891
0.592,0.57636297,0.521,0.5276809
0.565,0.546413,0.501,0.497915
0.581,0.52545124,0.507,0.500009
0.551,0.572114,0.53,0.53499144
0.55,0.5217414,0.546,0.48560897
0.605,0.5400145,0.628,0.49924663
0.636,0.6193792,0.577,0.5760299
0.603,0.6117385,0.534,0.57179165
0.588,0.5372962,0.528,0.50192076
0.617,0.527906,0.502,0.4865547
0.577,0.5558866,0.575,0.5139006
0.556,0.5342935,0.543,0.50312483
0.585,0.47969097,0.555,0.4480469
0.526,0.5408205,0.545,0.49609375
0.603,0.46458662,0.537,0.4272551
0.593,0.6085899,0.573,0.5621896
0.594,0.6083077,0.549,0.5597934
0.614,0.60015154,0.57,0.5532747
0.597,0.60826737,0.561,0.56238025
0.632,0.58512664,0.546,0.5472359
0.606,0.6090448,0.554,0.56370485
0.571,0.6091194,0.561,0.5638924
0.573,0.57799363,0.553,0.5358757
0.555,0.5493923,0.527,0.51051533
0.602,0.5425551,0.586,0.5047822
0.588,0.6182768,0.57,0.57567656
0.576,0.56461227,0.579,0.5232781
0.626,0.55433834,0.575,0.5156392
0.606,0.6453377,0.554,0.5946463
0.619,0.61587745,0.569,0.56558865
0.643,0.6239643,0.574,0.5724537
0.635,0.626956,0.584,0.5782823
0.668,0.62064207,0.58,0.57768
0.641,0.6869312,0.591,0.63643754
0.641,0.6343474,0.606,0.5812919
0.651,0.6566348,0.583,0.6069728
0.684,0.61826503,0.57,0.5737241
0.65,0.6580303,0.573,0.6107628
0.676,0.6309127,0.583,0.58142614
0.659,0.65122306,0.592,0.5976236
0.682,0.62973756,0.595,0.58263916
0.686,0.69494194,0.578,0.64335835
0.66,0.65450317,0.599,0.5989539
0.675,0.652814,0.622,0.59870684
0.7,0.67719275,0.618,0.6247695
0.644,0.67743826,0.623,0.63184714
0.662,0.646368,0.564,0.59872794
0.686,0.6260199,0.568,0.5742756
0.66,0.6567542,0.573,0.60044646
0.649,0.6555779,0.613,0.6042687
0.66,0.6454229,0.585,0.60069644
0.615,0.64764136,0.55,0.59815514
0.607,0.578618,0.555,0.52917504
0.662,0.5725471,0.57,0.51944405
0.634,0.6220971,0.583,0.5732451
0.637,0.6161652,0.575,0.57256556
0.611,0.6390856,0.574,0.586919
0.613,0.6372703,0.594,0.5834099
0.65,0.65876,0.553,0.60871094
0.615,0.60886467,0.543,0.56629324
0.612,0.5815534,0.563,0.5387507
0.598,0.5836892,0.601,0.5355898
0.609,0.57621866,0.603,0.5311264
0.674,0.574134,0.588,0.53580445
0.689,0.60591805,0.585,0.5607232
0.671,0.6758645,0.596,0.62101805
0.638,0.60658735,0.592,0.55636644
0.663,0.5920692,0.567,0.536321
0.677,0.66674376,0.575,0.62318397
0.64,0.67397827,0.624,0.62820864
0.65,0.6447554,0.596,0.6017165
0.636,0.6320469,0.587,0.5922914
0.584,0.63681823,0.586,0.5958739
0.651,0.5914745,0.607,0.55277675
0.616,0.6396033,0.606,0.59107435
0.63,0.6113246,0.583,0.5698684
0.616,0.63679343,0.584,0.59749943
0.624,0.6046236,0.564,0.56338733
0.645,0.59657556,0.561,0.5535571
0.637,0.6019509,0.574,0.55913794
0.648,0.6027941,0.602,0.56329834
0.64,0.6713175,0.617,0.61853194
0.639,0.6628223,0.595,0.60937256
0.651,0.6231826,0.585,0.5744372
0.6,0.6182247,0.632,0.5742105
0.649,0.6328749,0.607,0.587306
0.648,0.6823164,0.608,0.62937695
0.651,0.6569307,0.613,0.6046323
0.641,0.64727217,0.591,0.598079
0.668,0.65067333,0.584,0.606925
0.639,0.6589344,0.567,0.6096442
0.64,0.60809046,0.588,0.5598642
0.612,0.61525,0.558,0.56471896
0.601,0.55967015,0.553,0.512083
0.639,0.62374836,0.554,0.5741936
0.601,0.6278358,0.553,0.5750729
0.609,0.5899006,0.582,0.5380781
0.634,0.6130752,0.586,0.56193453
0.635,0.63849115,0.59,0.5921577
0.625,0.6455628,0.597,0.59447515
0.613,0.66719323,0.553,0.6101762
0.652,0.593269,0.584,0.5420367
0.617,0.66358185,0.601,0.6173547
0.629,0.61498886,0.557,0.5691102
0.622,0.6096239,0.573,0.5579354
0.636,0.6244137,0.595,0.5695215
0.615,0.62333757,0.551,0.5682627
0.633,0.6109176,0.559,0.56339306
0.623,0.6789047,0.544,0.6226908
0.628,0.6507024,0.567,0.594295
0.633,0.63297975,0.579,0.58103657
0.621,0.6211367,0.577,0.5744234
0.662,0.6717861,0.587,0.61778826
0.642,0.67339456,0.573,0.6158235
0.655,0.6472729,0.59,0.5905128
0.622,0.6482742,0.535,0.60059756
0.657,0.5405598,0.561,0.49874008
0.601,0.63254994,0.577,0.5786304
0.644,0.5497528,0.583,0.49889147
0.606,0.5515985,0.568,0.5024132
0.649,0.61467594,0.544,0.5746754
0.64,0.6317988,0.593,0.5875562
0.644,0.6153407,0.59,0.56898636
0.672,0.63101596,0.616,0.58864427
0.645,0.6951782,0.571,0.6487843
0.664,0.6614798,0.586,0.6182757
0.65,0.6587338,0.602,0.61236125
0.643,0.65851533,0.623,0.611985
0.641,0.69459957,0.582,0.6520132
0.665,0.654077,0.607,0.6072937
0.693,0.66904,0.63,0.61948586
0.72,0.69514793,0.641,0.6449893
0.678,0.71182066,0.634,0.66440964
0.722,0.74399525,0.608,0.6854483
1.407,0.805713,1.288,0.746448
1.404,1.3131149,1.281,1.2002784
1.403,1.4050145,1.282,1.2945353
1.486,1.3369045,1.351,1.2178135
1.453,1.451093,1.309,1.335401
1.426,1.3512182,1.347,1.2274891
1.481,1.3428507,1.382,1.2210944
1.508,1.4465328,1.388,1.3022374
1.518,1.4344596,1.362,1.3145105
1.397,1.3962178,1.29,1.2732205
1.322,1.3064944,1.189,1.184799
1.25,1.2852893,1.157,1.1667305
1.233,1.2051818,1.11,1.0969349
1.214,1.2782665,1.08,1.1908729
1.142,1.2658471,1.069,1.1772538
1.085,1.1066995,0.992,1.0060724
1.009,1.0571374,0.93,0.96052533
1.032,1.0417559,0.93,0.95220715
1.055,1.013956,0.988,0.9213618
1.09,1.0790489,1.006,0.97847795
1.122,1.0757141,1.003,0.97728854
1.141,1.1797,1.074,1.0802869
1.161,1.1891603,1.083,1.0798593
1.213,1.1955899,1.148,1.0810286
1.204,1.2878472,1.106,1.176484
1.274,1.206502,1.17,1.089571
1.287,1.3297318,1.155,1.2285371
1.33,1.2694129,1.21,1.1594609
1.363,1.3343917,1.241,1.2230446
1.34,1.3405572,1.245,1.2235944
1.398,1.3291644,1.263,1.2108067
1.453,1.3627763,1.341,1.2376763
1.518,1.4493312,1.383,1.3223102
1.526,1.4852782,1.374,1.3671973
1.543,1.5268589,1.416,1.4160202
1.574,1.5607492,1.464,1.4232987
1.647,1.5861453,1.497,1.4571909
1.629,1.6926156,1.493,1.5489643
1.652,1.6291044,1.541,1.5153992
1.692,1.6850084,1.535,1.5440531
1.703,1.6661122,1.545,1.5357933
1.751,1.7260553,1.624,1.5789348
1.799,1.7616025,1.641,1.6346946
1.815,1.8239435,1.616,1.6726496
1.85,1.7471293,1.686,1.6147844
1.868,1.8623862,1.694,1.7262391
1.91,1.8250924,1.765,1.697929
1.905,1.948763,1.766,1.7787306
1.978,1.8346833,1.821,1.6971132
2.007,1.9266136,1.868,1.7890934
2.075,1.983339,1.925,1.8482147
2.134,2.1154945,1.934,1.9622552
2.156,2.0483956,1.968,1.8996705
2.165,2.1474707,1.955,1.9896024
2.15,2.0936518,1.978,1.9422003
2.12,2.1074755,1.979,1.9453933
2.135,2.0654624,1.939,1.915992
2.084,2.1702287,1.926,2.013453
2.105,2.0894055,1.915,1.9258832
2.146,2.109468,1.924,1.9565014
2.159,2.0635686,1.979,1.9019643
2.122,2.129276,1.933,1.9622968
2.107,2.1383061,1.947,1.9802985
2.145,2.0679507,1.939,1.9110882
2.113,2.1253474,1.918,1.9578964
2.135,2.0241303,1.954,1.8820103
2.164,2.1562586,1.992,2.0030596
2.209,2.1574821,2.03,2.0017774
2.177,2.2131727,2.018,2.0567026
2.172,2.1448762,2.013,1.9922112
2.159,2.1036656,2.07,1.957607
2.239,2.1448457,2.039,1.9963582
2.207,2.1944664,2.016,2.0361228
2.24,2.1881282,2.072,2.0196047
2.162,2.2052567,2.013,2.052227
2.177,2.1264546,1.959,1.9615779
2.232,2.1530263,2.012,2.000051
2.243,2.1895735,2.05,2.0260794
2.231,2.1774495,2.073,2.0252059
2.293,2.1737742,2.091,2.0299952
2.295,2.245125,2.096,2.082531
2.271,2.2707927,2.089,2.1129012
2.282,2.1817362,2.141,2.0233238
2.339,2.2025406,2.171,2.042259
2.349,2.2756274,2.173,2.1160593
2.399,2.328301,2.165,2.1504571
2.344,2.3662565,2.166,2.1907163
2.369,2.261153,2.142,2.106211
2.386,2.2971244,2.164,2.141885
2.4,2.351219,2.161,2.1894593
2.351,2.404503,2.211,2.2346957
2.296,2.3130515,2.151,2.1530921
2.312,2.2757015,2.143,2.1253192
2.355,2.3108149,2.138,2.1515756
2.387,2.3823323,2.191,2.2194781
2.424,2.29777,2.208,2.1261277
2.388,2.325256,2.151,2.154803
2.357,2.3428009,2.182,2.1832023
2.43,2.3990176,2.213,2.2418404
2.382,2.4657476,2.213,2.2889261
2.412,2.3387926,2.201,2.1794295
2.41,2.3830993,2.199,2.2185044
2.423,2.4325364,2.224,2.2643201
2.482,2.4912581,2.226,2.3118732
2.454,2.4098039,2.221,2.2320173
2.457,2.4028103,2.222,2.2272246
2.401,2.3672783,2.248,2.1898255
2.442,2.3530526,2.204,2.1669853
2.412,2.4102752,2.235,2.2195346
2.486,2.3699243,2.288,2.196812
2.529,2.445158,2.291,2.2659638
2.542,2.446119,2.342,2.2563028
2.59,2.5105946,2.397,2.2865677
2.62,2.5418766,2.418,2.351569
2.664,2.6438065,2.407,2.4420998
2.754,2.6581879,2.518,2.4525995
2.769,2.7094703,2.531,2.4968255
2.781,2.7301724,2.526,2.5105102
2.726,2.6616294,2.527,2.4427092
2.747,2.7049634,2.539,2.4949398
2.769,2.697123,2.541,2.485393
2.771,2.7125342,2.53,2.4968483
2.692,2.6563241,2.536,2.4384
2.779,2.6772842,2.547,2.4689364
2.732,2.7530034,2.507,2.5266674
2.763,2.6834908,2.537,2.4721718
2.73,2.7356036,2.52,2.5253072
2.747,2.6617348,2.465,2.4542165
2.701,2.676387,2.486,2.4777174
2.675,2.669698,2.443,2.4451332
2.662,2.586354,2.434,2.3923779
2.64,2.5932014,2.405,2.4004228
2.592,2.5103471,2.396,2.3114667
2.561,2.5764768,2.36,2.3825686
2.571,2.4415293,2.36,2.2660618
2.544,2.4855387,2.308,2.3138003
2.507,2.4330144,2.237,2.2564986
2.469,2.4339914,2.268,2.2656307
2.458,2.43274,2.207,2.2572026
2.421,2.326809,2.214,2.1724977
2.407,2.276095,2.169,2.1111805
2.378,2.3366714,2.162,2.1819775
2.371,2.3256183,2.113,2.1657794
2.287,2.2689292,2.097,2.1136858
2.272,2.215142,2.106,2.062019
2.277,2.2839553,2.076,2.1325417
2.184,2.2238245,2.043,2.0574162
2.178,2.2113836,2.026,2.0555975
2.202,2.1474311,2.028,1.9981219
2.167,2.1387355,1.996,1.9824986
2.125,2.1302826,2.002,1.9776552
2.106,2.1371639,1.944,1.9932292
2.074,2.0418427,1.897,1.8994995
2.054,1.9755863,1.883,1.8417354
2.053,2.009824,1.893,1.8641905
2.029,2.0262785,1.891,1.8755579
1.988,1.9222852,1.856,1.7779863
2.071,1.9177613,1.872,1.774731
2.03,1.9990195,1.842,1.8413165
2.046,1.9571421,1.867,1.8039376
2.03,1.9824945,1.864,1.8317286
2.024,1.9458009,1.839,1.8049428
1.985,1.9307721,1.833,1.7881083
2.011,1.9255449,1.796,1.7833626
1.987,1.9590929,1.861,1.803633
2.036,1.9961907,1.872,1.8521235
2.036,1.9743452,1.894,1.8283377
2.06,2.0372725,1.943,1.8920691
2.188,2.021194,1.99,1.8595803
2.14,2.1226008,1.964,1.9638183
2.118,2.067991,1.947,1.9109932
2.089,2.057524,1.912,1.9004005
2.119,2.05844,1.973,1.9094815
2.185,2.0415099,2.021,1.8872505
2.164,2.0867171,1.951,1.930346
2.177,2.1036313,1.974,1.9490207
2.216,2.1059358,2.029,1.9438322
2.244,2.1219542,2.039,1.9529039
2.279,2.2130296,2.099,2.0507343
2.235,2.2893527,2.088,2.1269445
2.186,2.1927528,2.028,2.034198
2.232,2.213058,2.073,2.0584855
2.296,2.232284,2.1,2.0696537
2.293,2.3053613,2.145,2.1455245
2.306,2.1950452,2.093,2.0292642
2.271,2.2761154,2.044,2.1233401
2.218,2.1986327,2.028,2.0438251
2.247,2.1304839,2.057,1.9760244
2.325,2.2332022,2.115,2.076429
2.289,2.2937708,2.169,2.1333914
2.37,2.2377949,2.133,2.066559
2.316,2.2274413,2.103,2.0727828
2.291,2.2484,2.102,2.0899782
2.241,2.1618671,2.087,1.9982669
2.249,2.1556938,2.065,1.9938873
2.254,2.187863,2.07,2.033708
2.272,2.1824303,2.092,2.0201252
2.279,2.2315376,2.131,2.0717542
2.303,2.2763302,2.102,2.1101925
2.432,2.2426574,2.245,2.0689259
2.416,2.3339503,2.181,2.1691084
2.353,2.309223,2.191,2.1423054
2.36,2.2974303,2.16,2.1333406
2.338,2.378107,2.133,2.2228775
2.354,2.251651,2.17,2.0859675
2.357,2.2548952,2.2,2.0929568
2.352,2.3039868,2.156,2.1425261
2.349,2.3325093,2.149,2.171251
2.366,2.2229564,2.211,2.0471818
2.386,2.2576878,2.167,2.083214
2.409,2.2936213,2.176,2.117913
2.38,2.3033662,2.21,2.1197608
2.384,2.4082224,2.196,2.2255633
2.391,2.3415954,2.147,2.172197
2.405,2.2465508,2.123,2.079222
2.407,2.2546885,2.15,2.085857
2.391,2.2844777,2.205,2.1100671
2.449,2.3504908,2.21,2.1784644
2.461,2.4209638,2.258,2.252062
2.452,2.423259,2.315,2.2564352
2.463,2.40791,2.248,2.2244334
2.485,2.467435,2.314,2.286729
2.472,2.35967,2.278,2.1769996
2.506,2.4831755,2.325,2.3118286
2.564,2.472175,2.337,2.2851408
2.54,2.4602227,2.292,2.2509785
2.56,2.5223024,2.382,2.345198
2.602,2.551425,2.417,2.3783276
2.577,2.4856777,2.355,2.289843
2.58,2.5081246,2.357,2.3177416
2.568,2.5609004,2.364,2.3820727
2.557,2.5573704,2.383,2.3845618
2.596,2.4490836,2.385,2.2602315
2.638,2.4980185,2.44,2.293926
2.578,2.5621927,2.407,2.38171
2.648,2.5771492,2.427,2.397211
2.68,2.629441,2.489,2.4419227
2.683,2.67919,2.454,2.4788926
2.713,2.67672,2.457,2.479408
2.634,2.642675,2.419,2.461271
2.578,2.6068633,2.398,2.4300878
2.606,2.580212,2.414,2.4043515
2.584,2.5038483,2.356,2.3040724
2.571,2.5482976,2.347,2.3708909
2.56,2.46601,2.327,2.29311
2.523,2.4752638,2.288,2.3099415
2.502,2.452222,2.304,2.2895646
2.453,2.4607656,2.287,2.2853234
2.489,2.4378278,2.291,2.2698305
2.447,2.5100753,2.233,2.3400812
2.408,2.453606,2.232,2.286688
2.508,2.439849,2.298,2.2698762
2.514,2.5125637,2.257,2.3404899
2.467,2.5159752,2.278,2.345929
2.462,2.49876,2.296,2.3302515
2.533,2.4598463,2.311,2.284982
2.55,2.4917245,2.341,2.326239
2.605,2.5541756,2.35,2.3870263
2.607,2.56567,2.408,2.3871615
2.587,2.6445253,2.374,2.467784
2.605,2.4602675,2.386,2.2669704
2.647,2.564057,2.395,2.3727653
2.63,2.5551016,2.385,2.367633
2.592,2.5579891,2.393,2.3674488
2.532,2.5267296,2.343,2.3315637
2.488,2.5150526,2.367,2.335448
2.556,2.4437943,2.384,2.265719
2.578,2.420086,2.372,2.2299902
2.498,2.5114846,2.319,2.322241
2.514,2.4422548,2.313,2.2625961
2.502,2.4767365,2.282,2.3053703
2.551,2.4345725,2.295,2.2647989
2.59,2.4357142,2.354,2.2358692
2.532,2.5295024,2.352,2.3246343
2.575,2.5379035,2.369,2.3540545
2.542,2.4805698,2.315,2.2970319
2.603,2.538294,2.37,2.3553345
2.54,2.5409791,2.366,2.33622
2.545,2.4871886,2.32,2.3103688
2.497,2.4753997,2.338,2.2948499
2.562,2.4771273,2.366,2.3050613
2.562,2.467919,2.355,2.2809298
2.542,2.4726613,2.325,2.3007767
2.471,2.514533,2.26,2.3410594
2.5,2.3861377,2.243,2.209785
2.453,2.3871434,2.238,2.2148097
2.403,2.353728,2.217,2.179187
2.435,2.465494,2.233,2.2892294
2.483,2.384676,2.277,2.20876
2.461,2.3860354,2.229,2.2060132
2.453,2.381084,2.257,2.2048256
2.439,2.3537872,2.222,2.189541
2.484,2.3737218,2.309,2.2074215
2.522,2.4653287,2.298,2.2997117
2.506,2.4656541,2.337,2.2786074
2.488,2.4281073,2.285,2.2571743
2.537,2.4149103,2.336,2.248098
2.518,2.493612,2.335,2.3245075
2.566,2.4904416,2.288,2.3203971
2.49,2.435172,2.291,2.2613928
2.52,2.4853122,2.312,2.3136256
2.428,2.459318,2.264,2.28555
2.545,2.4472818,2.317,2.2711005
2.51,2.5100605,2.306,2.3223567
2.537,2.4584706,2.31,2.2768214
2.562,2.5038884,2.308,2.3298674
2.568,2.5417879,2.328,2.3679338
2.53,2.528049,2.352,2.3475819
2.529,2.4871364,2.271,2.3166804
2.501,2.5352972,2.331,2.360258
2.513,2.5131726,2.302,2.3411276
2.497,2.5132701,2.299,2.3338113
2.472,2.3990695,2.277,2.2154741
2.518,2.3736446,2.287,2.194543
2.57,2.3791535,2.34,2.1979356
2.535,2.4803596,2.325,2.2911415
2.569,2.4921489,2.344,2.305379
2.533,2.535921,2.339,2.350545
2.564,2.4463632,2.341,2.2586086
2.583,2.448243,2.314,2.2712033
2.521,2.47774,2.332,2.2982996
2.624,2.5170443,2.399,2.3302293
2.765,2.6407144,2.57,2.4462352
2.767,2.7453444,2.49,2.5481272
2.75,2.69324,2.52,2.4841917
2.767,2.6731884,2.567,2.4363358
2.723,2.7630718,2.543,2.5660062
1.457,2.5258245,1.361,2.3723752
1.451,1.3658023,1.318,1.2464297
1.452,1.3959812,1.35,1.2769451
1.498,1.3799492,1.383,1.2489878
1.495,1.5111841,1.404,1.3976492
1.484,1.5096871,1.399,1.400625
1.582,1.4998199,1.441,1.3874667
1.565,1.5528177,1.415,1.4345161
1.557,1.4593862,1.418,1.3361264
1.445,1.5249165,1.347,1.4159384
1.345,1.3556639,1.24,1.2335328
1.318,1.4098539,1.192,1.3005521
1.288,1.3765393,1.165,1.2631216
1.244,1.226269,1.107,1.1201118
1.193,1.2681333,1.073,1.1737777
1.158,1.1504933,1.034,1.0459223
1.04,1.1370331,0.987,1.0321902
1.095,1.123639,1.004,1.0316277
1.099,1.131827,1.025,1.0293413
1.182,1.1799039,1.09,1.0835592
1.179,1.2316306,1.056,1.1253418
1.206,1.2344517,1.089,1.1308608
1.214,1.2372092,1.138,1.123924
1.275,1.2967774,1.168,1.1873672
1.265,1.262195,1.176,1.1442302
1.331,1.2604581,1.254,1.1385303
1.391,1.3035399,1.262,1.1903608
1.337,1.3613092,1.305,1.2458125
1.392,1.3215863,1.293,1.2039305
1.42,1.3839138,1.353,1.2687297
1.45,1.4670109,1.34,1.35203
1.492,1.4038459,1.387,1.2848864
1.547,1.4516366,1.432,1.3351563
1.595,1.5406866,1.469,1.4266208
1.663,1.6380578,1.503,1.4918154
1.638,1.6513993,1.511,1.5186672
1.646,1.6529373,1.55,1.5199533
1.733,1.6344714,1.558,1.5204256
1.769,1.6846634,1.583,1.5686177
1.751,1.7065663,1.624,1.5749496
1.795,1.7629651,1.608,1.6295743
1.815,1.7948941,1.666,1.6480272
1.849,1.8078988,1.649,1.680006
1.87,1.841415,1.734,1.7005028
1.907,1.873,1.789,1.7386444
1.904,1.9245346,1.778,1.7880013
1.982,1.9412485,1.81,1.7837204
1.975,2.011316,1.845,1.8460206
2.04,1.899527,1.874,1.7609462
2.109,2.0531702,1.929,1.8885801
2.158,2.08509,2.002,1.9466797
2.184,2.1720977,2.066,2.024868
2.226,2.1030514,2.026,1.9425938
2.234,2.1536355,2.044,2.0010734
2.193,2.1993332,2.065,2.0441902
2.247,2.2118497,2.057,2.0340748
2.217,2.144117,2.021,1.9932095
2.235,2.1994402,2.046,2.038172
2.216,2.220671,2.042,2.0503292
2.26,2.2468636,2.057,2.0852945
2.235,2.1702154,2.058,2.0076714
2.203,2.2263532,2.01,2.0676415
2.196,2.1581626,2.041,2.0001092
2.25,2.2122252,2.04,2.0433216
2.176,2.2080646,2.002,2.0366907
2.245,2.0749223,2.067,1.930665
2.281,2.2300355,2.083,2.074687
2.287,2.1728072,2.098,2.0185146
2.25,2.277216,2.05,2.1204574
2.267,2.1308043,2.068,1.9843272
2.311,2.215903,2.12,2.066227
2.337,2.28689,2.136,2.130841
2.291,2.3244526,2.147,2.147712
2.324,2.2714522,2.098,2.0942276
2.302,2.2285812,2.118,2.0673873
2.272,2.2658236,2.103,2.1058798
2.294,2.266198,2.157,2.1086931
2.306,2.3282757,2.145,2.1632476
2.349,2.2086523,2.146,2.0521307
2.341,2.2174113,2.2,2.0627723
2.395,2.3348453,2.2,2.187581
2.368,2.378206,2.193,2.2191746
2.394,2.2449634,2.198,2.0790927
2.4,2.2803314,2.215,2.1160119
2.44,2.3178542,2.245,2.1472104
2.499,2.4090288,2.292,2.236546
2.427,2.4729993,2.272,2.3046095
2.485,2.3384652,2.202,2.175202
2.493,2.3431628,2.267,2.1755192
2.467,2.45687,2.262,2.2949255
2.506,2.431765,2.321,2.244999
2.416,2.4339073,2.224,2.263657
2.423,2.3746088,2.237,2.2206774
2.469,2.4156084,2.222,2.2540185
2.516,2.4949694,2.297,2.3278685
2.503,2.4181156,2.307,2.2496965
2.451,2.4188948,2.291,2.2427595
2.472,2.4048605,2.306,2.2384095
2.512,2.4637341,2.28,2.2915463
2.523,2.5189037,2.296,2.3356204
2.533,2.440484,2.308,2.2828062
2.516,2.5007408,2.305,2.3436496
2.532,2.5452163,2.323,2.37924
2.574,2.6122675,2.364,2.431618
2.558,2.4802191,2.337,2.298931
2.551,2.4971974,2.347,2.3193529
2.574,2.5268345,2.362,2.3396544
2.527,2.5056467,2.267,2.3239374
2.518,2.4717157,2.339,2.279715
2.547,2.479738,2.363,2.3059921
2.596,2.4703543,2.411,2.2793941
2.618,2.5876317,2.472,2.3984733
2.668,2.6002662,2.479,2.4047587
2.753,2.586251,2.52,2.393311
2.721,2.7166312,2.571,2.52785
2.846,2.7156951,2.63,2.5096211
2.875,2.8322487,2.626,2.6096551
2.841,2.7371123,2.687,2.5187423
2.867,2.835181,2.664,2.611367
2.889,2.8004973,2.666,2.5800102
2.855,2.820677,2.621,2.6011455
2.899,2.8170164,2.607,2.598076
2.836,2.7522807,2.648,2.5360427
2.854,2.8389273,2.651,2.6237903
2.875,2.8290272,2.609,2.5996668
2.884,2.7764094,2.634,2.5640838
2.869,2.8165352,2.639,2.5998561
2.865,2.7739785,2.641,2.565849
2.773,2.845039,2.571,2.6393936
2.803,2.7524126,2.576,2.5478032
2.769,2.7008164,2.582,2.495157
2.717,2.7343488,2.491,2.5467284
2.762,2.6711924,2.505,2.4828203
2.691,2.699005,2.473,2.508853
2.682,2.5698855,2.444,2.3888595
2.637,2.5511918,2.411,2.3670244
2.596,2.586587,2.415,2.421272
2.564,2.5362906,2.398,2.3549058
2.513,2.52325,2.295,2.3531594
2.512,2.3881087,2.319,2.234877
2.455,2.4067547,2.313,2.248767
2.465,2.420963,2.253,2.2625465
2.42,2.3419132,2.246,2.1706324
2.397,2.343989,2.248,2.1891294
2.381,2.3895328,2.194,2.2382295
2.347,2.3445342,2.164,2.1859252
2.275,2.2815483,2.143,2.1189287
2.291,2.273585,2.104,2.11526
2.268,2.2125487,2.071,2.0557256
2.25,2.191418,2.105,2.0419807
2.234,2.1943696,2.075,2.0335693
2.186,2.2037334,2.021,2.0367372
2.206,2.142175,2.038,1.9911174
2.16,2.1528919,1.959,1.9930172
2.095,2.0861883,1.976,1.9491405
2.094,2.0795815,1.942,1.9421335
2.096,2.0157757,1.962,1.8663507
2.163,2.026355,1.97,1.877096
2.095,2.0945187,1.927,1.9350333
2.142,2.0204723,1.949,1.8634733
2.09,2.0868282,1.948,1.9260944
2.126,2.0020812,1.943,1.8586446
2.106,2.0347965,1.944,1.8884091
2.06,2.0346696,1.912,1.8865854
2.052,2.006831,1.934,1.862795
2.128,1.9840328,1.966,1.8419755
2.115,2.1810763,1.988,2.0336428
2.207,2.075645,1.981,1.9269838
2.241,2.1362588,2.103,1.9752682
2.257,2.238112,2.08,2.082163
2.258,2.2017462,2.088,2.0442483
2.215,2.2662375,2.044,2.110963
2.211,2.1897845,2.074,2.0289667
2.248,2.214886,2.058,2.0566432
2.249,2.1812828,2.067,2.0213091
2.224,2.3019612,2.086,2.1482728
2.312,2.2416358,2.165,2.0836272
2.298,2.1999722,2.114,2.0233977
2.336,2.2422295,2.174,2.0821276
2.356,2.303775,2.143,2.1421673
2.289,2.2068753,2.107,2.0418298
2.363,2.2509456,2.162,2.0925875
2.375,2.3058465,2.192,2.14843
2.453,2.269336,2.236,2.099242
2.385,2.3963213,2.232,2.2249284
2.358,2.336731,2.149,2.1795642
2.337,2.2623725,2.121,2.102813
2.369,2.2964416,2.168,2.1404
2.417,2.347452,2.203,2.188358
2.393,2.379684,2.158,2.2192323
2.464,2.348814,2.228,2.1945674
2.417,2.3121808,2.198,2.1563795
2.389,2.2880847,2.273,2.1313393
2.37,2.2851586,2.194,2.119252
2.338,2.2804863,2.139,2.1200452
2.353,2.2936838,2.169,2.1386003
2.35,2.2979655,2.176,2.1414325
2.419,2.390814,2.223,2.2258477
2.429,2.375456,2.225,2.2138488
2.499,2.3983507,2.307,2.2229958
2.533,2.3979993,2.288,2.2295523
2.438,2.5354342,2.285,2.3691278
2.515,2.4712913,2.283,2.3099194
2.429,2.443182,2.287,2.2799723
2.466,2.3755076,2.245,2.2206903
2.487,2.339844,2.273,2.1719782
2.465,2.431908,2.261,2.265978
2.465,2.4093366,2.257,2.2383842
2.445,2.3599079,2.271,2.1823907
2.455,2.4350178,2.333,2.260912
2.462,2.4639533,2.281,2.2959096
2.502,2.44252,2.316,2.267167
2.522,2.484944,2.33,2.2931015
2.478,2.4169142,2.296,2.2456431
2.467,2.388395,2.24,2.2217042
2.47,2.3589964,2.317,2.188185
2.483,2.4620292,2.313,2.2856715
2.495,2.4142473,2.329,2.2401466
2.579,2.3942976,2.371,2.2160232
2.571,2.4913821,2.342,2.3116045
2.601,2.4904985,2.365,2.311751
2.583,2.4029021,2.392,2.2277586
2.598,2.448427,2.37,2.2742634
2.635,2.4540708,2.423,2.2667167
2.665,2.6021585,2.434,2.4115758
2.621,2.6143534,2.403,2.4125493
2.7,2.5087569,2.454,2.333659
2.718,2.619235,2.461,2.4328473
2.702,2.6499083,2.461,2.4725358
2.674,2.619274,2.512,2.414198
2.725,2.6674144,2.45,2.4869616
2.665,2.6431332,2.455,2.4654684
2.715,2.606362,2.519,2.4340966
2.748,2.64136,2.507,2.4568222
2.717,2.624697,2.515,2.442333
2.749,2.6430857,2.533,2.4556296
2.799,2.707171,2.533,2.5197113
2.762,2.773241,2.588,2.5758388
2.811,2.783411,2.561,2.5786774
2.754,2.7127473,2.512,2.5297275
2.688,2.6885536,2.51,2.5099232
2.71,2.6661904,2.489,2.4872808
2.658,2.6605976,2.45,2.4721618
2.681,2.5505195,2.457,2.370267
2.69,2.5782607,2.431,2.4055853
2.591,2.635126,2.415,2.4645886
2.592,2.5352533,2.411,2.3677702
2.588,2.5459049,2.391,2.3740146
2.621,2.6144192,2.38,2.440339
2.526,2.6432354,2.347,2.4691017
2.577,2.583104,2.352,2.4154656
2.546,2.4970467,2.367,2.3087454
2.587,2.544068,2.341,2.375081
2.581,2.5430844,2.42,2.3719614
2.571,2.5237644,2.373,2.3525271
2.656,2.5897775,2.424,2.4187632
2.656,2.5560453,2.465,2.384263
2.684,2.5838525,2.501,2.408238
2.725,2.6436307,2.501,2.4587445
2.75,2.7362292,2.472,2.5563643
2.72,2.617516,2.477,2.4106436
2.738,2.611907,2.555,2.414575
2.722,2.6931748,2.496,2.502406
2.716,2.650524,2.468,2.4560213
2.673,2.670502,2.456,2.476619
2.63,2.5538878,2.432,2.3656251
2.681,2.5952246,2.46,2.416354
2.709,2.5911644,2.443,2.4031837
2.664,2.6087763,2.417,2.423103
2.648,2.5433872,2.41,2.3588178
2.551,2.599663,2.388,2.4127247
2.63,2.4878466,2.404,2.3188283
2.668,2.556052,2.431,2.3768508
2.686,2.5838084,2.434,2.3921125
2.705,2.5988793,2.487,2.4127324
2.655,2.6328435,2.415,2.4510236
2.669,2.6333656,2.466,2.446535
2.649,2.651787,2.481,2.4584854
2.614,2.6566098,2.414,2.4747348
2.616,2.5823772,2.419,2.4056237
2.688,2.5647457,2.453,2.384121
2.659,2.5520277,2.459,2.3434954
2.672,2.600137,2.423,2.4213924
2.593,2.636142,2.392,2.46146
2.58,2.510822,2.437,2.338003
2.517,2.5195472,2.359,2.355574
2.514,2.4560134,2.302,2.2823784
2.561,2.38814,2.33,2.2111907
2.583,2.5964513,2.363,2.4238951
2.562,2.5547583,2.35,2.3866038
2.561,2.4816034,2.338,2.3001773
2.556,2.463126,2.339,2.2940829
2.622,2.473143,2.427,2.3047848
2.599,2.5307148,2.382,2.3491652
2.626,2.5204918,2.39,2.328884
2.621,2.5067928,2.373,2.3372846
2.652,2.5849116,2.384,2.4079719
2.645,2.5491407,2.399,2.37564
2.609,2.5613115,2.41,2.3856955
2.57,2.513393,2.366,2.3311565
2.577,2.5577028,2.392,2.3849378
2.582,2.5499048,2.354,2.3762817
2.633,2.5538702,2.409,2.3799899
2.639,2.6406486,2.397,2.4642274
2.634,2.6048486,2.449,2.427717
2.626,2.6113846,2.444,2.4312801
2.644,2.5964208,2.406,2.4231167
2.585,2.6088152,2.417,2.4355388
2.629,2.5246909,2.396,2.346445
2.652,2.5897768,2.432,2.417366
2.606,2.6221411,2.414,2.4479647
2.589,2.599391,2.404,2.4279735
2.554,2.4431374,2.39,2.264104
2.618,2.449374,2.449,2.2687645
2.652,2.5475056,2.459,2.3662841
2.646,2.5429838,2.441,2.3566418
2.672,2.5537214,2.444,2.3448272
2.638,2.6104414,2.394,2.4229925
2.689,2.561741,2.442,2.3804023
2.682,2.551696,2.455,2.369685
2.679,2.5553806,2.415,2.3535376
2.77,2.6253364,2.523,2.436568
2.849,2.7369757,2.628,2.5396461
2.881,2.807009,2.653,2.6060727
2.835,2.8233316,2.642,2.6108756
2.874,2.7868688,2.605,2.5550363
2.895,2.8193498,2.676,2.6187363
1.527,2.6605656,1.447,2.5012324
1.528,1.4495124,1.442,1.3328272
1.507,1.488081,1.472,1.3694448
1.615,1.4970632,1.498,1.368883
1.611,1.5912613,1.494,1.4798374
1.56,1.5962209,1.498,1.4874827
1.649,1.6004238,1.538,1.4919018
1.68,1.6055273,1.56,1.4575248
1.643,1.6461989,1.57,1.5306289
1.57,1.6200019,1.46,1.5095882
1.438,1.5174243,1.327,1.4094555
1.407,1.4096259,1.274,1.2945144
1.3,1.4135658,1.261,1.2896557
1.304,1.3549349,1.241,1.2603364
1.257,1.2657795,1.198,1.1595199
1.181,1.2847991,1.104,1.1821567
1.135,1.1989654,1.037,1.0956956
1.175,1.1969894,1.031,1.1006359
1.183,1.1700478,1.072,1.0644307
1.192,1.1798598,1.158,1.0724255
1.233,1.2050551,1.114,1.0949862
1.256,1.2335528,1.176,1.1205697
1.275,1.2769102,1.231,1.1605552
1.316,1.3668791,1.277,1.2605175
1.332,1.3295685,1.277,1.208767
1.387,1.3304154,1.267,1.2063711
1.434,1.3496755,1.352,1.23251
1.443,1.3966017,1.384,1.2769153
1.54,1.448986,1.382,1.3401124
1.525,1.47518,1.403,1.3527728
1.525,1.5380012,1.448,1.4042426
1.602,1.5096916,1.446,1.3906801
1.646,1.5871133,1.54,1.476399
1.681,1.6686243,1.617,1.5355034
1.744,1.6866474,1.595,1.5683845
1.739,1.697989,1.652,1.5776049
1.762,1.7095081,1.664,1.5919152
1.792,1.7329328,1.667,1.6135628
1.854,1.7696347,1.671,1.6509602
1.835,1.7991294,1.734,1.6645864
1.877,1.8188733,1.75,1.6868383
1.901,1.8578322,1.81,1.7289623
1.959,1.9529856,1.799,1.8019854
1.973,1.9613715,1.848,1.8099711
2.008,1.9037545,1.847,1.7691011
2.095,2.0174022,1.894,1.8668709
2.113,2.0771432,1.957,1.9397328
2.117,2.10546,1.971,1.9681625
2.22,2.0462217,2.049,1.9076222
2.231,2.1770027,2.082,2.0232456
2.269,2.2141168,2.104,2.045902
2.32,2.2960637,2.139,2.1107326
2.358,2.2373292,2.221,2.08242
2.375,2.3517778,2.247,2.1935823
2.351,2.393214,2.225,2.2326078
2.348,2.368832,2.221,2.1836443
2.335,2.2838104,2.175,2.1243913
2.336,2.2631295,2.216,2.1061454
2.311,2.339959,2.137,2.165095
2.384,2.3351703,2.192,2.1667037
2.381,2.2665026,2.173,2.1075616
2.347,2.268291,2.155,2.107372
2.309,2.3083274,2.175,2.1433501
2.336,2.3308916,2.188,2.1454468
2.332,2.3670087,2.158,2.1874437
2.327,2.2711713,2.172,2.1186311
2.371,2.3154585,2.254,2.1577184
2.42,2.3986528,2.251,2.2319841
2.422,2.4269695,2.268,2.2464597
2.4,2.3217845,2.253,2.168757
2.445,2.3480697,2.258,2.1846097
2.454,2.4127047,2.297,2.2403345
2.436,2.4782562,2.317,2.3121357
2.417,2.430398,2.258,2.2497866
2.435,2.334995,2.255,2.1766062
2.404,2.4060519,2.254,2.2477398
2.424,2.4059966,2.289,2.2286713
2.427,2.4292662,2.288,2.2590077
2.478,2.3306131,2.292,2.178469
2.543,2.3860567,2.337,2.2281313
2.524,2.5316846,2.347,2.374973
2.503,2.510607,2.344,2.3480284
2.52,2.3718648,2.351,2.2067666
2.581,2.414438,2.433,2.2506173
2.654,2.5523772,2.416,2.3946252
2.669,2.6090386,2.457,2.4295201
2.583,2.6112933,2.406,2.4383204
2.608,2.4682286,2.429,2.3030548
2.619,2.5430682,2.431,2.3841763
2.601,2.6016335,2.417,2.4285555
2.608,2.576397,2.451,2.390884
2.588,2.5568717,2.379,2.3918896
2.608,2.5062745,2.398,2.3380344
2.61,2.619192,2.412,2.4550638
2.625,2.6048996,2.452,2.4229658
2.623,2.5341449,2.459,2.3676982
2.609,2.5654955,2.485,2.4007466
2.618,2.6186001,2.405,2.4545937
2.616,2.5679393,2.477,2.3883812
2.657,2.6533191,2.497,2.4647732
2.635,2.5833395,2.493,2.419764
2.705,2.6269717,2.484,2.4656954
2.639,2.7147868,2.483,2.5434735
2.738,2.6485927,2.529,2.4563572
2.703,2.6554472,2.532,2.458184
2.7,2.6453454,2.528,2.463865
2.682,2.672642,2.501,2.4917676
2.667,2.597919,2.465,2.3865845
2.684,2.5912828,2.501,2.3965807
2.72,2.629757,2.475,2.4367175
2.732,2.6113245,2.597,2.409705
2.838,2.6983552,2.62,2.5141006
2.872,2.7948434,2.683,2.5911753
2.893,2.842399,2.732,2.6462603
2.927,2.869025,2.684,2.6729968
3.01,2.899895,2.849,2.6701314
3.05,2.9444563,2.83,2.7300143
3.057,2.9554322,2.824,2.7394009
3.056,2.9097898,2.823,2.6928787
3.073,2.9793117,2.831,2.7453108
3.075,2.9683597,2.804,2.7543676
3.061,2.9815843,2.846,2.7494733
3.048,3.0043318,2.837,2.7739246
2.997,3.0009341,2.835,2.7757761
3.047,2.9851105,2.849,2.764646
3.018,3.0017478,2.822,2.7761672
3.045,2.9737513,2.807,2.763842
2.988,2.97732,2.785,2.7535164
2.954,2.9117153,2.78,2.7130225
2.972,2.8929431,2.784,2.693081
2.95,2.8488092,2.749,2.6434402
2.905,2.894727,2.693,2.6930466
2.91,2.8712556,2.638,2.6809592
2.86,2.8203256,2.681,2.624669
2.821,2.7537012,2.633,2.5725493
2.775,2.756308,2.598,2.5713646
2.769,2.7341535,2.568,2.5521379
2.735,2.6749542,2.554,2.4861805
2.667,2.638303,2.467,2.4409523
2.664,2.507336,2.508,2.3467383
2.636,2.6094146,2.473,2.4458158
2.585,2.569246,2.415,2.3982544
2.593,2.5491784,2.404,2.3828762
2.558,2.5125809,2.376,2.3494217
2.491,2.4766304,2.347,2.319132
2.514,2.5116975,2.318,2.352964
2.441,2.4352868,2.281,2.277495
2.452,2.4029374,2.242,2.2423422
2.419,2.3334174,2.254,2.1792545
2.369,2.3286045,2.235,2.1715968
2.356,2.2982843,2.203,2.1444674
2.328,2.3240278,2.168,2.1555562
2.323,2.255075,2.131,2.1102202
2.293,2.2324917,2.132,2.0727124
2.228,2.2685945,2.108,2.1159084
2.183,2.1980898,2.09,2.0449584
2.222,2.1123083,2.108,1.9632837
2.269,2.1665645,2.131,2.0131686
2.216,2.1761572,2.088,2.017577
2.25,2.1905901,2.08,2.0322804
2.207,2.1683803,2.093,2.0022929
2.226,2.1456892,2.084,1.9870802
2.185,2.2193544,2.071,2.065835
2.194,2.1076386,2.036,1.950811
2.223,2.1464887,2.071,1.9903511
2.263,2.295996,2.093,2.1422997
2.28,2.2965488,2.107,2.137764
2.308,2.2703986,2.143,2.1108053
2.373,2.2782753,2.24,2.1169095
2.377,2.3816931,2.191,2.227101
2.376,2.3405411,2.196,2.171598
2.318,2.3754709,2.194,2.2147152
2.358,2.2813091,2.211,2.1166434
2.403,2.3181324,2.273,2.1553662
2.413,2.4724529,2.252,2.3164198
2.397,2.4777644,2.28,2.3234844
2.433,2.322396,2.245,2.1528885
2.456,2.3511755,2.292,2.1927645
2.493,2.36823,2.314,2.1991343
2.51,2.4768257,2.318,2.3097074
2.468,2.48295,2.28,2.3133926
2.51,2.40018,2.325,2.2357466
2.522,2.5219846,2.363,2.3588972
2.564,2.5452137,2.395,2.3812485
2.551,2.5591905,2.362,2.3930259
2.497,2.5207489,2.307,2.3627684
2.409,2.416277,2.317,2.2612245
2.482,2.3975625,2.323,2.2287
2.531,2.425582,2.372,2.2537103
2.535,2.4774683,2.346,2.312971
2.593,2.4342172,2.423,2.2547011
2.542,2.4713726,2.395,2.3100061
2.513,2.4907374,2.382,2.3276303
2.492,2.4751213,2.294,2.310947
2.427,2.4379134,2.343,2.2805586
2.502,2.384918,2.341,2.2292542
2.48,2.4435143,2.309,2.281857
2.529,2.4693778,2.363,2.3044534
2.567,2.485567,2.368,2.3222587
2.664,2.5249016,2.47,2.3455286
2.677,2.5511057,2.452,2.381513
2.663,2.631317,2.424,2.4609823
2.591,2.5950725,2.457,2.4297416
2.578,2.5716488,2.402,2.4117734
2.593,2.4941933,2.425,2.3353589
2.603,2.4899728,2.43,2.3234773
2.577,2.5323908,2.43,2.371208
2.596,2.5203977,2.449,2.3485925
2.643,2.497615,2.431,2.3159294
2.635,2.5295856,2.414,2.35632
2.641,2.527302,2.488,2.3508167
2.686,2.5775564,2.54,2.3993275
2.695,2.6546507,2.48,2.451967
2.64,2.6112452,2.484,2.437291
2.642,2.5882828,2.407,2.4111896
2.645,2.5599675,2.455,2.382913
2.608,2.5944278,2.479,2.4096682
2.658,2.5325546,2.491,2.354258
2.716,2.5882175,2.555,2.4092913
2.753,2.6688426,2.531,2.4923005
2.7,2.6779141,2.509,2.5066018
2.744,2.625046,2.564,2.4394135
2.752,2.671531,2.536,2.4952428
2.76,2.6779895,2.62,2.5045888
2.793,2.7114844,2.653,2.5081651
2.781,2.7704847,2.562,2.5622017
2.824,2.713258,2.616,2.533622
2.867,2.7570643,2.647,2.5773063
2.827,2.763312,2.63,2.5642252
2.861,2.74485,2.653,2.5351772
2.846,2.7894995,2.678,2.6082366
2.852,2.7714398,2.649,2.5887923
2.849,2.7378316,2.658,2.5395563
2.933,2.7687378,2.724,2.5802352
2.931,2.8109043,2.679,2.6204355
2.941,2.817827,2.764,2.633095
2.947,2.886126,2.749,2.695785
2.97,2.911695,2.75,2.7011065
2.941,2.9312994,2.763,2.7255208
2.924,2.8687408,2.736,2.6853611
2.869,2.8545573,2.645,2.6758063
2.878,2.817248,2.678,2.632367
2.854,2.7938216,2.637,2.5934062
2.828,2.7340782,2.665,2.5483186
2.839,2.7228067,2.621,2.5407608
2.795,2.7313473,2.578,2.5524335
2.751,2.7357168,2.598,2.5612693
2.738,2.7047462,2.544,2.5215096
2.763,2.7025282,2.582,2.5277932
2.738,2.7586536,2.509,2.585049
2.723,2.7391336,2.506,2.5707498
2.754,2.6726754,2.53,2.4927828
2.705,2.6404223,2.553,2.465862
2.789,2.666232,2.579,2.495082
2.725,2.7383235,2.515,2.5662382
2.813,2.715214,2.618,2.5418177
2.826,2.7613022,2.616,2.585095
2.874,2.7455425,2.706,2.5627077
2.928,2.8419929,2.673,2.663167
2.855,2.8792717,2.635,2.6964235
2.871,2.6916788,2.673,2.4974124
2.89,2.7689984,2.684,2.5690622
2.878,2.768418,2.712,2.5695705
2.864,2.8043578,2.69,2.6077087
2.816,2.813945,2.641,2.5948353
2.795,2.7083476,2.597,2.5170925
2.842,2.6968763,2.642,2.512864
2.771,2.7665887,2.649,2.584919
2.843,2.6847608,2.646,2.4719162
2.786,2.7633011,2.591,2.5784273
2.752,2.7229946,2.568,2.539962
2.763,2.698829,2.59,2.5231895
2.815,2.7008924,2.59,2.5059633
2.837,2.718564,2.621,2.5231998
2.842,2.754282,2.684,2.569556
2.856,2.7984495,2.643,2.6123776
2.894,2.8254623,2.644,2.6270978
2.854,2.8129098,2.636,2.614366
2.785,2.7718282,2.6,2.5928926
2.802,2.7129714,2.601,2.5326378
2.835,2.7211144,2.652,2.5297003
2.83,2.7802572,2.659,2.5922964
2.814,2.776713,2.601,2.5940704
2.77,2.7633045,2.56,2.584158
2.738,2.7283118,2.539,2.5531304
2.693,2.6464975,2.485,2.4790318
2.662,2.5740921,2.467,2.3966534
2.637,2.653121,2.536,2.4756415
2.72,2.6186812,2.506,2.4459238
2.723,2.6191626,2.521,2.4312985
2.67,2.635119,2.526,2.4517095
2.705,2.673305,2.519,2.4952369
2.727,2.60969,2.56,2.428374
2.769,2.705386,2.551,2.5348
2.785,2.6879003,2.616,2.511212
2.83,2.7276027,2.561,2.5464394
2.785,2.7146642,2.556,2.53768
2.803,2.6816726,2.587,2.5054185
2.755,2.6750858,2.583,2.489858
2.698,2.6448402,2.541,2.4473355
2.753,2.685562,2.576,2.5119967
2.746,2.7027786,2.56,2.5250995
2.787,2.749629,2.606,2.5781906
2.781,2.7719102,2.596,2.5864687
2.808,2.7344644,2.616,2.55734
2.807,2.7412553,2.595,2.561378
2.829,2.7520378,2.599,2.5704577
2.788,2.755736,2.556,2.576165
2.709,2.674538,2.588,2.4936106
2.804,2.6781528,2.613,2.503068
2.788,2.7519634,2.595,2.5772877
2.746,2.725175,2.561,2.5491304
2.728,2.6173356,2.534,2.4358418
2.799,2.6399226,2.571,2.4609017
2.771,2.6594822,2.628,2.4686453
2.852,2.6909883,2.592,2.4944694
2.802,2.7010632,2.639,2.485266
2.795,2.7131174,2.639,2.5292485
2.802,2.7253985,2.651,2.5395372
2.812,2.7320035,2.649,2.5389924
2.788,2.7434454,2.594,2.549212
2.932,2.7265418,2.678,2.5384052
3.036,2.8293025,2.849,2.624351
3.02,2.9776003,2.861,2.7729995
3.072,2.9357023,2.825,2.70984
3.045,2.9737785,2.816,2.7543468
3.064,2.9621637,2.846,2.7519298
